geo,name,1800,1801,1802,1803,1804,1805,1806,1807,1808,1809,1810,1811,1812,1813,1814,1815,1816,1817,1818,1819,1820,1821,1822,1823,1824,1825,1826,1827,1828,1829,1830,1831,1832,1833,1834,1835,1836,1837,1838,1839,1840,1841,1842,1843,1844,1845,1846,1847,1848,1849,1850,1851,1852,1853,1854,1855,1856,1857,1858,1859,1860,1861,1862,1863,1864,1865,1866,1867,1868,1869,1870,1871,1872,1873,1874,1875,1876,1877,1878,1879,1880,1881,1882,1883,1884,1885,1886,1887,1888,1889,1890,1891,1892,1893,1894,1895,1896,1897,1898,1899,1900,1901,1902,1903,1904,1905,1906,1907,1908,1909,1910,1911,1912,1913,1914,1915,1916,1917,1918,1919,1920,1921,1922,1923,1924,1925,1926,1927,1928,1929,1930,1931,1932,1933,1934,1935,1936,1937,1938,1939,1940,1941,1942,1943,1944,1945,1946,1947,1948,1949,1950,1951,1952,1953,1954,1955,1956,1957,1958,1959,1960,1961,1962,1963,1964,1965,1966,1967,1968,1969,1970,1971,1972,1973,1974,1975,1976,1977,1978,1979,1980,1981,1982,1983,1984,1985,1986,1987,1988,1989,1990,1991,1992,1993,1994,1995,1996,1997,1998,1999,2000,2001,2002,2003,2004,2005,2006,2007,2008,2009,2010,2011,2012,2013,2014,2015,2016,2017,2018,2019,2020,2021,2022,2023,2024,2025,2026,2027,2028,2029,2030,2031,2032,2033,2034,2035,2036,2037,2038,2039,2040,2041,2042,2043,2044,2045,2046,2047,2048,2049,2050,2051,2052,2053,2054,2055,2056,2057,2058,2059,2060,2061,2062,2063,2064,2065,2066,2067,2068,2069,2070,2071,2072,2073,2074,2075,2076,2077,2078,2079,2080,2081,2082,2083,2084,2085,2086,2087,2088,2089,2090,2091,2092,2093,2094,2095,2096,2097,2098,2099,2100
afg,Afghanistan,28.21,28.2,28.19,28.18,28.17,28.16,28.15,28.14,28.13,28.12,28.11,28.1,28.09,28.08,28.07,28.06,28.05,28.04,28.03,28.02,28.01,28,27.99,27.98,27.97,27.95,27.94,27.93,27.92,27.91,27.9,27.89,27.88,27.87,27.86,27.85,27.84,27.83,27.82,27.81,27.8,27.79,27.78,27.77,27.76,27.75,27.74,27.73,27.72,27.71,27.7,27.92,28.14,28.36,28.58,28.8,29.01,29.23,29.45,29.67,29.89,30.1,30.32,30.54,30.76,30.96,31.18,31.4,31.61,31.83,32.05,32.26,32.48,32.69,32.91,33.12,33.34,33.56,33.77,33.98,34.2,34.41,34.63,34.84,35.06,35.27,35.48,35.7,35.91,36.12,36.34,36.55,36.76,36.97,37.19,37.4,37.61,37.82,38.03,38.24,38.46,38.67,38.88,39.09,39.3,39.51,39.71,39.92,40.13,40.33,40.54,40.75,40.96,41.17,41.38,41.59,41.8,42.01,11.02,42.42,42.63,42.84,43.05,43.25,43.46,43.67,43.87,44.08,44.29,44.49,44.7,44.91,45.11,45.32,45.52,45.73,45.93,46.14,46.34,46.55,46.75,46.99,47.23,47.45,47.69,47.93,48.16,48.4,48.62,48.86,49.1,49.5,49.7,50.1,50.1,50.8,51,51.4,51.7,52,52.3,52.6,52.9,53.1,53.3,53.6,53.8,54.1,54.3,54.6,54.8,55,55.2,55.3,55.4,55.6,55.8,55.9,53.7,51.9,51.4,51.9,50.5,46.9,43.8,46.5,48,50.3,52.9,57.7,59,58.8,59.2,59.6,59.5,60.3,60.9,60.6,59.4,61.1,61.2,61.3,62.1,63.1,63.5,63.8,64,64.3,64.7,65.2,65.6,66,66.3,66.7,66.5,66.3,66.5,66.6,66.3,66.2,64.6,62,68,68.5,68.81,69.02,69.33,69.54,69.75,69.95,70.16,70.37,70.58,70.78,70.99,71.2,71.41,71.61,71.72,71.93,72.03,72.24,72.44,72.55,72.76,72.86,73.07,73.17,73.27,73.48,73.59,73.79,73.9,74,74.21,74.31,74.52,74.62,74.73,74.93,75.04,75.14,75.35,75.45,75.56,75.77,75.87,75.97,76.08,76.28,76.39,76.49,76.6,76.8,76.91,77.01,77.11,77.32,77.43,77.53,77.63,77.84,77.94,78.05,78.26,78.36,78.46,78.57,78.67,78.88,78.98,79.09,79.19,79.29,79.5,79.61,79.71,79.81,80.02,80.12,80.23
ago,Angola,26.98,26.98,26.98,26.98,26.98,26.98,26.98,26.98,26.98,26.98,26.98,26.98,26.98,26.98,26.98,26.98,26.98,26.98,26.98,26.98,26.98,26.98,26.98,26.98,26.98,26.98,26.98,26.98,26.98,26.98,26.98,26.98,26.98,26.98,26.98,26.98,26.98,26.98,26.98,26.98,26.98,26.98,26.98,26.98,26.98,26.98,26.98,26.98,26.98,26.98,26.98,27.07,27.16,27.25,27.34,27.42,27.51,27.6,27.69,27.78,27.87,27.96,28.05,28.13,28.22,28.31,28.4,28.49,28.58,28.67,28.76,28.84,28.93,29.02,29.11,29.2,29.29,29.38,29.47,29.55,29.64,29.73,29.82,29.91,30,30.09,30.18,30.26,30.35,30.44,30.53,30.62,30.71,30.8,30.89,30.97,31.06,31.15,31.24,31.33,31.42,31.51,31.6,31.68,31.77,31.86,31.95,32.04,32.13,32.22,32.31,32.39,32.48,32.57,32.66,32.75,32.84,32.93,12.76,33.1,33.19,33.28,33.37,33.46,33.55,33.64,33.73,33.81,33.9,33.99,34.08,34.17,34.26,34.35,34.44,34.52,34.61,34.7,34.79,34.88,34.97,35.54,36.12,36.7,37.27,37.85,38.44,39.02,39.61,40.21,40.8,41,41.2,41.3,41.3,41.4,41.5,41.6,41.7,41.8,41.9,40.5,40.7,40.8,41,41.3,41.7,42,42.3,42.7,43,43.4,43.8,44.2,44.6,44.9,45.2,45.5,45.8,46.1,46.4,46.7,47,47.2,47.4,47.7,47.9,48.2,48.3,49.3,49.7,50.4,50.5,49.2,50.6,51.6,52.6,53.1,53.1,53.3,54,54.4,55.1,55.8,56.4,57.1,57.4,58.3,59,59.5,60,60.5,61.1,61.7,62.3,62.7,63,63.3,63.6,63.8,62.8,61.8,64,64.3,64.5,64.7,64.9,65.1,65.2,65.39,65.59,65.79,65.89,66.09,66.19,66.39,66.59,66.69,66.89,66.99,67.09,67.29,67.39,67.58,67.68,67.78,67.98,68.08,68.18,68.38,68.48,68.58,68.78,68.88,68.98,69.08,69.28,69.38,69.48,69.58,69.77,69.87,69.97,70.17,70.27,70.37,70.57,70.67,70.77,70.87,70.97,71.17,71.27,71.37,71.47,71.67,71.77,71.86,71.96,72.16,72.26,72.36,72.46,72.56,72.66,72.86,72.96,73.06,73.16,73.36,73.46,73.56,73.66,73.76,73.95,74.05,74.15,74.35,74.45,74.55,74.65
alb,Albania,35.4,35.4,35.4,35.4,35.4,35.4,35.4,35.4,35.4,35.4,35.4,35.4,35.4,35.4,35.4,35.4,35.4,35.4,35.4,35.4,35.4,35.4,35.4,35.4,35.4,35.4,35.4,35.4,35.4,35.4,35.4,35.4,35.4,35.4,35.4,35.4,35.4,35.4,35.4,35.4,35.4,35.4,35.4,35.4,35.4,35.4,35.4,35.4,35.4,35.4,35.4,35.4,35.41,35.41,35.42,35.42,35.42,35.43,35.43,35.44,35.44,35.44,35.45,35.45,35.46,35.46,35.46,35.47,35.47,35.48,35.48,35.48,35.49,35.49,35.5,35.5,35.5,35.51,35.51,35.52,35.52,35.52,35.53,35.53,35.54,35.54,35.55,35.55,35.55,35.56,35.56,35.57,35.57,35.57,35.58,35.58,35.59,35.59,35.59,35.6,35.6,35.61,35.61,35.61,35.62,35.62,35.63,35.63,35.63,35.64,35.64,35.65,35.65,35.65,35.66,35.66,35.67,35.67,19.58,35.68,35.68,35.69,35.69,35.69,35.7,35.7,35.71,35.71,35.71,35.72,36.62,37.53,38.44,39.35,40.25,41.16,42.07,42.98,43.89,43.44,42.43,41.96,40.48,37.48,34.48,47.66,50.73,52.28,53.22,54.16,55.1,55.6,56.2,56.7,57.3,58,58.8,59.7,60.5,61.2,61.8,62.4,62.8,63.4,64,64.6,65.1,65.6,66.1,66.5,67,67.6,68.1,68.7,69.2,69.7,70.1,70.5,70.8,71.1,71.3,71.4,71.5,71.5,71.5,71.4,71.6,71.7,71.7,71.8,71.9,72.1,72.5,72.9,73.3,73.6,73.7,72.2,74.5,74.9,75.1,75.5,75.6,75.7,76,76.3,76.9,77.4,77.6,77.9,78.1,78.3,78.4,78.5,78.5,78.5,78.7,78.8,78.9,78.9,77.4,76.9,78.7,79.6,79.8,80,80.1,80.3,80.5,80.7,80.8,81,81.2,81.4,81.5,81.7,81.9,82.1,82.2,82.4,82.5,82.7,82.9,83,83.2,83.3,83.5,83.6,83.8,83.9,84.1,84.2,84.4,84.5,84.7,84.8,84.9,85.1,85.2,85.3,85.5,85.6,85.7,85.9,86,86.1,86.2,86.4,86.5,86.6,86.7,86.8,86.9,87.1,87.2,87.3,87.4,87.5,87.6,87.7,87.8,88,88.1,88.2,88.3,88.4,88.5,88.6,88.7,88.8,88.9,89.1,89.2,89.3,89.4,89.5,89.6,89.7,89.8,89.9,90
and,Andorra,,,,,,,,,,,,,,,,,,,,,,,,,,,,,,,,,,,,,,,,,,,,,,,,,,,,,,,,,,,,,,,,,,,,,,,,,,,,,,,,,,,,,,,,,,,,,,,,,,,,,,,,,,,,,,,,,,,,,,,,,,,,,,,,,,,,,,,,,,,,,,,,,,,,,,,70,70.3,70.6,71,71.3,71.6,71.8,72.1,72.4,72.6,72.9,73.1,73.4,73.6,73.9,74.1,74.3,74.6,74.9,75.2,75.4,75.6,75.8,76.1,76.4,76.7,76.8,77.1,77.4,77.6,77.8,77.8,78,78.3,78.5,78.6,78.7,78.9,79.1,79.2,79.4,79.5,79.7,79.8,80,80.1,80.3,80.4,80.6,80.7,80.8,81.2,81.4,81.7,81.9,82.1,82.3,82.5,82.6,82.7,82.7,82.9,83.1,83.2,83.3,83.4,83.6,83.7,83.8,83.9,82.7,83.4,83.2,83.9,84.1,84.2,84.4,84.5,84.6,84.8,84.9,85,85.2,85.3,85.4,85.5,85.7,85.8,85.9,86,86.2,86.3,86.4,86.5,86.7,86.8,86.9,87,87.2,87.3,87.4,87.5,87.6,87.8,87.9,88,88.1,88.19,88.29,88.49,88.59,88.69,88.79,88.89,88.99,89.09,89.29,89.39,89.49,89.59,89.69,89.79,89.89,89.99,90.09,90.19,90.29,90.39,90.49,90.59,90.79,90.89,90.99,91.09,91.19,91.29,91.39,91.49,91.59,91.69,91.79,91.89,92.09,92.19,92.29,92.39,92.49,92.59,92.69,92.79,92.89
are,UAE,30.7,30.7,30.7,30.7,30.7,30.7,30.7,30.7,30.7,30.7,30.7,30.7,30.7,30.7,30.7,30.7,30.7,30.7,30.7,30.7,30.7,30.7,30.7,30.7,30.7,30.7,30.7,30.7,30.7,30.7,30.7,30.7,30.7,30.7,30.7,30.7,30.7,30.7,30.7,30.7,30.7,30.7,30.7,30.7,30.7,30.7,30.7,30.7,30.7,30.7,30.7,30.73,30.76,30.79,30.82,30.84,30.87,30.9,30.93,30.96,30.99,31.02,31.05,31.07,31.1,31.13,31.16,31.19,31.22,31.25,31.28,31.31,31.33,31.36,31.39,31.42,31.45,31.48,31.51,31.54,31.56,31.59,31.62,31.65,31.68,31.71,31.74,31.77,31.8,31.82,31.85,31.88,31.91,31.94,31.97,32,32.03,32.05,32.08,32.11,32.14,32.17,32.2,32.23,32.26,32.28,32.31,32.34,32.37,32.4,32.43,32.46,32.49,32.52,32.54,32.57,32.6,32.63,27.07,32.69,32.72,32.75,32.77,32.8,32.83,32.86,32.89,32.92,32.95,32.98,33.01,33.03,33.06,33.09,33.12,33.15,33.18,33.21,33.24,33.26,33.29,33.3,33.31,33.33,33.33,33.34,35.68,38.04,40.39,42.74,45.1,45.9,46.8,47.4,48.2,49,49.7,50.3,51,51.7,52.4,53.1,53.8,54.5,55.3,56.1,56.9,57.7,58.4,59.1,59.5,60.5,61.2,61.8,62.3,62.9,63.4,63.9,64.3,64.6,65.1,65.8,66.5,66.8,67.9,68.5,69,69.4,69.7,70,70.4,70.8,71.2,71.4,71.6,71.9,72.2,72.4,72.4,72.5,72.7,72.9,73.4,73.9,74.2,74.6,74.9,75.1,75.4,75.9,76.5,77,77.5,78,78.3,78.5,78.9,79.2,79.5,79.8,79.5,79.5,80.1,80.1,80.29,80.39,80.58,80.68,80.87,81.07,81.16,81.36,81.45,81.55,81.74,81.84,81.94,82.13,82.23,82.32,82.52,82.61,82.71,82.9,83,83.1,83.29,83.39,83.48,83.58,83.68,83.77,83.87,83.96,84.06,84.16,84.25,84.35,84.45,84.54,84.64,84.74,84.83,84.93,85.03,85.12,85.22,85.32,85.41,85.61,85.7,85.8,85.9,85.99,86.09,86.09,86.19,86.28,86.38,86.48,86.57,86.67,86.67,86.77,86.86,87.06,87.15,87.25,87.35,87.44,87.54,87.64,87.73,87.83,87.93,88.02,88.12,88.22,88.31,88.41,88.51
arg,Argentina,33.2,33.2,33.2,33.2,33.2,33.2,33.2,33.2,33.2,33.2,33.2,33.2,33.2,33.2,33.2,33.2,33.2,33.2,33.2,33.2,33.2,33.2,33.2,33.2,33.2,33.2,33.2,33.2,33.2,33.2,33.2,33.2,33.2,33.2,33.2,33.2,33.2,33.2,33.2,33.2,33.2,33.2,33.2,33.2,33.2,33.2,33.2,33.2,33.2,33.2,33.2,33.21,33.22,33.23,33.23,33.24,33.25,33.26,33.27,33.28,33.29,33.29,33.3,33.31,33.32,33.33,33.34,33.35,33.35,33.36,33.37,33.38,33.39,33.4,33.41,33.41,33.4,33.39,33.38,33.37,33.36,33.26,33.17,33.08,32.99,32.89,33.19,33.48,33.77,34.06,34.35,34.22,34.09,33.95,33.82,33.69,34.4,35.12,35.84,36.56,37.27,37.87,38.47,39.07,39.67,40.26,41.04,41.83,42.61,43.39,44.17,44.73,45.29,45.85,46.41,46.97,47.8,48.63,42.49,50.28,51.11,51.61,52.11,52.61,53.12,53.62,53.98,54.34,54.7,55.06,55.42,55.44,55.45,55.46,55.48,55.49,56.49,57.48,58.48,59.48,60.47,61.1,61.73,62.36,62.98,63.61,63.53,63.45,63.36,63.28,63.2,63.6,64,64.1,64.4,64.3,64.6,64.4,65,65.1,65.2,65.5,65.6,65.6,65.7,65.9,66.4,66.4,66.1,65.9,66.3,66.7,67,67.2,67,67.2,66.8,67.8,69.1,69.8,70,70.3,71.1,70.9,70.9,71.7,72,71.9,72,72.2,72.3,72.6,72.6,72.8,73.3,73.2,73.4,73.6,73.6,73.6,74.2,74.3,74.3,74.3,74.8,75.2,75.4,75.1,75.6,75.8,75.7,76,76.1,76.3,76.6,76.6,76.4,76.9,77.2,77.5,76.4,74.6,76.3,77.6,77.7,77.9,78,78.2,78.3,78.5,78.6,78.8,78.9,79.1,79.2,79.4,79.5,79.71,79.81,80.01,80.11,80.31,80.41,80.61,80.71,80.91,81.01,81.21,81.31,81.51,81.61,81.71,81.91,82.01,82.21,82.31,82.51,82.61,82.71,82.91,83.01,83.11,83.31,83.41,83.62,83.72,83.82,84.02,84.12,84.22,84.42,84.52,84.62,84.82,84.92,85.02,85.12,85.32,85.42,85.52,85.62,85.72,85.92,86.02,86.12,86.22,86.32,86.52,86.62,86.72,86.82,86.92,87.02,87.22,87.33,87.43,87.53,87.63,87.73,87.83,87.93
arm,Armenia,34,34,34,34,34,34,34,34,34,34,34,34,34,34,34,34,34,34,34,34,34,34,34,34,34,34,34,34,34,34,34,34,34,34,34,34,34,34,34,34,34,34,34,34,34,34,34,34,34,34,34,33.98,33.96,33.94,33.92,33.9,33.88,33.86,33.84,33.82,33.8,33.78,33.76,33.74,33.2,32.66,32.12,31.59,31.05,31.07,31.1,31.13,31.15,31.18,31.36,31.54,31.72,31.89,32.07,32.25,32.43,32.6,32.78,32.96,33.14,33.31,33.49,33.66,33.84,34.01,34.19,34.37,34.54,34.71,34.89,35.06,35.24,35.41,35.22,35.04,34.86,35.08,35.31,35.53,35.75,35.97,36.19,36.41,36.63,36.85,37.07,39.89,40.28,38.17,37.75,37.34,37.32,34.41,25.94,35.52,26.87,36.44,37.38,38.19,40.56,39.67,42.71,42.04,43.46,42.25,41.56,40.03,37.63,31.42,43.72,45.16,46.72,45.76,47.33,49.58,47.21,26.56,23.28,21.41,28.54,37.54,53.9,46.35,53.99,56.63,58.8,58.9,59.1,59.1,59.2,59.4,59.6,59.9,60.3,60.7,61.3,62,62.7,63.3,64,64.6,65.3,65.8,66.3,66.8,67.1,67.4,67.7,68,68.3,68.5,68.8,69.2,69.6,70.2,70.7,71.1,71.3,71.3,71.4,71.4,71.4,71.4,55.6,70.9,70.4,69.9,69.4,69.4,69.8,70.2,70.7,71.4,72,72.3,72.6,72.8,72.8,72.9,73,73.2,73.3,73.3,73.5,73.8,74,74.3,74.6,75.1,75.4,75.8,76,76.4,77,77.3,70.7,75,77.6,79.6,79.71,79.92,80.13,80.23,80.44,80.65,80.76,80.97,81.18,81.28,81.49,81.6,81.81,81.91,82.12,82.33,82.44,82.65,82.75,82.96,83.07,83.28,83.39,83.6,83.81,83.91,84.12,84.23,84.44,84.54,84.75,84.86,85.07,85.17,85.38,85.49,85.59,85.8,85.91,86.12,86.22,86.33,86.54,86.65,86.86,86.96,87.07,87.28,87.38,87.49,87.59,87.8,87.91,88.01,88.12,88.33,88.43,88.54,88.75,88.85,88.96,89.06,89.17,89.38,89.48,89.59,89.69,89.8,90.01,90.12,90.22,90.33,90.54,90.64,90.75,90.85,91.06
atg,Antigua and Barbuda,33.54,33.54,33.54,33.54,33.54,33.54,33.54,33.54,33.54,33.54,33.54,33.54,33.54,33.54,33.54,33.54,33.54,33.54,33.54,33.54,33.54,33.54,33.54,33.54,33.54,33.54,33.54,33.54,33.54,33.54,33.54,33.54,33.54,33.54,33.54,33.54,33.54,33.54,33.54,33.54,33.54,33.54,33.54,33.54,33.54,33.54,33.54,33.54,33.54,33.54,33.54,33.55,33.56,33.56,33.57,33.58,33.59,33.59,33.6,33.61,33.62,33.62,33.63,33.64,33.65,33.66,33.66,33.67,33.68,33.69,33.69,33.7,33.71,33.72,33.72,33.73,33.74,33.75,33.76,33.76,33.77,33.78,33.79,33.79,33.8,33.81,33.82,33.82,33.83,33.84,33.85,33.86,33.86,33.87,33.88,33.89,33.89,33.9,33.91,33.92,33.92,33.93,33.94,33.95,33.96,33.96,33.97,33.98,33.99,33.99,34,34.01,34.02,34.02,34.03,34.04,34.05,34.06,22.09,34.07,34.08,34.09,34.93,35.78,36.63,37.48,38.33,39.18,40.03,40.89,41.73,42.59,43.44,44.3,45.14,46,46.86,47.71,48.56,49.42,50.28,51.18,52.09,52.98,53.88,54.79,55.69,56.58,57.48,58.4,59.3,59.7,59.9,60.1,60.2,60.5,60.9,61.4,62,62.5,63.1,63.8,64.3,64.9,65.4,65.9,66.4,66.9,67.4,67.9,68.3,68.7,69.1,69.3,69.5,69.6,69.8,69.9,70.2,70.5,70.9,71.2,71.5,71.8,72.1,72.3,72.5,72.7,72.9,73,73.3,73.4,73.6,73.7,73.9,73.8,74.1,73.1,74.4,74.7,75.1,75.2,75.5,75.7,75.9,76.1,76.5,76.7,77,77.4,77.5,77.7,77.7,77.6,77.7,77.7,77.6,77.6,77.8,77.9,77.3,76.3,77.3,77.8,78,78.1,78.3,78.5,78.7,78.8,79,79.2,79.3,79.5,79.7,79.91,80.01,80.21,80.41,80.51,80.71,80.91,81.01,81.21,81.31,81.51,81.71,81.81,82.01,82.11,82.31,82.41,82.61,82.71,82.91,83.01,83.21,83.31,83.51,83.61,83.72,83.92,84.02,84.12,84.32,84.42,84.52,84.72,84.82,84.92,85.02,85.22,85.32,85.42,85.52,85.72,85.82,85.92,86.02,86.12,86.32,86.42,86.52,86.62,86.72,86.92,87.02,87.12,87.22,87.32,87.42,87.63,87.73,87.83,87.93,88.03,88.13,88.23,88.43,88.53,88.63
aus,Australia,34.05,34.05,34.05,34.05,34.05,34.05,34.05,34.05,34.05,34.05,34.05,34.05,34.05,34.05,34.05,34.05,34.05,34.05,34.05,34.05,34.05,34.05,34.05,34.05,34.05,34.05,34.05,34.05,34.05,34.05,34.05,34.05,34.05,34.05,34.05,34.05,34.05,34.05,34.05,34.05,34.05,34.05,34.05,34.05,34.05,34.05,34.05,34.05,34.05,34.05,34.05,34.05,34.05,34.05,34.06,34.06,34.06,34.06,34.06,34.06,34.06,34.07,34.07,34.07,34.07,34.07,34.07,34.07,34.08,34.08,34.08,34.61,35.14,35.67,36.21,36.74,37.27,37.79,38.33,38.86,39.39,39.92,40.45,40.99,41.52,42.05,42.58,43.12,43.65,44.18,44.71,45.24,45.77,46.3,46.84,47.37,47.9,48.44,48.97,49.5,50.03,50.57,51.09,51.62,52.16,52.69,53.22,53.76,54.29,54.83,55.36,55.89,56.43,56.96,57.49,58.02,58.55,59.09,54.96,60.15,60.69,61.22,63.08,61.92,62.72,63.42,63.14,63.11,63.17,63.36,65.18,65.61,65.92,65.75,65.11,65.38,65.51,66.07,66.11,66.07,66.51,66.39,66.13,66.66,68.3,68.73,68.24,68.86,68.78,69.41,69.3,69.2,69.4,69.8,70.1,70.3,70.3,70.6,70.9,70.8,71,71.2,71.2,71.1,70.9,71,71,71.1,71,71.1,71,71.3,71.7,71.8,71.8,72.3,72.6,73.1,73.6,74.1,74.4,74.6,74.7,75.1,75.3,75.4,75.8,76,76.1,76.2,76.8,77.2,77.4,77.7,77.8,78.1,78.3,78.6,78.9,79.2,79.6,79.9,80.1,80.5,80.8,81.2,81.4,81.4,81.4,81.7,82,82.1,82.4,82.5,82.5,82.6,82.8,83.1,83.3,83.3,83.8,83.7,83.1,83.9,84.1,84.2,84.3,84.5,84.6,84.8,84.9,85,85.1,85.3,85.4,85.5,85.6,85.7,85.9,86,86.1,86.2,86.3,86.4,86.6,86.7,86.8,86.9,87,87.1,87.2,87.4,87.5,87.6,87.7,87.8,87.9,88,88.1,88.2,88.4,88.5,88.6,88.7,88.8,88.9,89,89.1,89.2,89.3,89.4,89.5,89.6,89.8,89.9,90,90.1,90.2,90.3,90.4,90.5,90.6,90.7,90.8,90.9,91,91.1,91.2,91.3,91.4,91.6,91.7,91.8,91.9,92,92.1,92.2,92.3,92.4,92.5,92.6
aut,Austria,34.4,34.4,34.4,34.4,34.4,34.4,34.4,34.4,34.4,34.4,34.4,34.4,34.4,34.4,34.4,34.4,34.4,34.4,34.4,34.4,34.4,34.4,34.4,34.4,34.4,34.4,34.4,34.4,34.4,34.4,34.4,34.4,34.4,34.4,34.4,34.4,34.4,34.4,34.4,34.4,34.4,34.4,34.4,34.4,34.4,34.4,34.4,34.4,34.4,34.4,34.4,34.4,34.41,34.41,34.41,34.41,34.42,34.42,34.42,34.43,34.43,34.43,34.43,34.44,34.44,34.44,34.44,34.45,34.45,34.45,34.46,34.51,34.57,34.62,34.69,34.74,34.8,34.86,34.92,34.97,35.04,35.09,35.32,35.56,35.79,36.02,36.26,36.49,36.72,36.96,37.19,37.42,37.9,38.37,38.85,39.32,39.8,40.27,40.75,41.22,41.7,42.18,41.22,40.27,40.91,41.54,42.17,42.8,43.43,44.06,44.7,45.32,45.9,46.48,47.04,47.62,48.2,48.78,32.61,49.92,50.5,51.07,51.64,52.22,52.8,53.38,53.94,54.52,55.1,55.68,56.25,56.82,57.14,57.45,57.75,58.07,58.38,58.68,59,58.52,58.23,56.92,54.51,50.58,39.39,31.63,56.43,61.79,63.74,63.93,65.4,65.9,66.7,67.2,67.4,67.7,67.7,67.8,68.3,68.6,68.9,69.4,69.5,69.7,70,69.9,70.1,70,70,69.9,70,70.3,70.6,71,71.2,71.3,71.7,72,72.2,72.5,72.7,72.9,73.1,73.3,73.8,74.1,74.6,75,75.4,75.6,75.8,75.9,76.1,76.3,76.6,76.8,77,77.4,77.7,78,78.3,78.6,78.8,78.9,79.3,79.5,79.8,80,80.2,80.2,80.4,80.7,80.8,81,81.2,81.2,81.4,81.6,81.7,81.9,81.3,81.2,81.5,81.9,82,82.2,82.4,82.5,82.7,82.9,83,83.2,83.3,83.5,83.6,83.8,83.9,84.1,84.2,84.3,84.5,84.6,84.8,84.9,85,85.1,85.3,85.4,85.5,85.6,85.8,85.9,86,86.09,86.29,86.39,86.49,86.59,86.69,86.89,86.99,87.09,87.19,87.29,87.39,87.59,87.69,87.79,87.89,87.99,88.09,88.29,88.39,88.49,88.59,88.69,88.79,88.89,88.99,89.19,89.29,89.39,89.49,89.59,89.69,89.79,89.89,89.99,90.09,90.19,90.29,90.39,90.59,90.69,90.79,90.89,90.99,91.09,91.19,91.29,91.39
aze,Azerbaijan,29.17,29.17,29.17,29.17,29.17,29.17,29.17,29.17,29.17,29.17,29.17,29.17,29.17,29.17,29.17,29.17,29.17,29.17,29.17,29.17,29.17,29.17,29.17,29.17,29.17,29.17,29.17,29.17,29.17,29.17,29.17,29.17,29.17,29.17,29.17,29.17,29.17,29.17,29.17,29.17,29.17,29.17,29.17,29.17,29.17,29.17,29.17,29.17,29.17,29.17,29.17,29.12,29.06,29.01,28.96,28.9,28.85,28.8,28.74,28.69,28.64,28.58,28.53,28.48,27.91,27.35,26.78,26.23,25.67,25.66,25.65,25.65,25.64,25.64,25.78,25.93,26.07,26.21,26.35,26.48,26.62,26.76,26.9,27.03,27.17,27.3,27.43,27.57,27.7,27.83,27.96,28.09,28.22,28.35,28.47,28.6,28.73,28.85,28.64,28.43,28.23,28.4,28.56,28.73,28.9,29.07,29.23,29.39,29.56,29.72,29.88,32.44,32.76,30.77,30.34,29.93,29.86,27.17,19.26,27.96,26.15,28.71,29.52,30.36,32.45,31.61,34.3,33.65,34.87,33.73,33.07,31.51,29.32,22.9,34.8,36.03,37.36,36.44,37.78,39.71,37.56,25.26,22.31,20.61,26.54,34.75,42.91,36.24,42.8,45.01,46.8,47,47.3,47.5,47.8,48.1,48.5,49,49.6,50.3,51.2,52.3,53.3,54.3,55.4,56.5,57.5,58.5,59.4,60,60.6,61,61.3,61.7,61.9,62.2,62.5,62.8,63.2,63.8,64.3,64.8,65.2,65.4,65.4,65.4,65.4,65.5,65.7,66.1,66.1,65.9,64.5,64.6,64.5,65,65.8,66.6,67.3,67.9,68.5,69.1,69.3,69.3,69.5,69.7,70,70.6,70.9,71.2,71.5,71.6,71.7,72,72.2,72.4,72.5,72.7,72.9,72.9,70.1,70.9,73.1,72.6,72.8,72.89,73.09,73.19,73.38,73.58,73.67,73.87,73.97,74.16,74.26,74.45,74.55,74.75,74.84,75.04,75.14,75.33,75.53,75.63,75.82,75.92,76.11,76.21,76.41,76.5,76.7,76.8,76.99,77.09,77.28,77.38,77.58,77.67,77.87,77.97,78.16,78.26,78.45,78.55,78.75,78.85,79.04,79.14,79.33,79.43,79.63,79.72,79.92,80.02,80.11,80.31,80.41,80.6,80.7,80.8,80.99,81.09,81.19,81.38,81.48,81.58,81.77,81.87,81.97,82.16,82.26,82.36,82.55,82.65,82.75,82.85,83.04,83.14,83.24,83.43,83.53
bdi,Burundi,31.5,31.5,31.5,31.5,31.5,31.5,31.5,31.5,31.5,31.5,31.5,31.5,31.5,31.5,31.5,31.5,31.5,31.5,31.5,31.5,31.5,31.5,31.5,31.5,31.5,31.5,31.5,31.5,31.5,31.5,31.5,31.5,31.5,31.5,31.5,31.5,31.5,31.5,31.5,31.5,31.5,31.5,31.5,31.5,31.5,31.5,31.5,31.5,31.5,31.5,31.5,31.52,31.54,31.56,31.58,31.6,31.63,31.65,31.67,31.69,31.71,31.73,31.75,31.77,31.79,31.81,31.83,31.86,31.88,31.9,31.92,31.94,31.96,31.98,32,32.02,32.04,32.07,32.09,32.11,32.13,32.15,32.17,32.19,32.21,32.23,32.25,32.27,32.3,32.32,32.34,32.36,32.38,32.4,32.42,32.44,32.46,32.48,32.5,32.53,32.55,32.57,32.59,32.61,32.63,32.65,32.67,32.69,32.71,32.74,32.76,32.78,32.8,32.82,32.84,32.86,32.88,32.9,12.73,32.94,32.97,29.32,25.67,33.03,33.05,29.4,27.31,25.75,27.35,27.37,33.17,33.2,33.22,33.24,33.26,33.28,33.3,33.32,33.34,33.36,33.38,33.36,33.35,31.84,18.44,33.3,34.76,36.21,37.68,39.14,40.6,40.9,41.2,41.3,41.4,41.8,42.1,42.3,42.5,42.8,43.1,43.3,43.5,43.7,43.9,44.1,44.4,44.8,45.1,45.3,45.6,46,18.6,46.3,46.5,46.7,46.9,47.3,47.6,47.8,48.1,48.3,48.6,48.7,48.7,48.8,48.9,48.8,48.7,48.4,48,47.6,47.1,44,42.9,42.9,43.2,43.3,43.8,44.5,45.4,46.5,47.8,49.1,50.4,51.5,55.6,56.7,57.4,58.2,59,59.5,59.9,60.3,60.7,60.8,61.2,61.5,61.8,62,61.2,59.5,61.6,61.8,61.9,62.09,62.19,62.38,62.48,62.67,62.87,62.96,63.16,63.26,63.35,63.55,63.64,63.84,63.93,64.13,64.23,64.42,64.52,64.61,64.81,64.9,65,65.2,65.29,65.39,65.58,65.68,65.78,65.87,66.07,66.17,66.26,66.46,66.55,66.65,66.75,66.94,67.04,67.14,67.23,67.33,67.43,67.62,67.72,67.82,67.91,68.01,68.11,68.3,68.4,68.49,68.59,68.69,68.79,68.88,69.08,69.17,69.27,69.37,69.56,69.66,69.76,69.85,69.95,70.14,70.24,70.34,70.43,70.53,70.63,70.82,70.92,71.02,71.11,71.31,71.4
bel,Belgium,40,40.01,40.02,40.02,40.03,40.04,40.05,40.06,40.06,40.07,40.08,40.09,40.1,40.1,40.11,40.12,40.13,40.14,40.14,40.15,40.16,40.17,40.18,40.19,40.19,40.2,40.21,40.22,40.23,40.23,40.24,40.25,40.26,40.27,40.27,40.28,40.29,40.3,40.31,40.31,40.32,40.33,38.66,40.36,41.9,41.03,37.83,35.11,38.04,34.5,42.28,41.89,41.8,41.37,39.83,37.55,41,40.58,40.29,39.1,45.27,41.42,43.29,41.51,39.99,37.93,32.64,43.32,42.81,42.85,41.19,34.59,40.33,43.81,45.02,42.52,44.05,44.87,44.65,44.26,42.9,44.87,46.02,45.38,44.73,46,43.87,46.62,45.48,45.65,44.72,44.65,43.76,45.07,47.32,46.13,48.79,49.57,48.88,47.24,47.36,50.27,50.02,50.12,50.2,50.91,50.66,52.07,50.65,51.68,52.38,50.24,53.33,53.6,42.88,40.85,42.91,43.95,35.72,50.99,54.89,56.03,56.46,58.13,58.91,58.57,58.39,58.65,59.01,56.5,58.67,60.07,60.17,60.36,62.09,61.69,61.71,61.72,61.89,61.77,57.62,60.71,60.98,62.23,58.69,60.2,63.85,65.46,67.05,67.58,68.5,68.7,68.8,68.9,68.9,68.9,69.1,69.5,69.9,70.2,70,70.3,70.3,70.2,70.6,70.6,70.7,70.7,70.6,70.7,70.9,71.1,71.4,71.6,71.9,72,72.2,72.6,72.8,73.1,73.2,73.4,73.7,73.8,74.2,74.4,74.7,75.4,75.6,75.7,76,76.2,76.4,76.4,76.7,76.9,77.1,77.4,77.5,77.6,77.9,78.2,78.3,78.5,78.9,79.1,79.5,79.6,79.7,79.8,80,80.2,80.3,80.5,80.9,80.9,81.1,81.3,81.5,81.8,80.4,81.5,81.6,82.1,82.3,82.4,82.6,82.7,82.9,83.1,83.2,83.4,83.5,83.6,83.8,83.9,84.1,84.2,84.3,84.5,84.6,84.7,84.9,85,85.1,85.3,85.4,85.5,85.6,85.7,85.9,86,86.1,86.2,86.3,86.5,86.6,86.7,86.8,86.9,87.1,87.2,87.3,87.4,87.5,87.6,87.7,87.8,87.9,88.1,88.2,88.3,88.4,88.5,88.6,88.7,88.8,88.9,89,89.2,89.3,89.4,89.5,89.6,89.7,89.8,89.9,90,90.1,90.3,90.4,90.5,90.6,90.7,90.8,90.9,91,91.1,91.2,91.3,91.4
ben,Benin,31,31,31,31,31,31,31,31,31,31,31,31,31,31,31,31,31,31,31,31,31,31,31,31,31,31,31,31,31,31,31,31,31,31,31,31,31,31,31,31,31,31,31,31,31,31,31,31,31,31,31,31.1,31.19,31.29,31.38,31.48,31.58,31.67,31.77,31.86,31.96,32.06,32.15,32.25,32.34,32.44,32.53,32.63,32.73,32.82,32.92,33.01,33.11,33.21,33.3,33.4,33.49,33.59,33.69,33.78,33.88,33.97,34.07,34.17,34.26,34.36,34.45,34.55,34.65,34.74,34.84,34.93,35.03,35.12,35.22,35.32,35.41,35.51,35.6,35.7,35.8,35.89,35.99,36.08,36.18,36.28,36.37,36.47,36.56,36.66,36.76,36.85,36.95,37.04,37.14,37.24,37.33,37.43,14.51,37.62,37.72,37.81,37.91,38,38.1,38.19,38.29,38.39,38.48,38.58,38.67,38.77,38.87,38.96,39.06,39.15,39.25,39.35,39.44,39.54,39.63,39.79,39.95,40.11,40.29,40.81,41.35,41.88,42.41,42.94,43.5,43.6,43.2,43.6,44,43.7,43.9,44,44.2,44.4,44.5,44.8,45.1,45.4,45.8,46.1,46.5,46.8,47.1,47.4,47.6,47.8,48.1,48.4,48.7,48.9,49.3,49.6,49.9,50.2,50.6,50.9,51.2,51.4,51.7,52.1,52.5,52.9,53.3,53.6,54.2,54.5,55.1,55.5,55.9,56.3,56.5,57,57.2,57.7,58,58.6,59.2,59.8,60.6,61,61.3,61.7,62.1,62.3,62.5,62.5,62.6,62.7,62.9,63.1,63.7,64.1,64.6,64.9,65.1,65.4,65.9,66.2,66.42,66.53,66.74,66.96,67.18,67.29,67.51,67.62,67.83,68.05,68.16,68.38,68.49,68.7,68.81,69.03,69.14,69.36,69.47,69.58,69.79,69.9,70.01,70.23,70.34,70.45,70.66,70.77,70.88,70.99,71.21,71.32,71.43,71.64,71.75,71.86,71.97,72.19,72.3,72.41,72.52,72.62,72.73,72.95,73.06,73.17,73.28,73.39,73.5,73.6,73.82,73.93,74.04,74.15,74.26,74.37,74.48,74.69,74.8,74.91,75.02,75.13,75.24,75.45,75.56,75.67,75.78,75.89,76,76.11,76.22,76.33,76.43,76.54,76.76,76.87,76.98
bfa,Burkina Faso,29.2,29.2,29.2,29.2,29.2,29.2,29.2,29.2,29.2,29.2,29.2,29.2,29.2,29.2,29.2,29.2,29.2,29.2,29.2,29.2,29.2,29.2,29.2,29.2,29.2,29.2,29.2,29.2,29.2,29.2,29.2,29.2,29.2,29.2,29.2,29.2,29.2,29.2,29.2,29.2,29.2,29.2,29.2,29.2,29.2,29.2,29.2,29.2,29.2,29.2,29.2,29.33,29.46,29.59,29.72,29.86,29.99,30.12,30.25,30.38,30.51,30.64,30.77,30.9,31.03,31.17,31.3,31.43,31.56,31.69,31.82,31.95,32.08,32.21,32.35,32.48,32.61,32.74,32.87,33,33.13,33.26,33.39,33.52,33.66,33.79,33.92,34.05,34.18,34.31,34.44,34.57,34.7,34.84,34.97,35.1,35.23,35.36,35.49,35.62,35.75,35.88,36.01,36.15,36.28,36.41,36.54,36.67,36.8,36.93,37.06,37.19,37.33,37.46,37.59,37.72,37.85,37.98,14.74,38.24,38.37,38.5,38.64,38.77,38.9,39.03,39.16,39.29,39.42,39.55,39.68,39.81,39.95,40.08,40.21,40.34,40.47,40.6,40.73,40.86,40.99,41.18,41.37,41.56,41.75,41.93,42.34,42.74,43.17,43.59,44,43.9,44.1,44.3,44.4,44.5,44.6,44.7,44.8,44.9,45,45.1,45.2,45.3,45.4,45.4,45.5,45.6,45.6,45.6,45.8,45.8,46,46.1,46.3,46.6,46.9,47.2,47.6,48,48.5,48.8,49.4,49.6,49.9,50.1,50.3,50.3,50.2,50.2,50,50.2,50.2,50.3,50.5,50.7,50.1,51.1,52.1,52.7,53.3,54.1,54.9,56,56.9,57.9,58.8,59.8,61.1,62.1,63.1,64.1,64.8,65.4,66,66.3,66.6,66.9,67.4,67.5,67.2,67.2,67.8,67.7,67.92,68.14,68.25,68.48,68.7,68.92,69.14,69.25,69.47,69.69,69.92,70.03,70.25,70.36,70.58,70.69,70.91,71.02,71.25,71.36,71.58,71.69,71.91,72.02,72.24,72.35,72.58,72.69,72.8,73.02,73.13,73.24,73.46,73.57,73.68,73.79,74.02,74.13,74.24,74.46,74.57,74.68,74.79,75.01,75.12,75.23,75.35,75.57,75.68,75.79,75.9,76.12,76.23,76.34,76.45,76.56,76.79,76.9,77.01,77.12,77.23,77.34,77.45,77.67,77.78,77.89,78,78.12,78.34,78.45,78.56,78.67,78.78,79,79.11,79.22,79.33
bgd,Bangladesh,25.5,25.5,25.5,25.5,25.5,25.5,25.5,25.5,25.5,25.5,25.5,25.5,25.5,25.5,25.5,25.5,25.5,25.5,25.5,25.5,25.5,25.5,25.5,25.5,25.5,25.5,25.5,25.5,25.5,25.5,25.5,25.5,25.5,25.5,25.5,25.5,25.5,25.5,25.5,25.5,25.5,25.5,25.5,25.5,25.5,25.5,25.5,25.5,25.5,25.5,25.5,25.5,25.51,25.51,25.52,25.52,25.52,25.53,25.53,25.53,25.54,25.54,25.55,25.55,25.05,24.05,25.26,25.57,25.57,25.57,25.58,25.58,25.58,25.59,25.59,25.6,25.6,25.37,25.15,24.92,24.69,24.46,24.24,24.01,23.78,23.55,23.33,23.21,23.09,22.97,22.86,21.73,21.13,22.5,22.33,22.15,20.14,19.13,22.02,21.98,21.93,21.9,21.85,21.81,21.77,21.73,21.68,21.86,22.03,22.21,22.38,22.56,22.73,22.91,23.08,23.26,23.43,23.61,13.18,23.96,24.13,24.31,24.48,24.66,24.83,25.01,25.19,25.95,26.71,27.46,28.23,28.99,29.75,30.51,31.27,32.04,32.8,33.55,34.32,35.08,35.85,36.56,34.2,23.75,26.19,37.4,43.37,37.32,38.79,42.24,43.1,43.5,43.8,44.2,44.6,45.1,45.6,46.1,46,47.1,47,47.1,47,45.8,45,42.9,44.2,44.3,45.2,46.8,42.2,41.5,49.1,50.1,49.9,50.8,51,51.3,51.6,52.1,52.5,52.9,53.3,53.8,54.2,54.3,55,55.4,55.9,56.4,57,54.8,58.3,59.1,59.8,60.4,61.1,61.8,62.4,63,63.6,64.2,64.6,65,65.6,66.1,66.6,67,67.7,68,68.3,68.7,69,69.3,69.5,69.9,70.1,70.3,70.5,70.8,69.6,68.4,70.9,71.1,71.29,71.58,71.86,72.05,72.34,72.53,72.81,73,73.29,73.48,73.67,73.96,74.15,74.34,74.62,74.81,75,75.19,75.38,75.67,75.86,76.05,76.24,76.43,76.62,76.81,77,77.19,77.38,77.57,77.76,77.95,78.05,78.24,78.43,78.62,78.81,78.9,79.1,79.29,79.48,79.57,79.76,79.86,80.05,80.24,80.33,80.52,80.62,80.81,80.9,81.09,81.19,81.38,81.47,81.67,81.76,81.86,82.05,82.14,82.24,82.33,82.52,82.62,82.71,82.81,83,83.09,83.19,83.28,83.47,83.57,83.66,83.76,83.85,83.95,84.04
bgr,Bulgaria,35.8,35.84,35.89,35.93,35.98,36.02,36.06,36.11,36.15,36.2,36.24,36.28,36.33,36.37,36.42,36.46,36.5,36.55,36.59,36.64,36.68,36.72,36.77,36.81,36.86,36.9,36.94,36.99,37.03,37.08,37.12,37.16,37.21,37.25,37.3,37.34,37.38,37.43,37.47,37.52,37.56,37.6,37.65,37.69,37.74,37.78,37.82,37.87,37.91,37.96,38,38.03,38.07,38.1,38.14,38.17,38.2,38.24,38.27,38.32,38.35,38.38,38.42,38.45,38.49,38.52,38.55,38.59,38.62,38.66,38.69,38.72,38.76,38.79,38.83,38.86,38.89,38.93,38.96,39,39.03,39.06,39.1,39.13,39.17,39.2,39.23,39.27,39.3,39.34,39.37,39.4,39.44,39.47,39.51,39.54,39.57,39.61,39.64,39.68,39.71,40.83,41.96,42.21,42.46,42.71,42.77,42.83,42.9,42.96,43.02,43.07,43.14,43.2,43.26,43.32,43.37,43.44,33.16,43.56,43.62,43.68,43.74,43.8,44.01,44.24,44.45,45.18,45.9,46.63,47.35,47.83,48.31,48.78,49.26,49.74,50.22,50.69,50.9,51.12,51.32,51.53,50.82,50.33,48.85,50.8,52.34,52.8,54.46,56.53,59.9,60.6,61.2,62.6,63.8,64.6,65.4,66.4,67.1,67.5,68.3,69.1,69.5,70,70.4,70.7,70.8,70.6,70.6,70.6,70.7,70.8,70.9,71,70.9,70.9,70.9,70.8,70.9,71,71.1,71.2,71.2,71.2,71.3,71.2,71.3,71.3,71.2,71.3,71.3,71.2,71.2,70.9,70.9,70.8,70.8,70.7,71,71.4,71.6,71.9,72.1,72.4,72.6,72.6,72.7,73,73.5,73.8,74,74.3,74.6,74.9,74.9,75,75.2,75.3,75.5,75.5,74.2,72.2,74.5,75.9,76.1,76.3,76.4,76.6,76.7,76.9,77,77.21,77.41,77.51,77.71,77.81,78.01,78.21,78.31,78.51,78.61,78.81,79.01,79.11,79.31,79.41,79.61,79.72,79.92,80.02,80.22,80.32,80.52,80.62,80.82,80.92,81.12,81.22,81.42,81.52,81.72,81.82,82.02,82.12,82.33,82.43,82.53,82.73,82.83,82.93,83.13,83.23,83.33,83.53,83.63,83.73,83.93,84.03,84.23,84.33,84.43,84.53,84.73,84.84,84.94,85.04,85.14,85.34,85.44,85.54,85.64,85.84,85.94,86.04,86.14,86.24,86.34,86.54,86.64,86.74,86.84
bhr,Bahrain,30.3,30.3,30.3,30.3,30.3,30.3,30.3,30.3,30.3,30.3,30.3,30.3,30.3,30.3,30.3,30.3,30.3,30.3,30.3,30.3,30.3,30.3,30.3,30.3,30.3,30.3,30.3,30.3,30.3,30.3,30.3,30.3,30.3,30.3,30.3,30.3,30.3,30.3,30.3,30.3,30.3,30.3,30.3,30.3,30.3,30.3,30.3,30.3,30.3,30.3,30.3,30.36,30.42,30.47,30.53,30.59,30.65,30.71,30.76,30.82,30.88,30.94,31,31.05,31.11,31.17,31.23,31.29,31.34,31.4,31.46,31.52,31.58,31.63,31.69,31.75,31.81,31.87,31.92,31.98,32.04,32.1,32.16,32.22,32.27,32.33,32.39,32.45,32.51,32.56,32.62,32.68,32.74,32.8,32.85,32.91,32.97,33.03,33.09,33.14,33.2,33.26,33.32,33.38,33.43,33.49,33.55,33.61,33.67,33.72,33.78,33.84,33.9,33.96,34.01,34.07,34.13,34.19,28.39,34.3,34.36,34.42,34.48,34.54,34.59,34.65,34.71,34.77,34.83,34.88,34.94,35,35.06,35.12,35.17,35.23,36.13,37.04,37.94,38.86,39.77,40.68,41.58,42.48,43.39,44.3,45.22,46.14,47.07,47.99,48.9,49.6,50.2,50.8,51.5,52.3,52.9,53.6,54.3,55,55.7,56.4,57.1,57.8,58.6,59.3,60,60.6,61.3,62,62.7,63.4,64.1,64.8,65.5,66.1,66.6,67.2,66.8,68,68.4,68.7,69,69.3,69.4,69.6,69.2,69.7,69.8,69.8,69.9,70.1,70.2,70.4,70.5,70.5,70.5,70.6,70.7,71,70.7,71.6,71.8,72,72.3,72.7,72.9,73.6,74.1,74.5,74.9,75.2,75.5,75.8,76.2,76.3,76.5,76.7,76.9,77,76.1,75.5,77,77.2,77.29,77.48,77.58,77.77,77.96,78.05,78.24,78.34,78.53,78.72,78.81,79,79.1,79.29,79.38,79.57,79.67,79.86,79.95,80.05,80.24,80.33,80.43,80.62,80.71,80.81,80.9,81.09,81.19,81.28,81.38,81.47,81.57,81.76,81.85,81.95,82.04,82.14,82.23,82.33,82.42,82.61,82.71,82.8,82.9,82.99,83.09,83.18,83.28,83.37,83.47,83.56,83.66,83.75,83.85,83.94,84.04,84.13,84.23,84.32,84.42,84.51,84.61,84.7,84.8,84.89,85.08,85.18,85.18,85.27,85.37,85.46,85.56,85.65,85.75,85.84,85.94
bhs,Bahamas,35.18,35.18,35.18,35.18,35.18,35.18,35.18,35.18,35.18,35.18,35.18,35.18,35.18,35.18,35.18,35.18,35.18,35.18,35.18,35.18,35.18,35.18,35.18,35.18,35.18,35.18,35.18,35.18,35.18,35.18,35.18,35.18,35.18,35.18,35.18,35.18,35.18,35.18,35.18,35.18,35.18,35.18,35.18,35.18,35.18,35.18,35.18,35.18,35.18,35.18,35.18,35.19,35.2,35.22,35.23,35.24,35.25,35.27,35.28,35.29,35.3,35.32,35.33,35.34,35.35,35.37,35.38,35.39,35.4,35.41,35.43,35.44,35.45,35.46,35.48,35.49,35.5,35.51,35.53,35.54,35.55,35.56,35.57,35.59,35.6,35.61,35.62,35.64,35.65,35.66,35.67,35.69,35.7,35.71,35.72,35.74,35.75,35.76,35.77,35.78,35.8,35.81,35.82,35.83,35.85,35.86,35.87,35.88,35.9,35.91,35.92,35.93,35.94,35.96,35.97,35.98,35.99,36.01,23.36,36.03,36.04,36.06,36.92,37.77,38.64,39.5,40.37,41.22,42.09,42.96,43.83,44.68,45.55,46.42,47.29,48.16,49.03,49.9,50.77,51.64,52.51,53.34,54.16,55,55.81,56.65,57.47,58.31,59.13,59.96,60.8,60.9,60.9,61,61.4,61.9,62.5,63,63.4,63.6,63.6,63.5,63.2,63,63.2,62.3,64.3,65,65.6,66,66.4,66.8,67.1,67.5,67.6,67.6,67.6,67.7,67.9,68,68.2,68.4,68.8,69.3,69.8,70.4,70.8,71.1,71.2,71.1,71,70.9,70.8,70.8,71,71.1,71.1,71.4,71.5,71.3,71.2,71.2,71.4,71.6,71.5,71.8,72,72.4,72.4,72.3,72.4,72.6,72.8,72.9,72.8,72.6,72.8,72.9,72.9,70,71.2,67.4,71.5,72.8,72.9,73.09,73.19,73.39,73.48,73.68,73.78,73.97,74.07,74.26,74.36,74.56,74.65,74.85,74.95,75.14,75.24,75.43,75.53,75.73,75.83,76.02,76.22,76.31,76.51,76.61,76.8,76.9,77,77.19,77.29,77.48,77.58,77.78,77.87,78.07,78.17,78.36,78.46,78.66,78.75,78.85,79.05,79.14,79.34,79.44,79.53,79.73,79.83,79.92,80.12,80.22,80.41,80.51,80.61,80.7,80.9,81,81.09,81.19,81.39,81.49,81.58,81.68,81.88,81.97,82.07,82.27,82.36,82.46,82.56,82.66,82.85,82.95,83.05,83.14,83.24
bih,Bosnia and Herzegovina,35.1,35.1,35.1,35.1,35.1,35.1,35.1,35.1,35.1,35.1,35.1,35.1,35.1,35.1,35.1,35.1,35.1,35.1,35.1,35.1,35.1,35.1,35.1,35.1,35.1,35.1,35.1,35.1,35.1,35.1,35.1,35.1,35.1,35.1,35.1,35.1,35.1,35.1,35.1,35.1,35.1,35.1,35.1,35.1,35.1,35.1,35.1,35.1,35.1,35.1,35.1,35.1,35.09,35.09,35.08,35.08,35.08,35.07,35.07,35.06,35.06,35.05,35.05,35.05,35.04,35.04,35.03,35.03,35.03,35.02,35.02,35.01,35.01,35,35,35,34.99,34.99,34.98,34.98,34.98,34.97,34.97,34.96,34.96,34.95,34.95,34.95,34.94,34.94,34.93,34.93,34.93,34.92,34.92,34.91,34.91,34.91,34.9,34.9,34.89,34.89,34.88,34.88,34.88,34.87,34.87,34.86,34.86,34.86,34.85,34.85,34.84,34.84,34.83,34.83,34.83,34.82,19.11,34.81,34.81,35.34,35.88,36.41,36.95,37.49,38.02,38.56,39.09,39.63,40.16,40.69,41.23,41.76,42.3,42.83,43.37,43.89,44.42,44.96,45.49,31.14,27.44,23.87,21.97,26.15,41.19,49.2,50.29,51.09,51.9,52.5,53.9,55.2,56.3,57.4,58.2,59.3,60.5,61.4,62.1,62.6,63,63.5,64.1,64.5,65,65.3,65.4,65.6,65.9,66.2,66.8,67.3,67.8,68.2,68.5,68.8,69.1,69.4,69.5,69.6,69.9,70.1,70.6,70.9,71.4,71.8,72.1,72.3,72.4,72.7,59.1,65,68.9,62.1,74,74.3,74.6,74.7,74.8,74.9,75.1,75.2,75.3,75.3,75.5,75.6,75.8,76,76.2,76.3,76.5,76.7,76.8,76.8,77,77,77.1,77.1,75.8,74.6,76.6,77.7,77.8,78,78.2,78.4,78.6,78.8,78.9,79.1,79.3,79.5,79.6,79.79,79.99,80.19,80.29,80.49,80.69,80.79,80.99,81.19,81.29,81.49,81.59,81.79,81.89,82.09,82.29,82.39,82.59,82.69,82.89,82.99,83.19,83.29,83.39,83.58,83.68,83.88,83.98,84.08,84.28,84.38,84.48,84.68,84.78,84.88,84.98,85.18,85.28,85.38,85.48,85.68,85.78,85.88,85.98,86.18,86.28,86.38,86.48,86.58,86.78,86.88,86.98,87.08,87.18,87.38,87.47,87.57,87.67,87.77,87.87,88.07,88.17,88.27,88.37,88.47,88.57
blr,Belarus,36.2,36.2,36.2,36.2,36.2,36.2,36.2,36.2,36.2,36.2,36.2,36.2,36.2,36.2,36.2,36.2,36.2,36.2,36.2,36.2,36.2,36.2,36.2,36.2,36.2,36.2,36.2,36.2,36.2,36.2,36.2,36.2,36.2,36.2,36.2,36.2,36.2,36.2,36.2,36.2,36.2,36.2,36.2,36.2,36.2,36.2,36.2,36.2,36.2,36.2,36.2,36.22,36.23,36.25,36.26,36.28,36.29,36.31,36.33,36.34,36.36,36.37,36.39,36.4,36.42,36.44,36.45,36.47,36.48,36.5,36.51,36.53,36.54,36.56,36.58,36.59,36.61,36.62,36.64,36.65,36.67,36.69,36.7,36.72,36.73,36.75,36.76,36.78,36.8,36.81,36.83,36.84,36.86,36.87,36.89,36.91,36.92,36.94,36.95,36.97,36.98,37.62,38.26,38.9,39.55,40.2,40.84,41.48,42.12,42.77,43.41,44.05,44.71,45.35,44.11,38.42,38.44,36.4,32.29,34.37,31.34,34.76,35.7,44.9,47.49,46.59,49.91,49,50.68,48.73,48.7,49.76,40.72,26.93,43.65,53.88,54.63,53.36,54.68,54.49,54.31,20.78,15.57,14.52,21.8,31.17,59.98,49.53,62.72,65.65,67.7,68,68.6,68.9,69,69.1,69.3,69.4,69.5,69.7,70.2,70.7,70.9,71.5,72.1,72.4,72.4,72.4,72.4,72.2,72.1,72.1,72.1,72.1,72.1,71.8,71.6,71.4,71.2,71,70.9,71,71,70.9,70.8,71,71.6,71.8,71.7,71.5,71,70.5,70,69.2,68.8,68.5,68.5,68.4,68.3,68.3,68.5,68.4,68.2,68.4,68.7,69,69.5,70.1,70.4,70.5,70.6,71.1,72,72.7,73.3,73.8,74.2,74.4,74.4,74.5,74.2,73.9,73.8,74.5,74.7,74.9,75.1,75.2,75.4,75.6,75.8,75.9,76.1,76.3,76.4,76.6,76.8,76.9,77.1,77.3,77.4,77.6,77.8,78,78.1,78.31,78.51,78.61,78.81,78.91,79.11,79.21,79.41,79.61,79.71,79.91,80.01,80.21,80.31,80.51,80.61,80.81,80.91,81.11,81.21,81.41,81.51,81.71,81.81,82.01,82.11,82.21,82.41,82.51,82.71,82.81,82.91,83.11,83.21,83.31,83.51,83.61,83.71,83.91,84.01,84.11,84.21,84.41,84.51,84.61,84.71,84.91,85.01,85.11,85.21,85.41,85.51,85.61,85.72,85.82,86.02
blz,Belize,26.5,26.5,26.5,26.5,26.5,26.5,26.5,26.5,26.5,26.5,26.5,26.5,26.5,26.5,26.5,26.5,26.5,26.5,26.5,26.5,26.5,26.5,26.5,26.5,26.5,26.5,26.5,26.5,26.5,26.5,26.5,26.5,26.5,26.5,26.5,26.5,26.5,26.5,26.5,26.5,26.5,26.5,26.5,26.5,26.5,26.5,26.5,26.5,26.5,26.5,26.5,26.52,26.54,26.55,26.57,26.59,26.61,26.62,26.64,26.66,26.68,26.69,26.71,26.73,26.75,26.76,26.78,26.8,26.82,26.83,26.85,26.87,26.89,26.9,26.92,26.94,26.96,26.97,26.99,27.01,27.03,27.05,27.06,27.08,27.1,27.12,27.13,27.15,27.17,27.19,27.2,27.22,27.24,27.26,27.27,27.29,27.31,27.33,27.34,27.36,27.38,27.4,27.41,27.43,27.45,27.47,27.48,27.5,27.52,27.54,27.55,28.16,28.77,29.37,29.97,30.57,31.19,31.79,28.12,33,33.62,34.23,34.84,35.45,36.07,36.68,37.29,37.9,38.53,39.14,39.75,40.37,41,41.61,42.23,43.24,44.24,45.25,46.25,47.27,48.27,49.3,50.3,51.33,52.34,53.37,54.39,55.42,56.45,57.47,58.5,58.8,59.1,59.4,59.7,59.7,60.6,61.2,61.9,62.6,63.2,58.3,64.3,64.8,65.3,65.7,66.1,66.5,67,67.5,67.9,68.3,68.6,68.9,69.2,69.4,69.5,69.8,70,70.5,70.9,71.2,71.6,71.9,72.2,72.5,72.7,72.9,73,73,73.2,73.1,73.5,73.3,72.9,72.6,72.2,71.7,71.2,70.8,70.3,70.6,71.3,71.5,71.9,72.2,72.7,73,73.4,73.6,73.8,73.9,74.1,74.2,74.1,74.1,74.1,74.2,74.3,74.4,73.2,71.6,73.8,75.2,75.3,75.51,75.71,75.81,76.02,76.22,76.32,76.53,76.73,76.83,77.04,77.24,77.35,77.55,77.75,77.86,78.06,78.16,78.37,78.57,78.67,78.88,78.98,79.18,79.39,79.49,79.7,79.8,80,80.21,80.31,80.51,80.72,80.82,81.02,81.13,81.33,81.53,81.64,81.84,81.94,82.15,82.25,82.45,82.66,82.76,82.97,83.07,83.27,83.37,83.58,83.68,83.88,83.99,84.19,84.29,84.5,84.6,84.7,84.91,85.01,85.21,85.32,85.42,85.62,85.72,85.93,86.03,86.13,86.34,86.44,86.54,86.75,86.85,86.95,87.15,87.26
bol,Bolivia,33,33,33,33,33,33,33,33,33,33,33,33,33,33,33,33,33,33,33,33,33,33,33,33,33,33,33,33,33,33,33,33,33,33,33,33,33,33,33,33,33,33,33,33,33,33,33,33,33,33,33,32.97,32.93,32.9,32.86,32.83,32.79,32.76,32.72,32.69,32.66,32.62,32.59,32.55,32.52,32.48,32.45,32.42,32.38,32.35,32.31,32.28,32.24,32.21,32.17,32.14,32.11,32.07,32.04,32,31.97,31.93,31.9,31.87,31.83,31.8,31.76,31.73,31.69,31.66,31.62,31.59,31.56,31.52,31.49,31.45,31.42,31.38,31.35,31.32,31.28,31.25,31.21,31.18,31.14,31.11,31.07,31.04,31.01,30.97,30.94,30.9,30.87,30.83,30.8,30.77,30.73,30.7,27.1,30.63,30.59,30.56,30.52,30.49,30.46,30.42,30.39,30.35,30.32,30.28,30.25,30.22,30.18,30.15,30.11,30.08,30.04,30.01,29.97,29.94,29.91,30.54,31.18,31.81,32.44,33.07,33.7,34.32,34.95,35.57,36.2,37.1,37.1,38.6,39.3,40,40.7,41.4,42.1,42.7,43.3,44,44.6,45.3,46.1,46.8,47.6,48.3,49.1,49.9,50.6,51.3,52,52.7,53.4,54.1,54.7,55.5,56.1,56.8,57.5,58.2,58.9,59.4,60.2,60.8,61.3,61.8,62.2,62.6,63,63.2,63.5,64,64.5,65,65.3,65.8,66.1,66.5,66.8,67.1,67.3,67.6,67.8,68,68.2,68.5,68.8,69.1,69.4,69.6,69.8,70,70.3,70.6,70.8,71.1,71.3,71.5,63.8,64.6,70.6,71.9,72,72.21,72.42,72.53,72.74,72.84,73.05,73.16,73.37,73.47,73.68,73.79,74,74.1,74.31,74.42,74.63,74.73,74.83,75.04,75.15,75.36,75.46,75.57,75.78,75.88,76.09,76.2,76.41,76.51,76.62,76.83,76.93,77.14,77.25,77.45,77.56,77.66,77.87,77.98,78.19,78.29,78.5,78.61,78.71,78.92,79.03,79.24,79.34,79.55,79.66,79.76,79.97,80.08,80.28,80.39,80.6,80.7,80.81,81.02,81.12,81.23,81.44,81.54,81.75,81.86,81.96,82.17,82.28,82.49,82.59,82.8,82.91,83.01,83.11,83.32,83.43
bra,Brazil,32,32,32,32,32,32,32,32,32,32,32,32,32,32,32,32,32,32,32,32,32,32,32,32,32,32,31.99,31.99,31.99,31.99,31.99,31.99,31.99,31.99,31.99,31.99,31.99,31.99,31.99,31.99,31.99,31.99,31.99,31.99,31.99,31.99,31.99,31.99,31.99,31.99,31.99,32.01,32.02,32.04,32.05,32.07,32.08,32.1,32.12,32.13,32.15,32.16,32.18,32.19,32.21,32.23,32.24,32.26,32.27,32.29,32.3,32.32,32.34,32.35,32.37,32.38,32.4,32.41,32.42,32.44,32.45,32.47,32.48,32.5,32.51,32.53,32.55,32.56,32.58,32.59,32.61,32.62,32.64,32.65,32.67,32.69,32.7,32.72,32.73,32.75,32.76,32.78,32.8,32.81,32.83,32.84,32.86,32.87,32.89,32.91,32.92,32.94,32.95,32.97,32.98,33,33.02,33.03,27.88,33.06,33.08,33.09,33.11,33.13,33.15,33.17,33.18,33.2,33.22,33.24,33.26,33.75,34.26,34.75,35.26,35.75,36.25,36.76,37.25,37.76,38.26,39.49,40.72,41.96,43.18,44.42,46.09,47.77,49.44,51.12,52.8,53.4,53.9,54.4,54.9,55.4,55.8,56.3,56.7,57.1,57.5,57.8,58.2,58.6,58.9,59.3,59.7,60.1,60.6,61,61.5,62,62.6,63.1,63.4,63.7,63.9,64.7,65.2,65.4,65.9,67.2,67.8,67.6,67.5,67.9,68.1,68.5,68.5,69.1,69.7,70.3,70.3,70,70.3,70.7,71,71.5,71.8,72.1,72.4,72.7,73,73.2,73.4,74,74.3,74.5,74.7,74.8,74.9,75,75.3,75.5,75.7,75.8,75.8,76.1,76.5,76.7,75.2,73.3,76.1,76.9,77.1,77.31,77.51,77.61,77.81,78.02,78.22,78.32,78.52,78.73,78.83,79.03,79.23,79.33,79.54,79.74,79.84,80.04,80.15,80.35,80.55,80.65,80.86,80.96,81.16,81.26,81.47,81.67,81.77,81.97,82.07,82.28,82.38,82.58,82.68,82.89,82.99,83.09,83.29,83.39,83.6,83.7,83.8,84,84.1,84.31,84.41,84.51,84.61,84.81,84.91,85.02,85.22,85.32,85.42,85.52,85.73,85.83,85.93,86.03,86.23,86.33,86.44,86.54,86.64,86.84,86.94,87.05,87.15,87.25,87.35,87.45,87.65,87.76,87.86,87.96,88.06
brb,Barbados,32.12,32.12,32.12,32.12,32.12,32.12,32.12,32.12,32.12,32.12,32.12,32.12,32.12,32.12,32.12,32.12,32.12,32.12,32.12,32.12,32.12,32.12,32.12,32.12,32.12,32.12,32.12,32.12,32.12,32.12,32.12,32.12,32.12,32.12,32.12,32.12,32.12,32.12,32.12,32.12,32.12,32.12,32.12,32.12,32.12,32.12,32.12,32.12,32.12,32.12,32.12,32.13,32.13,32.14,32.14,32.15,32.15,32.16,32.17,32.17,32.18,32.18,32.19,32.19,32.2,32.21,32.21,32.22,32.22,32.23,32.23,32.24,32.25,32.25,32.26,32.26,32.27,32.27,32.28,32.28,32.29,32.3,32.3,32.31,32.31,32.32,32.32,32.33,32.34,32.34,32.35,32.35,32.36,32.36,32.37,32.38,32.38,32.39,32.39,32.4,32.4,32.41,32.42,32.42,32.43,32.43,32.44,32.44,32.45,32.46,32.46,32.47,32.47,32.48,32.48,32.49,32.5,32.5,21.08,32.51,32.52,32.52,33.37,34.22,35.06,35.9,36.75,37.6,38.44,39.28,40.13,40.98,41.83,42.68,43.52,44.37,45.22,46.07,46.91,47.76,48.61,49.5,50.39,51.28,52.16,53.06,53.94,54.84,55.73,56.63,57.5,57.5,57.6,57.9,58.7,59.5,61.4,62.6,63.6,64.3,65.2,66.1,66.8,67.3,67.6,67.9,68.2,68.6,68.9,69.2,69.3,69.5,69.6,69.9,70.2,70.6,70.2,71.3,71.7,72.2,72.7,73,73.3,73.5,73.7,73.8,74,74.1,74.1,74.1,74,74,74,74,74.1,74.1,74.3,74.4,74.9,75.2,75.3,75.6,75.7,75.6,75.8,76.1,76.2,76.3,76.5,76.8,77.1,77.2,77.4,77.4,77.4,77.3,77.3,77.3,77.2,77.1,76.5,75.5,75.6,76.7,76.8,77,77.1,77.3,77.4,77.61,77.81,77.91,78.11,78.21,78.41,78.51,78.71,78.81,79.02,79.12,79.32,79.42,79.62,79.82,79.92,80.12,80.22,80.42,80.52,80.73,80.83,81.03,81.13,81.33,81.43,81.63,81.73,81.93,82.03,82.24,82.34,82.44,82.64,82.74,82.94,83.04,83.14,83.34,83.44,83.54,83.75,83.85,83.95,84.15,84.25,84.35,84.55,84.65,84.75,84.85,85.05,85.16,85.26,85.46,85.56,85.66,85.76,85.96,86.06,86.16,86.26,86.36,86.46,86.66,86.77,86.87,86.97,87.07,87.17,87.27,87.47
brn,Brunei,29.2,29.2,29.2,29.2,29.2,29.2,29.2,29.2,29.2,29.2,29.2,29.2,29.2,29.2,29.2,29.2,29.2,29.2,29.2,29.2,29.2,29.2,29.2,29.2,29.2,29.2,29.2,29.2,29.2,29.2,29.2,29.2,29.2,29.2,29.2,29.2,29.2,29.2,29.2,29.2,29.2,29.2,29.2,29.2,29.2,29.2,29.2,29.2,29.2,29.2,29.2,29.18,29.16,29.14,29.12,29.1,29.08,29.06,29.04,29.02,29.01,28.99,28.97,28.95,28.93,28.91,28.89,28.87,28.85,28.83,28.81,28.79,28.77,28.75,28.73,28.71,28.69,28.67,28.65,28.64,28.62,28.6,28.58,28.56,28.54,28.52,28.5,28.48,28.46,28.44,28.42,28.4,28.38,28.36,28.34,28.32,28.3,28.28,28.27,28.25,28.23,28.21,28.19,28.17,28.15,28.13,28.11,28.09,28.07,28.05,28.03,28.01,28.66,29.32,29.97,30.62,31.28,31.93,26.45,33.23,33.87,34.51,35.17,35.81,36.45,37.1,37.74,38.37,39.02,39.65,40.29,40.93,41.57,42.2,42.84,43.47,44.1,44.73,45.36,45.99,46.62,47.26,47.88,48.52,49.14,49.78,50.4,51.03,51.66,52.28,52.9,52.9,53,52.9,52.9,52.9,53.1,53.4,53.7,54.3,55.2,56.3,56.4,58.5,59.4,60.2,61,61.7,62.4,63.2,63.9,64.6,65.3,65.9,66.4,66.9,67.3,67.7,68,68.4,68.8,69.2,69.6,69.9,70.3,70.5,70.8,71.1,71.4,71.7,71.8,72.1,72.3,72.6,72.9,73,73.3,73.5,73.7,74,74.1,74.4,74.6,74.9,75.1,75.3,75.6,75.9,76.1,76.4,76.5,76.8,77,77,77.2,77.3,77.4,77.6,77.8,78,78,77.7,77.4,78.1,78.31,78.51,78.62,78.83,79.03,79.14,79.34,79.45,79.66,79.86,79.97,80.17,80.28,80.49,80.59,80.8,80.9,81.11,81.32,81.42,81.63,81.73,81.94,82.04,82.25,82.35,82.56,82.77,82.87,83.08,83.18,83.39,83.49,83.7,83.8,84.01,84.12,84.32,84.43,84.63,84.74,84.95,85.05,85.26,85.36,85.57,85.67,85.78,85.98,86.09,86.29,86.4,86.5,86.71,86.81,87.02,87.12,87.23,87.43,87.54,87.64,87.85,87.95,88.16,88.26,88.37,88.47,88.68,88.78,88.89,88.99,89.2,89.3,89.41,89.51,89.61,89.72
btn,Bhutan,28.8,28.8,28.8,28.8,28.8,28.8,28.8,28.8,28.8,28.8,28.8,28.8,28.8,28.8,28.8,28.8,28.8,28.8,28.8,28.8,28.8,28.8,28.8,28.8,28.8,28.8,28.8,28.8,28.8,28.8,28.8,28.8,28.8,28.8,28.8,28.8,28.8,28.8,28.8,28.8,28.8,28.8,28.8,28.8,28.8,28.8,28.8,28.8,28.8,28.8,28.8,28.86,28.92,28.97,29.03,29.09,29.15,29.2,29.26,29.32,29.38,29.43,29.49,29.55,29.61,29.66,29.72,29.78,29.84,29.89,29.95,30.01,30.07,30.12,30.18,30.24,30.3,30.35,30.41,30.47,30.53,30.58,30.64,30.7,30.76,30.81,30.87,30.93,30.99,31.04,31.1,31.16,31.22,31.27,31.33,31.39,31.45,31.5,31.56,31.62,31.68,31.73,31.79,31.85,31.91,31.96,32.02,32.08,32.14,32.19,32.25,32.31,32.37,32.42,32.48,32.54,32.6,32.65,20.97,32.77,32.83,32.88,32.94,33,33.06,33.11,33.17,33.23,33.29,33.34,33.4,33.46,33.52,33.57,33.63,33.69,33.75,33.8,33.86,33.92,33.98,34.25,34.52,34.79,35.05,35.32,35.6,35.87,36.15,36.42,36.7,37.1,37.4,37.8,38.1,38.5,38.9,39.3,39.7,40.1,40.5,41,41.4,41.9,42.4,42.9,43.5,44,44.5,45.1,45.6,46.2,46.7,47.2,47.7,48.2,48.8,49.4,50,50.6,51.3,52.1,53,53.9,54.8,55.5,56.5,57.4,58.1,58.7,59.4,59.7,60.2,60.6,61,61.5,62,62.3,63,63.6,63.4,64.5,65,65.4,65.9,66.4,67,67.6,68.2,68.8,69.4,69.8,70.1,70.5,70.8,71.1,71.4,71.7,71.9,72.2,72.3,72.5,72.4,72.6,72.9,73.1,73.4,73.69,73.89,74.19,74.39,74.59,74.89,75.09,75.29,75.58,75.78,75.98,76.18,76.38,76.68,76.88,77.08,77.27,77.47,77.67,77.87,78.07,78.27,78.47,78.67,78.87,79.06,79.26,79.36,79.56,79.76,79.96,80.16,80.36,80.56,80.76,80.85,81.05,81.25,81.45,81.55,81.75,81.95,82.15,82.25,82.45,82.55,82.74,82.94,83.04,83.24,83.34,83.54,83.64,83.84,83.94,84.14,84.24,84.43,84.53,84.63,84.83,84.93,85.03,85.23,85.33,85.43,85.63,85.73,85.83,85.93,86.13,86.22,86.32,86.42
bwa,Botswana,33.6,33.6,33.6,33.6,33.6,33.6,33.6,33.6,33.6,33.6,33.6,33.6,33.6,33.6,33.6,33.6,33.6,33.6,33.6,33.6,33.6,33.6,33.6,33.6,33.6,33.6,33.6,33.6,33.6,33.6,33.6,33.6,33.6,33.6,33.6,33.6,33.6,33.6,33.6,33.6,33.6,33.6,33.6,33.6,33.6,33.6,33.6,33.6,33.6,33.6,33.6,33.6,33.59,33.59,33.59,33.58,33.58,33.58,33.57,33.57,33.57,33.56,33.56,33.56,33.55,33.55,33.54,33.54,33.54,33.53,33.53,33.53,33.52,33.52,33.52,33.51,33.51,33.51,33.5,33.5,33.5,33.49,33.49,33.49,33.48,33.48,33.48,33.47,33.47,33.47,33.46,33.46,33.45,33.45,33.45,33.44,33.44,33.44,33.43,33.43,33.43,33.42,33.42,33.42,33.41,33.41,33.41,33.4,33.4,33.4,33.39,33.39,33.39,33.38,33.38,33.38,33.37,33.37,10.83,33.36,33.36,33.35,33.35,33.35,33.34,33.34,33.34,33.33,33.33,33.33,33.32,33.32,33.32,33.31,33.31,33.31,33.3,33.3,33.3,33.29,33.29,33.27,33.25,33.23,33.22,33.19,35.8,38.39,41,43.59,46.2,46.4,46.5,46.7,46.9,47,47.2,47.5,47.7,47.9,48.1,48.4,48.7,48.9,49.3,49.5,49.9,50.3,50.8,51.3,51.8,52.4,53.2,53.9,54.7,55.3,56,56.7,57.3,58,58.7,59.4,60.2,60.9,61.7,62.4,63.1,63.6,63.7,64.4,64.4,64,63.3,62.3,61,59.5,57.5,55.1,52.6,50.7,48.8,47.3,48.2,51.9,57.1,60.8,61,63.7,64.4,65.1,65.8,66.3,66.9,67.3,67.8,68,68.3,68.8,69,69.2,69,65.8,69.3,70.1,70.2,70.3,70.51,70.61,70.81,70.91,71.01,71.11,71.21,71.42,71.52,71.62,71.82,71.92,72.02,72.13,72.23,72.43,72.53,72.63,72.73,72.84,73.04,73.14,73.24,73.44,73.54,73.65,73.75,73.95,74.05,74.15,74.25,74.46,74.56,74.66,74.86,74.96,75.06,75.17,75.37,75.47,75.57,75.77,75.87,75.98,76.18,76.28,76.38,76.58,76.68,76.79,76.99,77.09,77.19,77.39,77.49,77.6,77.8,77.9,78,78.2,78.31,78.41,78.61,78.71,78.81,79.01,79.12,79.22,79.32,79.52,79.62,79.72,79.93,80.03,80.13
caf,Central African Republic,30,30,30,30,30,30,30,30,30,30,30,30,30,30,30,30,30,30,30,30,30,30,30,30,30,30,30,30,30,30,30,30,30,30,30,30,30,30,30,30,30,30,30,30,30,30,30,30,30,30,30,30.08,30.16,30.24,30.32,30.4,30.47,30.55,30.63,30.71,30.79,30.87,30.95,31.03,31.11,31.19,31.27,31.34,31.42,31.5,31.58,31.66,31.74,31.82,31.9,31.98,32.06,32.14,32.21,32.29,32.37,32.45,32.53,32.61,32.69,32.77,32.85,32.93,33.01,33.08,33.16,33.24,33.32,33.4,33.48,33.56,33.64,33.72,33.8,33.87,33.95,34.03,34.11,34.19,34.27,34.35,34.43,34.51,34.59,34.67,34.74,34.82,34.9,34.98,35.06,35.14,35.22,35.3,13.68,35.46,35.54,35.61,35.69,35.77,35.85,35.93,36.01,36.09,36.17,36.25,36.33,36.41,36.48,36.56,36.64,36.72,36.8,36.88,36.96,37.04,37.12,37.26,37.39,37.53,37.67,37.81,37.94,38.9,39.88,40.83,41.8,41.9,42.1,42.2,42.4,42.5,42.7,42.9,43.1,43.3,43.5,43.7,43.9,44.1,44.3,44.5,44.7,44.9,45.2,45.4,45.6,45.8,46.1,46.3,46.5,46.7,46.9,47.2,47.4,47.6,47.8,47.9,48.1,48.2,48.3,48.6,48.8,49,49,48.9,48.5,47.8,47.1,46.2,45.5,45,44.4,44.1,44,44.1,44.4,44.7,45.2,45.9,46.5,47.3,48.1,49.1,50.3,50.8,50.8,50.8,51.4,50.5,50.9,52.4,52.9,52.6,53.5,53.8,53.8,53.9,54.6,55,55.29,55.48,55.77,55.96,56.15,56.44,56.63,56.92,57.11,57.4,57.59,57.78,57.97,58.26,58.45,58.64,58.83,59.02,59.22,59.41,59.6,59.79,59.98,60.17,60.37,60.56,60.75,60.94,61.13,61.23,61.42,61.61,61.71,61.9,62.09,62.19,62.38,62.57,62.67,62.86,63.05,63.14,63.34,63.43,63.62,63.72,63.91,64.01,64.2,64.29,64.49,64.58,64.77,64.87,64.97,65.16,65.25,65.35,65.54,65.64,65.83,65.92,66.11,66.31,66.4,66.5,66.69,66.79,66.98,67.07,67.17,67.36,67.46,67.65,67.74,67.84,68.03
can,Canada,39,39,39,39,39.01,39.01,39.01,39.01,39.01,39.01,39.01,39.02,39.02,39.02,39.02,39.02,39.02,39.03,39.03,39.03,39.03,39.03,39.03,39.03,39.04,39.04,39.04,39.04,39.04,39.04,39.04,39.05,39.17,39.3,39.43,39.55,39.68,39.81,39.94,40.06,40.19,40.32,40.39,40.47,40.54,40.61,40.69,40.76,40.84,40.91,40.99,41.06,41.11,41.18,41.23,41.28,41.34,41.39,41.45,41.51,41.56,41.62,41.71,41.82,41.91,42.01,42.11,42.21,42.31,42.4,42.5,42.6,42.82,43.04,43.26,43.48,43.7,43.92,44.14,44.36,44.58,44.8,44.84,44.89,44.94,44.99,45.03,45.08,45.13,45.18,45.22,45.26,45.62,45.97,46.31,46.66,47.01,47.36,47.71,48.06,48.41,48.75,49.15,49.54,49.93,50.32,50.71,51.1,51.5,51.89,52.28,52.67,53.12,53.58,54.03,54.49,54.95,55.4,47.33,56.31,56.77,57.22,57.22,57.23,59.05,59.53,58.21,58.91,58.8,58.2,59.18,60.6,61.68,62.62,63.03,62.75,62.99,61.62,63.59,64.02,64.3,64.05,65,64.9,65.65,66.63,66.84,67.08,67.64,67.96,68.6,68.8,69.1,69.4,70,70.3,70.3,70.3,70.6,70.8,71,71.2,71.3,71.4,71.6,71.8,71.9,72.1,72.3,72.5,72.7,72.9,72.9,73.1,73.3,73.6,73.9,74.2,74.5,74.9,75.1,75.5,75.7,76,76.3,76.3,76.5,76.8,76.9,77.1,77.4,77.6,77.8,77.8,77.9,78.1,78.3,78.5,78.7,79,79.3,79.6,79.7,79.9,80.2,80.4,80.7,80.8,80.9,81.2,81.5,81.7,81.9,81.9,82,82,82.1,82.1,82.2,82.3,81.6,81.5,81.2,81.9,82,82.2,82.4,82.49,82.69,82.79,82.99,83.09,83.29,83.39,83.49,83.68,83.78,83.88,84.08,84.18,84.28,84.38,84.58,84.68,84.78,84.87,85.07,85.17,85.27,85.37,85.47,85.57,85.77,85.87,85.97,86.06,86.26,86.36,86.46,86.56,86.66,86.76,86.96,87.06,87.16,87.25,87.35,87.45,87.55,87.65,87.75,87.85,87.95,88.05,88.25,88.34,88.44,88.54,88.64,88.74,88.84,88.94,89.04,89.14,89.24,89.34,89.44,89.53,89.63,89.83,89.93,90.03,90.13,90.23,90.33,90.43,90.53,90.63,90.72,90.82,90.92
che,Switzerland,38,38,38,38,38,38,38,38,38,38,38,38,38,38,38,38,38,38,38,38,38,38,38,38,38,38,38,38,38,38,38,38,38,38,38,38,38,38,38,38,38,38,38,38,38,38,38,38,38,38,38,38,38,38,38,38,38,38,38,38,38,38,38,38,38,38,38,38,38,37.99,37.99,37.99,37.99,37.99,37.99,37.99,40.09,40,40.46,41.8,42.4,41.86,42.97,44.93,44.99,43.82,44.67,45.43,45.96,45.13,44.94,44.7,47.22,46.06,45.78,46.82,48.86,49.08,48.18,49.27,47.46,48.92,50.39,50.01,49.14,49.65,50.7,51.17,52.24,51.59,52.89,51.7,54.4,54.19,55.1,55.92,56.56,55.78,46.28,54.94,54.35,57.84,58.47,60.01,59.46,59.92,60.61,60.07,60.44,60.14,61.39,61.2,61.19,62.37,62.85,62.09,63.14,63.47,63.81,63.97,63.54,64.94,65.61,65.8,64.84,65.38,66.03,66.22,67.3,67.93,68.9,69,69.5,69.7,70,70.2,70.3,70.7,71.3,71.6,71.7,71.8,71.6,71.6,72.1,72.3,72.6,72.8,72.8,72.9,73.2,73.5,73.8,74.2,74.5,74.9,75.1,75.4,75.5,75.7,75.8,76,76.2,76.4,76.8,77,77.2,77.5,77.6,77.7,77.7,77.9,78.1,78.4,78.6,78.8,79.1,79.4,79.7,79.9,80.1,80.4,80.6,80.8,81.2,81.4,81.7,81.9,82.1,82.2,82.4,82.7,82.8,82.9,83.1,83.2,83.4,83.6,83.7,83.9,83.1,83.6,83.7,84.4,84.5,84.6,84.8,84.9,85,85.2,85.3,85.4,85.61,85.71,85.81,85.91,86.01,86.21,86.31,86.41,86.51,86.61,86.81,86.91,87.01,87.11,87.21,87.31,87.51,87.62,87.72,87.82,87.92,88.12,88.22,88.32,88.42,88.52,88.62,88.72,88.82,89.02,89.12,89.22,89.32,89.42,89.52,89.62,89.73,89.83,89.93,90.13,90.23,90.33,90.43,90.53,90.63,90.73,90.83,90.93,91.03,91.13,91.33,91.43,91.53,91.63,91.73,91.84,91.94,92.04,92.14,92.24,92.44,92.54,92.64,92.74,92.84,92.94,93.04,93.14,93.24
chl,Chile,32,32,32,32,32,32,32,32,32,32,32,32,32,32,32,32,32,32,32,32,32,32,32,32,32,32,32,32,32,32,32,32,32,32,32,32,32,32,32,32,32,32,32,32,32,32,32,32,32,32,32,31.98,31.96,31.94,31.92,31.9,31.87,31.85,31.83,31.81,31.79,31.77,31.75,31.73,31.71,31.69,31.66,31.64,31.62,31.6,31.58,31.56,31.54,31.52,31.5,31.48,31.46,31.43,31.41,31.39,31.37,31.35,31.33,31.31,31.29,31.27,31.25,31.23,31.2,31.18,31.16,31.14,31.12,31.1,31.08,31.06,31.04,31.02,30.99,30.97,30.95,30.93,30.91,30.6,30.29,29.98,29.67,29.36,29.61,29.86,30.11,30.36,30.61,30.64,30.68,30.72,30.75,30.79,27.01,30.52,30.38,30.25,30.11,31.12,32.13,33.13,34.13,35.14,35.43,35.73,36.03,36.33,36.62,36.67,36.72,36.77,36.82,36.87,37.77,38.67,39.56,40.45,41.33,42.03,42.72,43.41,44.1,44.8,46.77,48.73,50.7,51.8,53.7,54.9,55.2,55.3,55.7,55.9,56.2,56.2,55.2,57.2,57.2,57.2,58.1,58.7,59.7,60.3,61,61.6,62.3,62.5,62.7,63.5,65.5,66.5,66.9,67.7,68.5,69.1,69.8,70.8,71.2,71.2,71.5,72.1,72.9,73.3,73.4,73.3,73.5,74.2,74.8,75,75.2,75.3,75.6,76.1,76.4,76.7,77,77.1,77.4,77.6,77.8,78.1,78.4,78.5,78.9,78.9,78.8,79.2,79.4,79.5,79.7,79.8,80.1,80.4,80.7,80.8,79.4,78.7,79.6,80.8,81,81.1,81.3,81.5,81.7,81.8,81.99,82.19,82.39,82.49,82.69,82.89,82.99,83.19,83.29,83.49,83.69,83.79,83.98,84.08,84.28,84.38,84.48,84.68,84.78,84.98,85.08,85.18,85.38,85.48,85.58,85.78,85.87,85.97,86.17,86.27,86.37,86.47,86.67,86.77,86.87,86.97,87.07,87.27,87.37,87.47,87.57,87.67,87.77,87.87,88.06,88.16,88.26,88.36,88.46,88.56,88.66,88.76,88.86,88.96,89.06,89.26,89.36,89.46,89.56,89.66,89.76,89.86,89.95,90.05,90.15,90.25,90.35,90.45,90.55,90.65,90.85
chn,China,32,32,32,32,32,32,32,32,32,32,32,32,32,32,32,32,32,32,32,32,32,32,32,32,32,32,32,32,32,32,32,32,32,32,32,32,32,32,32,32,32,32,32,32,32,32,32,32,32,32,32,31.05,30.1,29.14,28.18,27.22,26.25,27.01,27.78,28.54,29.31,30.08,30.86,31.63,32.41,32.5,32.6,32.69,32.79,32.88,32.98,33.07,33.13,33.18,33.23,33.28,30.73,28.69,26.33,29.82,33.53,33.59,33.64,33.69,33.74,33.79,33.84,33.89,33.94,33.99,34.05,34.1,34.15,34.2,34.25,34.3,34.35,34.4,34.46,34.51,34.56,34.61,34.66,34.71,34.76,34.81,34.86,34.92,34.97,35.02,35.07,35.12,35.17,35.22,35.27,35.32,35.38,35.43,24.85,35.53,35.58,35.63,35.68,35.73,35.79,35.84,36.29,28.81,37.2,33.62,38.12,38.63,39.14,39.64,40.15,40.66,41.18,38.73,38.62,38.96,39.3,38.89,36.58,33.13,40.01,42.31,44.03,45.3,45.87,46.46,47.6,48.8,49.7,50.6,51.3,52,52.6,53.3,47.3,39.4,26.4,38.5,51.8,55.7,56.2,56.6,56.9,57.1,57.3,57.8,58.4,58.9,59.4,59.8,60.3,60.8,60.7,61.5,62,62.2,62.8,63.4,63.9,64.4,65,65.6,66.1,66.4,66.6,66.7,66.8,67,67.3,67.7,68,68.4,68.8,69.3,69.7,70,70.3,70.7,71.2,71.8,72.4,73,73.7,74.3,74.6,75.4,76,76.7,77.3,77.8,78.2,78.4,78.4,78.6,79.2,80.1,80.7,80.2,79.9,80.1,80.1,80.51,81.13,81.33,81.54,81.74,81.95,82.15,82.36,82.56,82.77,82.98,83.18,83.39,83.59,83.69,83.9,84.11,84.31,84.41,84.62,84.82,84.93,85.13,85.34,85.44,85.65,85.75,85.95,86.06,86.26,86.36,86.57,86.67,86.88,86.98,87.19,87.29,87.49,87.6,87.7,87.9,88.01,88.21,88.32,88.42,88.62,88.73,88.83,88.93,89.14,89.24,89.34,89.45,89.55,89.75,89.86,89.96,90.06,90.16,90.27,90.47,90.57,90.68,90.78,90.88,91.09,91.19,91.29,91.4,91.5,91.6,91.7,91.91,92.01,92.12,92.22
civ,Cote d'Ivoire,31.16,31.16,31.16,31.16,31.16,31.16,31.16,31.16,31.16,31.16,31.16,31.16,31.16,31.16,31.16,31.16,31.16,31.16,31.16,31.16,31.16,31.16,31.16,31.16,31.16,31.16,31.16,31.16,31.16,31.16,31.16,31.16,31.16,31.16,31.16,31.16,31.16,31.16,31.16,31.16,31.16,31.16,31.16,31.16,31.16,31.16,31.16,31.16,31.16,31.16,31.16,31.26,31.36,31.45,31.55,31.65,31.75,31.85,31.94,32.04,32.14,32.24,32.34,32.43,32.53,32.63,32.73,32.83,32.92,33.02,33.12,33.22,33.32,33.41,33.51,33.61,33.71,33.81,33.91,34,34.1,34.2,34.3,34.4,34.49,34.59,34.69,34.79,34.89,34.98,35.08,35.18,35.28,35.38,35.47,35.57,35.67,35.77,35.87,35.96,36.06,36.16,36.26,36.36,36.45,36.55,36.65,36.75,36.85,36.94,37.04,37.14,37.24,37.34,37.43,37.53,37.63,37.73,14.63,37.92,38.02,38.12,38.22,38.32,38.41,38.51,38.61,38.71,38.81,38.91,39,39.1,39.2,39.3,39.4,39.49,39.59,39.69,39.79,39.89,39.98,40.16,40.32,40.5,40.67,40.84,41.01,41.18,41.36,41.53,41.7,41.9,42.1,42.1,42.4,42.7,42.9,43.1,43.5,43.9,44.3,44.7,45.1,45.6,46.1,46.6,47,47.4,47.9,48.4,48.9,49.4,49.9,50.5,51,51.5,52.1,52.5,53.1,53.5,53.9,54.3,54.6,54.9,55.2,55.4,55.5,55.4,55.3,54.9,54.5,54.1,53.6,53,52.5,52,51.8,51.6,51.6,51.8,52,52.8,53.3,54.2,54.9,56.1,57.2,58.1,58.9,59.4,59.6,59.8,60.1,60.3,60.8,61.1,61.7,62.3,62.9,63.5,63.1,63.2,63.9,64.3,64.51,64.72,64.82,65.03,65.23,65.34,65.55,65.65,65.86,65.96,66.17,66.38,66.48,66.59,66.79,66.9,67.1,67.21,67.31,67.52,67.62,67.83,67.94,68.04,68.25,68.35,68.46,68.66,68.77,68.87,68.97,69.18,69.29,69.39,69.6,69.7,69.81,69.91,70.12,70.22,70.32,70.43,70.53,70.74,70.84,70.95,71.05,71.16,71.26,71.36,71.57,71.68,71.78,71.88,71.99,72.19,72.3,72.4,72.51,72.61,72.71,72.82,73.03,73.13,73.23,73.34,73.44,73.55,73.65,73.75,73.96,74.06,74.17,74.27,74.38,74.48,74.58
cmr,Cameroon,28.75,28.75,28.75,28.75,28.75,28.75,28.75,28.75,28.75,28.75,28.75,28.75,28.75,28.75,28.75,28.75,28.75,28.75,28.75,28.75,28.75,28.75,28.75,28.75,28.75,28.75,28.75,28.75,28.75,28.75,28.75,28.75,28.75,28.75,28.75,28.75,28.75,28.75,28.75,28.75,28.75,28.75,28.75,28.75,28.75,28.75,28.75,28.75,28.75,28.75,28.75,28.76,28.77,28.77,28.78,28.79,28.8,28.81,28.81,28.82,28.83,28.84,28.85,28.85,28.86,28.87,28.88,28.88,28.89,28.9,28.91,28.92,28.92,28.93,28.94,28.95,28.96,28.96,28.97,28.98,28.99,29,29,29.01,29.02,29.03,29.04,29.04,29.05,29.06,29.07,29.07,29.08,29.09,29.1,29.11,29.11,29.12,29.13,29.14,29.15,29.15,29.16,29.17,29.18,29.19,29.19,29.2,29.21,29.22,29.23,29.23,29.24,29.25,29.26,29.26,29.27,29.28,5.77,29.3,29.3,29.31,29.32,29.33,29.34,29.34,29.35,29.36,29.37,29.38,29.38,29.39,29.4,29.41,29.42,29.42,29.43,29.44,29.45,29.46,29.46,29.57,29.67,29.78,29.88,30,31.96,33.95,35.92,37.92,39.9,40.3,40.6,41.2,41.7,42.3,42.9,42.4,42.9,43.4,24.7,25.8,45.4,45.9,46.3,46.6,47.1,47.4,47.7,48.1,48.4,48.7,49,49.3,49.5,49.7,49.9,50.1,50.4,50.7,51,51.4,51.8,52.3,52.7,53.3,53.5,54.3,54.6,54.9,55,55,54.9,54.7,54.6,54.1,53.7,53.2,52.7,52.3,51.8,51.9,51.8,52.1,52.9,53.5,53.7,54.4,54.9,55.3,55.7,56.2,56.7,57,57.4,57.7,58.7,59.6,60.2,60.7,60.2,59,61.5,62,62.29,62.49,62.78,63.07,63.27,63.56,63.75,64.04,64.24,64.43,64.63,64.82,65.11,65.31,65.5,65.7,65.8,65.99,66.19,66.38,66.57,66.77,66.96,67.16,67.26,67.45,67.65,67.84,68.03,68.13,68.33,68.42,68.62,68.81,68.91,69.11,69.2,69.4,69.49,69.69,69.88,69.98,70.18,70.27,70.47,70.57,70.76,70.95,71.05,71.25,71.34,71.44,71.64,71.83,71.93,72.03,72.22,72.32,72.51,72.61,72.8,72.9,73.1,73.19,73.39,73.49,73.68,73.78,73.87,74.07,74.17,74.36,74.46,74.65,74.75,74.95,75.04
cod,"Congo, Dem. Rep.",31.6,31.6,31.6,31.6,31.6,31.6,31.6,31.6,31.6,31.6,31.6,31.6,31.6,31.6,31.6,31.6,31.6,31.6,31.6,31.6,31.6,31.6,31.6,31.6,31.6,31.6,31.6,31.6,31.6,31.6,31.6,31.6,31.6,31.6,31.6,31.6,31.6,31.6,31.6,31.6,31.6,31.6,31.6,31.6,31.6,31.6,31.6,31.6,31.6,31.6,31.6,31.62,31.65,31.67,31.7,31.72,31.75,31.77,31.79,31.82,31.84,31.87,31.89,31.92,31.94,31.96,31.99,32.01,32.04,32.06,32.09,32.11,32.14,32.16,32.18,32.21,32.23,32.26,32.28,32.31,32.33,32.35,32.38,32.4,32.43,32.45,32.48,32.5,32.52,32.55,32.57,32.6,32.62,32.65,32.67,32.69,32.72,32.74,32.77,32.79,32.82,32.84,32.87,32.89,32.91,32.94,32.96,32.99,33.01,33.04,33.06,33.08,33.11,33.13,33.16,33.18,33.21,33.23,9.52,33.28,33.3,33.33,33.35,33.38,33.4,33.42,33.45,33.47,33.5,33.52,33.55,33.57,33.6,33.62,33.64,33.67,33.69,33.72,33.74,33.77,33.79,34.68,35.58,36.48,37.38,38.28,39.19,40.09,40.99,41.9,42.8,43.2,43.4,43.7,44,44.1,44.3,44.5,44.7,44.8,44.9,45,45.3,45.6,45.4,45.6,46.2,46.4,46.7,47.1,47.4,47.7,48,48.4,48.9,49.2,49.5,49.7,49.9,50.2,50.5,50.6,50.8,50.9,51.1,51.3,51.4,51.5,51.8,52.1,52.2,52.1,52.2,52,52,52.1,50.7,51.8,52.1,52.2,52.5,52.8,52.8,53.3,54,54.6,55.2,55.7,56.1,56.4,57.1,57.5,58,58.5,58.9,59.4,59.8,60.2,60.5,60.6,59.6,59.7,60.7,61.3,61.5,61.6,61.8,61.99,62.09,62.29,62.39,62.59,62.69,62.88,63.08,63.18,63.38,63.48,63.68,63.78,63.97,64.07,64.17,64.37,64.47,64.67,64.77,64.96,65.06,65.16,65.36,65.46,65.56,65.76,65.86,65.95,66.05,66.25,66.35,66.45,66.55,66.65,66.75,66.85,67.04,67.14,67.24,67.34,67.44,67.64,67.74,67.84,67.94,68.03,68.23,68.33,68.43,68.53,68.63,68.83,68.93,69.02,69.12,69.22,69.32,69.42,69.52,69.72,69.82,69.92,70.01,70.11,70.21,70.41,70.51,70.61,70.71,70.81,71.01,71.1,71.2
cog,"Congo, Rep.",32.7,32.7,32.7,32.7,32.7,32.7,32.7,32.7,32.7,32.7,32.7,32.7,32.7,32.7,32.7,32.7,32.7,32.7,32.7,32.7,32.7,32.7,32.7,32.7,32.7,32.7,32.7,32.7,32.7,32.7,32.7,32.7,32.7,32.7,32.7,32.7,32.7,32.7,32.7,32.7,32.7,32.7,32.7,32.7,32.7,32.7,32.7,32.7,32.7,32.7,32.7,32.67,32.63,32.6,32.57,32.54,32.5,32.47,32.44,32.41,32.37,32.34,32.31,32.27,32.24,32.21,32.18,32.14,32.11,32.08,32.05,32.01,31.98,31.95,31.91,31.88,31.85,31.82,31.78,31.75,31.72,31.69,31.65,31.62,31.59,31.55,31.52,31.49,31.46,31.42,31.39,31.36,31.32,31.29,31.26,31.23,31.19,31.16,31.13,31.1,31.06,31.03,31,30.96,30.93,30.9,30.87,30.83,30.8,30.77,30.74,30.7,30.67,30.64,30.6,30.57,30.54,30.51,11.79,30.44,30.41,30.38,30.34,30.31,30.28,30.24,30.21,30.18,30.15,30.11,30.08,30.05,30.02,29.98,29.95,29.92,29.88,29.85,29.82,29.79,29.75,29.7,29.65,29.61,29.56,29.51,31.08,32.63,34.2,35.75,37.3,37.7,37.8,38.2,38.6,38.7,39.1,39.4,39.8,40.1,40.4,40.8,41.2,41.7,42.1,42.4,42.8,43.1,43.7,44.2,44.7,45.3,45.9,46.5,47.2,47.8,48.4,48.9,49.4,50,50.7,51.5,52.3,53,53.7,54.4,54.8,55.2,55.3,55.3,55.2,55,54.9,54.2,53.9,54,54,48.1,52.4,54.4,55.2,56.5,57,57.5,58.4,59.2,60,60.4,61.1,61.7,62,62.6,62.7,63,63.2,63.4,63.5,63.7,63.8,63.7,62.7,61.9,63.5,63.7,63.89,64.09,64.28,64.47,64.67,64.86,65.06,65.25,65.44,65.64,65.83,65.93,66.12,66.31,66.41,66.6,66.8,66.89,67.09,67.28,67.38,67.57,67.67,67.86,67.96,68.15,68.25,68.44,68.54,68.64,68.83,68.93,69.12,69.22,69.41,69.51,69.61,69.8,69.9,70.09,70.19,70.38,70.48,70.57,70.77,70.86,71.06,71.15,71.35,71.44,71.54,71.74,71.83,71.93,72.03,72.22,72.32,72.51,72.61,72.7,72.9,72.99,73.09,73.28,73.38,73.48,73.67,73.77,73.96,74.06,74.16,74.35,74.45,74.54,74.74,74.83,74.93
col,Colombia,32,32,32,32,32,32,32,32,32,32,32,32,32,32,32,32,32,32,32,32,32,32,32,32,32,32,32,32,32,32,32,32,32,32,32,32,32,32,32,32,32,32,32,32,32,32,32,32,32,32,32,32.03,32.06,32.09,32.12,32.15,32.18,32.21,32.24,32.27,32.3,32.34,32.37,32.4,32.43,32.46,32.49,32.52,32.55,32.58,32.61,32.64,32.67,32.7,32.73,32.76,32.79,32.82,32.85,32.88,32.91,32.94,32.98,33.01,33.04,33.07,33.1,33.13,33.16,33.19,33.22,33.25,33.28,33.31,33.34,33.37,33.4,33.43,33.46,33.49,33.52,33.55,33.58,33.62,33.65,33.68,33.71,33.74,33.77,33.8,33.83,33.86,33.89,33.92,33.95,33.98,34.01,34.04,30.11,34.1,34.13,34.16,34.19,34.22,34.26,34.29,34.32,34.35,34.38,34.41,34.44,35.09,35.74,36.4,37.04,37.7,38.35,39.02,39.67,40.66,41.64,42.7,43.76,44.82,45.88,47.17,48.48,49.78,51.08,52.39,53.7,54.4,55.4,56.2,57,57.2,56.6,57.3,57.7,58,58.4,59.1,59.7,60.3,60.7,61,61.2,61.5,62.7,64.3,65.5,65.5,64.7,64.2,64.5,65.3,66.1,67.1,68,68.6,69.3,69.7,70.2,70.4,70.4,68.3,70.5,70.8,71.1,71.6,71.9,72,72.2,72.6,72.9,73.2,73.4,74,74.2,74,73.8,74,74.2,75.1,75.7,76.3,76.6,77,77.3,77.7,78,78.6,78.9,79.2,79.3,79.3,79.4,79.6,79.6,80,77.5,75.3,78.7,80.1,80.31,80.51,80.72,80.92,81.03,81.23,81.44,81.65,81.85,81.96,82.16,82.37,82.57,82.78,82.88,83.09,83.3,83.5,83.61,83.81,84.02,84.12,84.33,84.53,84.64,84.84,84.95,85.15,85.36,85.46,85.67,85.77,85.98,86.08,86.29,86.39,86.59,86.7,86.8,87.01,87.11,87.32,87.42,87.52,87.73,87.83,87.93,88.14,88.24,88.35,88.55,88.66,88.76,88.86,88.97,89.17,89.27,89.38,89.48,89.69,89.79,89.89,90,90.1,90.2,90.41,90.51,90.62,90.72,90.82,90.92,91.03,91.13,91.23,91.34,91.54,91.65
com,Comoros,32.1,32.1,32.1,32.1,32.1,32.1,32.1,32.1,32.1,32.1,32.1,32.1,32.1,32.1,32.1,32.1,32.1,32.1,32.1,32.1,32.1,32.1,32.1,32.1,32.1,32.1,32.1,32.1,32.1,32.1,32.1,32.1,32.1,32.1,32.1,32.1,32.1,32.1,32.1,32.1,32.1,32.1,32.1,32.1,32.1,32.1,32.1,32.1,32.1,32.1,32.1,32.19,32.27,32.36,32.45,32.54,32.62,32.71,32.8,32.89,32.97,33.06,33.15,33.24,33.32,33.41,33.5,33.59,33.67,33.76,33.85,33.94,34.02,34.11,34.2,34.29,34.37,34.46,34.55,34.63,34.72,34.81,34.9,34.98,35.07,35.16,35.25,35.33,35.42,35.51,35.6,35.68,35.77,35.86,35.95,36.03,36.12,36.21,36.3,36.38,36.47,36.56,36.64,36.73,36.82,36.91,36.99,37.08,37.17,37.26,37.34,37.43,37.52,37.61,37.69,37.78,37.87,37.96,14.71,38.13,38.22,38.31,38.39,38.48,38.57,38.66,38.74,38.83,38.92,39,39.09,39.18,39.27,39.35,39.44,39.53,39.62,39.7,39.79,39.88,39.97,40.09,40.22,40.34,40.47,40.59,42.74,44.89,47.05,49.22,51.4,46.3,51.3,51.5,51.5,51.4,51.4,51.4,51.3,51.3,51.4,51.4,51.6,51.8,52,52.1,52.4,52.6,52.9,53.2,53.6,54,54.4,54.8,55.3,55.9,56.4,57,57.6,58.3,59,59.7,60.6,61.2,62.3,63.1,63.9,64.6,65.3,65.8,66.5,66.9,67.3,67.8,68.2,68.7,67.7,69.3,69.2,70.5,70.1,71.2,71.1,72,72.8,72.7,73.3,72.7,73.6,73.2,74.8,74.2,75,75.1,74.8,75.1,75.4,75.5,76,75.7,74.3,71.6,75.4,76.3,76.53,76.76,77.1,77.33,77.56,77.78,78.13,78.36,78.58,78.81,79.04,79.27,79.5,79.73,79.96,80.18,80.41,80.53,80.75,80.98,81.21,81.44,81.55,81.78,82.01,82.13,82.35,82.58,82.81,82.92,83.15,83.38,83.5,83.72,83.84,84.07,84.3,84.41,84.64,84.87,84.98,85.21,85.32,85.55,85.67,85.89,86.12,86.24,86.47,86.58,86.81,86.92,87.15,87.27,87.49,87.61,87.84,87.95,88.18,88.29,88.52,88.64,88.86,89.09,89.21,89.32,89.55,89.66,89.89,90.01,90.24,90.35,90.58,90.69,90.92,91.03,91.15
cpv,Cape Verde,33.8,33.8,33.8,33.8,33.8,33.8,33.8,33.8,33.8,33.8,33.8,33.8,33.8,33.8,33.8,33.8,33.8,33.8,33.8,33.8,33.8,33.8,33.8,33.8,33.8,33.8,33.8,33.8,33.8,33.8,33.8,33.8,33.8,33.8,33.8,33.8,33.8,33.8,33.8,33.8,33.8,33.8,33.8,33.8,33.8,33.8,33.8,33.8,33.8,33.8,33.8,33.87,33.95,34.02,34.09,34.17,34.24,34.31,34.39,34.46,34.53,34.61,34.68,34.75,34.83,34.9,34.97,35.05,35.12,35.19,35.27,35.34,35.41,35.49,35.56,35.63,35.71,35.78,35.85,35.93,36,36.07,36.15,36.22,36.29,36.37,36.44,36.51,36.59,36.66,36.73,36.81,36.88,36.95,37.03,37.1,37.17,37.25,37.32,37.39,37.47,37.54,37.61,37.69,37.76,37.83,37.91,37.98,38.05,38.13,38.2,38.27,38.35,38.42,38.49,38.57,38.64,38.71,15,38.86,38.93,39,39.08,39.15,39.22,39.3,39.37,39.44,39.52,39.59,39.66,39.74,39.81,39.88,39.96,40.03,41.21,42.4,43.59,44.77,45.98,47.24,48.5,49.79,51.06,52.33,53.62,54.91,56.2,57.5,58.8,58.7,58.6,58.8,58.6,58.3,58.3,58.2,58.1,58.1,58.2,58.4,58.5,58.7,58.8,59,59.4,59.7,60.1,60.5,60.9,61.2,61.7,62.3,62.8,63.3,63.7,64.3,64.8,65.2,65.6,66,66.4,66.8,67,67.7,68.1,68.5,68.9,69.2,69.6,69.6,69.9,70.1,70.1,68.1,71.1,71.3,71.6,71.8,72.2,72.5,72.7,72.9,73.2,73.5,73.9,73.8,74.5,74.7,75,74.9,75,75.1,75.2,75,75.2,75.3,75.1,75.3,73.3,72.3,74.8,75.7,75.8,76,76.2,76.3,76.5,76.69,76.79,76.99,77.19,77.39,77.49,77.69,77.89,78.09,78.19,78.39,78.58,78.68,78.88,79.08,79.18,79.38,79.58,79.68,79.88,80.08,80.18,80.38,80.57,80.67,80.87,81.07,81.17,81.37,81.57,81.67,81.87,81.97,82.17,82.27,82.46,82.56,82.76,82.86,82.96,83.16,83.26,83.46,83.56,83.76,83.86,83.96,84.16,84.25,84.35,84.55,84.65,84.75,84.95,85.05,85.15,85.25,85.45,85.55,85.65,85.75,85.85,86.05,86.14,86.24,86.34,86.54,86.64,86.74,86.84,87.04,87.14
cri,Costa Rica,30.21,30.21,30.21,30.21,30.21,30.21,30.21,30.21,30.21,30.21,30.21,30.21,30.21,30.21,30.21,30.21,30.21,30.21,30.21,30.21,30.21,30.21,30.21,30.21,30.21,30.21,30.21,30.21,30.21,30.21,30.21,30.21,30.21,30.21,30.21,30.21,30.21,30.21,30.21,30.21,30.21,30.21,30.21,30.21,30.21,30.21,30.21,30.21,30.21,30.21,30.21,30.23,30.24,30.26,30.27,30.29,30.3,30.32,30.33,30.35,30.36,30.38,30.39,30.41,30.42,30.44,30.45,30.47,30.48,30.5,30.51,30.53,30.54,30.56,30.57,30.59,30.6,30.62,30.63,30.65,30.66,30.68,30.69,30.71,30.72,30.73,30.74,30.76,30.77,30.79,31.22,31.65,32.09,32.52,32.96,33.38,33.82,34.26,34.69,35.13,35.57,35.62,35.68,35.74,35.8,35.86,35.92,35.98,36.03,36.09,36.15,36.17,36.19,36.2,36.22,36.24,36.26,36.27,32.08,36.31,36.33,37.08,37.83,38.59,39.34,40.1,40.85,41.61,42.37,43.13,43.89,44.4,44.91,45.42,45.93,46.44,46.95,47.47,47.98,48.49,49.01,50.01,51.02,52.03,53.04,54.05,55.06,56.07,57.08,58.1,59.1,59.6,60.3,61.2,61.8,62.6,63.4,63.9,64.2,64.4,64.9,65.3,65.5,65.7,65.9,66.2,66.6,67,67.3,67.8,68.4,69,69.7,70.5,71.2,72,72.7,73.3,73.9,74.4,74.9,75.2,75.5,75.7,75.7,75.8,76,76.2,76.4,76.6,76.7,76.7,76.8,76.8,76.7,76.7,76.8,77.2,77.3,77.4,77.6,77.9,78.3,78.5,78.7,79.1,79.3,79.7,79.8,79.9,79.8,79.9,80,80,80,80,79.9,80,80.1,80.4,79.4,77.9,79,79.4,79.6,79.79,79.99,80.19,80.38,80.48,80.68,80.87,81.07,81.27,81.37,81.56,81.76,81.86,82.05,82.25,82.35,82.54,82.64,82.84,82.94,83.13,83.23,83.33,83.53,83.63,83.82,83.92,84.02,84.22,84.31,84.41,84.61,84.71,84.8,85,85.1,85.2,85.3,85.49,85.59,85.69,85.79,85.89,86.08,86.18,86.28,86.38,86.48,86.67,86.77,86.87,86.97,87.06,87.16,87.36,87.46,87.56,87.65,87.75,87.85,87.95,88.05,88.15,88.34,88.44,88.54,88.64,88.74,88.83,88.93,89.03,89.13,89.23,89.32,89.42,89.62
cub,Cuba,32.2,32.33,32.45,32.58,32.7,32.86,33.02,33.18,33.34,33.5,33.64,33.78,33.92,34.06,34.2,34.3,34.4,34.5,34.6,34.7,35.04,35.38,35.72,36.06,36.4,36.24,36.08,35.92,35.76,35.6,35.74,35.88,36.02,36.16,36.3,36.36,36.42,36.48,36.54,36.6,36.48,36.36,36.24,36.12,36,36.04,36.08,36.12,36.16,36.2,36.26,36.39,36.52,36.65,36.78,36.87,36.96,37.05,37.15,37.24,36.94,36.64,36.34,36.04,35.74,34.74,33.73,32.72,31.71,30.69,30.81,30.93,31.05,31.17,31.29,32.58,33.88,35.19,36.49,37.81,38.98,40.15,41.33,42.51,43.7,44.35,45.01,45.67,46.33,47,42.6,38.18,33.76,29.31,24.85,24.02,23.19,22.36,21.53,20.69,36.31,36.61,36.9,37.2,37.49,37.79,38.09,38.39,38.69,39,39.31,39.61,39.92,40.23,40.54,40.85,41.17,41.49,26.95,42.12,42.44,42.83,43.21,43.6,43.99,44.38,45.09,45.78,46.49,47.2,47.92,48.7,49.5,50.29,51.1,51.89,52.66,53.42,54.19,54.96,55.73,56.63,57.55,58.46,59.37,60.3,62.13,63.96,65.8,67.65,69.5,69.9,70.1,70.1,70.2,70.2,70,70.2,70.3,70.8,70.7,70.2,70.4,69.8,70.5,70.7,70.9,71.1,71.1,71.3,71.6,72.1,72.7,73.2,73.4,73.5,73.5,73.5,73.6,73.8,74,74.2,74.5,74.7,74.7,74.8,75,75.1,75.2,75.3,75.3,75.4,75.3,75.3,75.4,75.6,75.8,76.2,76.5,76.8,77.2,77.5,78,78.1,78.1,78.1,78.4,78.6,78.5,78.5,78.5,78.8,78.9,78.7,78.5,78.4,78.4,78.2,78.2,78.3,77.8,73.6,77.5,78.1,78.3,78.4,78.6,78.8,79,79.1,79.3,79.5,79.7,79.8,80,80.2,80.3,80.5,80.7,80.8,81,81.2,81.3,81.5,81.6,81.8,82,82.1,82.3,82.4,82.6,82.7,82.9,83,83.2,83.3,83.5,83.6,83.7,83.9,84,84.1,84.3,84.4,84.5,84.7,84.8,84.9,85.1,85.2,85.3,85.5,85.6,85.7,85.8,85.9,86.1,86.2,86.3,86.4,86.6,86.7,86.8,86.9,87,87.1,87.3,87.4,87.5,87.6,87.7,87.9,88,88.1,88.2,88.3,88.4,88.5,88.6,88.7,88.8
cyp,Cyprus,38.5,38.5,38.5,38.5,38.5,38.5,38.5,38.5,38.5,38.5,38.5,38.5,38.5,38.5,38.5,38.5,38.5,38.5,38.5,38.5,38.5,38.5,38.5,38.5,38.5,38.5,38.5,38.5,38.5,38.5,38.5,38.5,38.5,38.5,38.5,38.5,38.5,38.5,38.5,38.5,38.51,38.51,38.51,38.51,38.51,38.51,38.51,38.51,38.51,38.51,38.51,38.49,38.47,38.44,38.42,38.4,38.38,38.35,38.33,38.31,38.29,38.27,38.24,38.22,38.2,38.18,38.16,38.13,38.11,38.09,38.07,38.04,38.02,38,37.98,37.96,37.93,37.91,37.89,37.87,37.85,37.82,37.8,37.78,37.76,37.73,37.71,37.69,37.67,37.65,37.62,37.6,37.58,37.56,37.54,37.51,38.12,38.73,39.34,39.95,40.56,41.16,41.76,42.37,42.97,43.58,43.79,44,44.21,44.43,44.63,44.85,45.05,45.27,45.48,45.69,45.75,45.82,25.14,45.96,46.03,46.1,46.17,46.23,46.3,46.37,46.34,46.31,46.29,46.26,46.23,46.2,46.17,46.15,46.12,46.09,46.06,46.03,46.8,47.56,48.32,49.1,49.85,50.62,52.26,53.91,55.55,57.19,58.83,60.47,62.1,62.2,62.3,62.1,62.2,61.7,61.8,62.2,62.8,63.4,64.3,64.7,65.2,65.6,66,66.5,66.9,67.3,67.8,68.3,68.9,69.2,69.5,69.6,50.3,69.7,70.2,70.9,71.2,71.5,71.7,71.9,72.2,72.6,73,73.6,73.9,74.3,74.5,74.9,75,75.2,75.5,75.6,75.9,76,76.1,76.2,76.3,76.8,77.1,77.4,77.7,77.9,78.1,78.2,78.5,78.7,78.9,79.1,79.3,79.5,79.6,79.8,79.9,80.1,80.2,80.3,80.4,80.3,80.1,79.7,80,80.5,80.7,80.89,81.09,81.19,81.39,81.59,81.68,81.88,81.98,82.18,82.37,82.47,82.67,82.77,82.87,83.06,83.16,83.36,83.46,83.66,83.76,83.85,84.05,84.15,84.25,84.35,84.54,84.64,84.74,84.94,85.04,85.14,85.24,85.43,85.53,85.63,85.73,85.83,86.02,86.12,86.22,86.32,86.42,86.52,86.72,86.81,86.91,87.01,87.11,87.21,87.31,87.41,87.6,87.7,87.8,87.9,88,88.1,88.19,88.29,88.49,88.59,88.69,88.79,88.89,88.98,89.08,89.18,89.28,89.38,89.48,89.58,89.67,89.77,89.87,89.97,90.17
cze,Czech Republic,34.95,34.95,34.95,34.95,34.95,34.95,34.95,34.95,34.95,34.95,34.95,34.95,34.95,34.95,34.95,34.95,34.95,34.95,34.95,34.95,34.95,34.95,34.95,34.95,34.95,34.95,34.95,34.95,34.95,34.95,34.95,34.95,34.95,34.95,34.95,34.95,34.95,34.95,34.95,34.95,34.95,34.95,34.95,34.95,34.95,34.95,34.95,34.95,34.95,34.95,34.95,34.95,34.96,34.96,34.96,34.97,34.97,34.97,34.98,34.98,34.98,34.99,34.99,34.99,35,35,35,35.01,35.01,35.01,35.02,35.02,35.02,35.03,35.03,35.03,35.05,35.05,35.05,35.06,35.07,35.07,35.08,35.08,35.09,35.1,35.1,35.1,35.12,35.12,35.12,35.13,35.14,35.14,35.15,36.03,36.92,37.8,38.68,39.57,40.46,40.87,41.28,41.69,42.09,42.51,42.92,43.33,43.74,44.16,44.56,45.13,45.71,46.27,46.84,47.41,47.99,48.56,35.97,49.69,50.26,50.84,51.41,51.98,52.55,53.11,53.69,54.26,54.83,55.4,55.97,56.4,56.82,57.25,57.66,58.08,58.51,58.93,59.4,59.72,59.5,59.22,57.3,52.48,47.34,45.33,58.57,62.61,63.63,64.66,65.1,65.9,66.7,67.4,68,68.6,69,69.2,69.6,69.9,70.2,70.3,70.1,70.2,70.3,70.3,70.4,70.2,69.9,69.6,69.6,69.9,70.1,70.1,70.2,70.4,70.6,70.6,70.6,70.6,70.6,70.7,70.8,70.8,70.9,71,71.1,71.4,71.6,71.5,71.5,71.9,72.3,72.7,73.1,73.3,73.7,74,74.4,74.7,75,75.3,75.4,75.6,75.9,76.3,76.7,77,77.2,77.4,77.6,77.8,78.1,78.3,78.6,78.8,79,79.1,79.2,79.3,78.3,77.4,79.1,79.9,80.1,80.2,80.4,80.5,80.6,80.8,80.9,81.1,81.2,81.3,81.5,81.6,81.8,81.9,82.1,82.2,82.3,82.5,82.6,82.8,82.9,83,83.1,83.3,83.4,83.5,83.7,83.8,83.91,84.01,84.21,84.31,84.41,84.61,84.71,84.81,84.91,85.01,85.21,85.31,85.41,85.51,85.71,85.81,85.91,86.01,86.11,86.31,86.41,86.51,86.61,86.71,86.91,87.01,87.11,87.21,87.31,87.41,87.61,87.71,87.81,87.91,88.01,88.11,88.21,88.31,88.41,88.61,88.71,88.81,88.91,89.01,89.11,89.21,89.31,89.41,89.51
deu,Germany,38.37,38.37,38.37,38.37,38.37,38.37,38.37,38.37,38.37,38.37,38.37,38.37,38.37,38.37,38.37,38.37,38.37,38.37,38.37,38.37,38.37,38.37,38.37,38.37,38.37,38.37,38.37,38.37,38.37,38.37,38.37,38.37,38.37,38.37,38.37,38.37,38.37,38.37,38.37,38.37,38.37,38.37,38.37,38.37,38.37,38.37,38.37,38.37,38.37,38.37,38.37,38.37,38.38,38.38,38.39,38.39,38.4,38.4,38.41,38.41,38.42,38.42,38.42,38.43,38.43,38.44,38.44,38.45,38.45,38.46,38.46,38.47,38.47,38.47,38.48,38.48,38.6,38.7,38.82,38.93,39.05,39.15,39.27,39.38,39.49,39.6,39.9,40.2,40.5,40.81,41.1,41.4,41.71,42,42.31,42.61,42.92,43.23,43.55,43.86,44.18,44.49,44.8,45.12,45.43,45.75,46.34,46.94,47.55,48.15,48.75,49.35,49.95,50.55,46.53,40.84,39.29,40.4,33.2,48.71,53.94,55.47,56.09,56.7,57.32,57.93,58.35,58.77,59.18,59.6,60.02,60.44,60.86,61.27,61.7,62.12,62.42,62.71,63.01,61.64,61.3,59.63,55.6,50.25,37.41,29.33,61.2,62.82,64.45,66.08,67.7,68,68.3,68.6,68.8,68.8,68.7,68.7,69.2,69.3,69.3,69.8,69.8,70,70.4,70.4,70.6,70.7,70.4,70.2,70.4,70.7,71,71.3,71.6,71.6,72,72.6,72.7,73,73.2,73.5,73.8,74.1,74.5,74.7,75,75.3,75.4,75.6,75.6,75.7,76.1,76.2,76.5,76.7,77,77.4,77.7,77.9,78.3,78.6,78.8,78.9,79.3,79.4,79.7,79.9,80.1,80.2,80.3,80.6,80.7,80.7,81,80.8,80.9,81,81.1,81.3,81,80.6,80.5,80.9,81,81.2,81.4,81.5,81.7,81.79,81.99,82.09,82.29,82.39,82.59,82.69,82.89,82.99,83.09,83.29,83.38,83.48,83.68,83.78,83.88,84.08,84.18,84.28,84.38,84.58,84.68,84.78,84.88,85.07,85.17,85.27,85.37,85.57,85.67,85.77,85.87,85.97,86.07,86.17,86.37,86.47,86.56,86.66,86.76,86.86,86.96,87.16,87.26,87.36,87.46,87.56,87.66,87.76,87.86,88.06,88.16,88.25,88.35,88.45,88.55,88.65,88.75,88.85,88.95,89.05,89.15,89.25,89.45,89.55,89.65,89.75,89.84,89.94,90.04,90.14,90.24
dji,Djibouti,29.9,29.9,29.9,29.9,29.9,29.9,29.9,29.9,29.9,29.9,29.9,29.9,29.9,29.9,29.9,29.9,29.9,29.9,29.9,29.9,29.9,29.9,29.9,29.9,29.9,29.9,29.9,29.9,29.9,29.9,29.9,29.9,29.9,29.9,29.9,29.9,29.9,29.9,29.9,29.9,29.9,29.9,29.9,29.9,29.9,29.9,29.9,29.9,29.9,29.9,29.9,29.96,30.03,30.09,30.16,30.22,30.29,30.35,30.42,30.48,30.55,30.61,30.68,30.74,30.81,30.87,30.94,31,31.07,31.13,31.2,31.26,31.33,31.39,31.46,31.52,31.59,31.65,31.72,31.78,31.85,31.91,31.98,32.04,32.11,32.17,32.24,32.3,32.37,32.43,32.5,32.56,32.63,32.69,32.76,32.82,32.89,32.95,33.02,33.08,33.15,33.21,33.28,33.34,33.41,33.47,33.54,33.6,33.67,33.73,33.8,33.86,33.93,33.99,34.06,34.12,34.19,34.25,13.27,34.38,34.45,34.51,34.58,34.64,34.71,34.77,34.84,34.9,34.97,35.03,35.1,35.16,35.23,35.29,35.36,35.42,35.49,35.55,35.62,35.68,35.75,35.92,36.08,36.25,36.43,36.59,39.3,42,44.73,47.46,50.2,50.5,50.7,51,51.2,51.6,51.9,52.2,52.6,52.9,53.3,53.7,54,54.4,54.8,55.1,55.4,55.7,56,56.3,56.7,56.3,57.4,57.8,58.2,58.5,58.8,59.1,59.3,58.9,59.9,59.9,60.2,60.4,60.5,60.6,60.8,61,61.2,61.4,61.5,61.8,62.1,61.4,61.9,62.6,62.8,62.8,62.7,62.9,63,63.1,63.1,63.7,63.4,63.8,63.7,64.4,64.6,64.8,64.9,65.2,65.5,65.9,66.3,66.4,66.9,67.1,67.6,67.7,67,65.3,67.8,68.4,68.61,68.81,69.02,69.23,69.44,69.64,69.85,70.06,70.27,70.47,70.68,70.78,70.99,71.2,71.41,71.61,71.72,71.92,72.03,72.23,72.44,72.55,72.75,72.86,73.06,73.27,73.37,73.58,73.69,73.89,74,74.2,74.31,74.51,74.62,74.83,74.93,75.14,75.24,75.45,75.55,75.76,75.86,76.07,76.17,76.38,76.48,76.69,76.79,77,77.11,77.31,77.42,77.52,77.73,77.83,78.04,78.14,78.35,78.45,78.56,78.76,78.87,79.07,79.18,79.39,79.49,79.7,79.8,80.01,80.11,80.32,80.42,80.53,80.73,80.84,80.94
dma,Dominica,,,,,,,,,,,,,,,,,,,,,,,,,,,,,,,,,,,,,,,,,,,,,,,,,,,,,,,,,,,,,,,,,,,,,,,,,,,,,,,,,,,,,,,,,,,,,,,,,,,,,,,,,,,,,,,,,,,,,,,,,,,,,,,,,,,,,,,,,,,,,,,,,,,,,,,56.7,56.9,57.1,57,56.8,57,57.3,57.7,58.4,59.5,60.9,62.2,63.3,64,64.4,64.7,65.1,65.5,65.8,66.2,66.7,67.3,68.3,69.7,71,72,72.7,73.3,73.8,72.6,74.2,74.2,74.4,74.6,74.7,74.8,74.8,74.8,74.7,74.6,74.5,74.4,74.3,74.3,74.3,74.3,74.5,74.7,74.3,75,75.1,75.2,75.2,75.2,75.2,75.4,75.5,75.4,75.6,75.7,75.5,75.6,75.6,75.7,75.7,74.4,75.5,73.4,75.9,75.9,75.3,74.3,75.7,76.1,76.31,76.53,76.64,76.85,76.96,77.17,77.38,77.49,77.71,77.92,78.03,78.24,78.45,78.56,78.78,78.88,79.1,79.2,79.42,79.63,79.74,79.95,80.06,80.17,80.38,80.49,80.7,80.92,81.02,81.24,81.34,81.56,81.77,81.88,81.99,82.2,82.31,82.52,82.63,82.84,82.95,83.16,83.27,83.49,83.59,83.81,83.91,84.13,84.23,84.45,84.56,84.77,84.88,85.09,85.2,85.41,85.52,85.73,85.84,85.95,86.16,86.27,86.38,86.59,86.7,86.8,87.02,87.12,87.23,87.45,87.55,87.77,87.87,87.98,88.09,88.3,88.41
dnk,Denmark,37.41,38.51,44.37,44.84,42.83,43.02,43.78,42.58,39.37,39.22,41.71,39.31,36.04,40.9,38.8,42.67,44.08,46.48,46.38,45.26,43.14,39,43.36,46.37,44.56,43.14,40.26,41.11,36.64,31.02,34.11,29.25,32.53,36.2,36.53,38.35,39.92,41.5,43.11,41.86,41.06,42.64,42.49,43.85,44,43.35,40.43,40.47,40.73,39.5,43.5,44.57,43.08,38.6,44.74,46.18,46.78,42.49,40.04,44.42,45.11,47.65,47.62,47.58,40.2,39.85,42.95,44.97,45.66,46.13,46.06,46.15,47.53,47.58,46.11,44.51,45.89,47.42,47.61,46.3,44.87,48.38,46.78,48.57,48.61,49.7,49.01,48.72,46.72,47.84,47.31,46.84,47.5,47.15,49.43,50.94,53,51.87,53.16,50.72,51.96,52.67,54.75,54.82,55.82,54.42,56.61,56.14,54.97,57.45,58.1,57.02,58.11,58.95,58.55,58.48,56.99,57.33,56.27,57.02,57.57,61.8,60.67,61.24,61.21,61.98,61.73,61.26,61.95,62.02,62.33,61.91,62.76,63.68,64.17,62.94,63.52,64,65.01,65.85,66.3,66.05,67.2,67.5,66.45,66.14,67.29,68.6,70.18,70.21,70.4,70.8,71,71.2,71.4,71.8,71.9,72,72.1,72.3,72.3,72.4,72.4,72.5,72.5,72.4,72.5,72.8,73.1,73.3,73.4,73.4,73.5,73.7,73.8,74,74.1,74.4,74.4,74.3,74.2,74.3,74.5,74.5,74.6,74.6,74.7,74.8,74.9,74.9,75,75.2,75.3,75.2,75.4,75.4,75.7,76.1,76.4,76.5,76.9,77.1,77.2,77.5,77.8,78.1,78.3,78.4,78.8,79,79.3,79.7,80,80.3,80.6,80.8,80.9,81,81.1,81.4,81.5,81.4,81.2,81.5,81.7,81.8,82,82.1,82.3,82.4,82.59,82.69,82.89,82.99,83.09,83.29,83.39,83.59,83.69,83.79,83.99,84.09,84.19,84.29,84.49,84.58,84.68,84.78,84.98,85.08,85.18,85.28,85.38,85.58,85.68,85.78,85.88,85.98,86.18,86.28,86.38,86.48,86.58,86.67,86.77,86.97,87.07,87.17,87.27,87.37,87.47,87.57,87.67,87.77,87.87,87.97,88.17,88.27,88.37,88.47,88.57,88.66,88.76,88.86,88.96,89.06,89.16,89.26,89.36,89.56,89.66,89.76,89.86,89.96,90.06,90.16,90.26,90.36,90.46,90.56,90.66
dom,Dominican Republic,29.9,29.9,29.9,29.9,29.9,29.9,29.9,29.9,29.9,29.9,29.9,29.9,29.9,29.9,29.9,29.9,29.9,29.9,29.9,29.9,29.9,29.9,29.9,29.9,29.9,29.9,29.9,29.9,29.9,29.9,29.9,29.9,29.9,29.9,29.9,29.9,29.9,29.9,29.9,29.9,29.9,29.9,29.9,29.9,29.9,29.9,29.9,29.9,29.9,29.9,29.9,29.97,30.04,30.11,30.18,30.25,30.32,30.39,30.46,30.53,30.6,30.67,30.74,30.8,30.87,30.94,31.01,31.08,31.15,31.22,31.29,31.36,31.43,31.5,31.57,31.64,31.71,31.78,31.85,31.92,31.99,32.06,32.13,32.2,32.27,32.34,32.41,32.48,32.55,32.61,32.68,32.75,32.82,32.89,32.96,33.03,33.1,33.17,33.24,33.31,33.38,33.45,33.52,33.59,33.66,33.73,33.8,33.87,33.94,34.01,34.08,34.15,34.22,34.29,34.36,34.42,34.49,34.56,22.46,34.7,34.77,34.84,34.91,34.98,35.05,35.12,35.19,35.26,35.33,35.4,35.47,35.54,35.61,35.68,35.75,35.82,37.04,38.27,39.5,40.73,41.97,43.31,44.67,46.02,47.38,48.72,50.09,51.46,52.84,54.22,55.6,55.9,56.1,56.3,56.5,56.6,56.9,57.2,57.4,57.6,57.9,58.2,58.5,58.7,59.3,57.2,59.9,60.3,60.6,61,61.4,61.8,62.2,62.7,63.2,63.7,64.1,64.6,65.1,65,66.1,66.6,67.1,67.7,68.2,68.7,69.2,69.6,70.1,70.5,70.9,71.3,71.6,72,72.4,72.7,72.8,73.2,73.4,73.8,74,74.2,74.4,74.5,74.4,74.7,74.9,75,75.1,75.1,75,74.8,74.5,74.4,74.3,74,73.8,73.7,73.6,73.4,72,72.2,72.4,73,73.2,73.3,73.4,73.59,73.69,73.79,73.89,74.09,74.19,74.29,74.49,74.58,74.68,74.78,74.98,75.08,75.18,75.38,75.48,75.58,75.77,75.87,75.97,76.17,76.27,76.37,76.47,76.66,76.76,76.86,77.06,77.16,77.26,77.46,77.56,77.66,77.75,77.95,78.05,78.15,78.35,78.45,78.55,78.65,78.84,78.94,79.04,79.24,79.34,79.44,79.54,79.74,79.83,79.93,80.13,80.23,80.33,80.43,80.53,80.73,80.82,80.92,81.02,81.12,81.32,81.42,81.52,81.62,81.72,81.82,82.01,82.11,82.21,82.31,82.41,82.51,82.71
dza,Algeria,28.82,28.82,28.82,28.82,28.82,28.82,28.82,28.82,28.82,28.82,28.82,28.82,28.82,28.82,28.82,28.82,28.82,28.82,28.82,28.82,28.82,28.82,28.82,28.82,28.82,28.82,28.82,28.82,28.82,28.82,28.82,28.82,28.82,28.82,28.82,28.82,28.82,28.82,28.82,28.82,28.82,28.82,28.82,28.82,28.82,28.82,28.82,28.82,28.82,20,15,21.97,28.73,28.69,28.64,28.6,28.55,28.51,28.46,28.42,28.37,28.33,28.28,28.24,28.19,28.15,28.1,20.44,10.69,14.56,21.31,27.88,27.83,27.79,27.74,27.7,27.65,27.61,27.56,27.52,27.47,27.43,27.38,27.34,27.29,27.25,27.2,27.16,27.11,27.07,27.02,26.98,26.93,26.89,26.84,26.8,26.75,26.71,26.66,26.62,26.61,26.6,26.59,27.39,22.09,24.41,25.58,25.45,25.32,26.57,27.91,27.61,28.72,26.75,26.25,25.75,25.38,25.33,19.72,25.25,24.5,24.46,24.16,26.25,27.4,27.94,27.3,23.31,26.17,26.27,27.25,25.49,26.51,27.44,26.89,28.28,29.18,27.59,27,28.73,28.99,27.6,27.07,23.41,27.62,25.85,27.56,30.11,32.48,34.29,36.1,36.7,37.3,37.8,35.7,36.4,37.1,37.8,38.5,39.3,40.1,40.8,41.4,45,45.8,46.7,47.4,48.2,49,49.8,50.6,51.4,52.2,53.1,54.1,55,55.9,56.9,57.9,58.9,59.7,61,62.1,63.2,64.2,65.2,66,66.8,67.4,67.9,68.4,68.9,69.3,69.7,70,70.2,70.8,71.1,71.4,71.8,72.2,72.5,72.8,72.9,73.4,73.7,73.9,74.1,74.2,74.4,74.5,74.6,74.8,74.9,75,75.1,75.2,75.3,75.4,75.5,74.7,75,75.7,76,76.2,76.4,76.6,76.8,77,77.2,77.39,77.59,77.79,77.99,78.09,78.29,78.49,78.69,78.89,79.09,79.29,79.39,79.59,79.79,79.98,80.18,80.28,80.48,80.68,80.88,80.98,81.18,81.38,81.48,81.68,81.88,81.98,82.18,82.37,82.47,82.67,82.77,82.97,83.07,83.27,83.37,83.57,83.67,83.87,83.97,84.07,84.27,84.37,84.47,84.67,84.77,84.96,85.06,85.16,85.26,85.46,85.56,85.66,85.76,85.96,86.06,86.16,86.26,86.36,86.56,86.66,86.76,86.86,86.96,87.06,87.26,87.36,87.45,87.55,87.65,87.75
ecu,Ecuador,32.9,32.9,32.9,32.9,32.9,32.9,32.9,32.9,32.9,32.9,32.9,32.9,32.9,32.9,32.9,32.9,32.9,32.9,32.9,32.9,32.9,32.9,32.9,32.9,32.9,32.9,32.9,32.9,32.9,32.9,32.9,32.9,32.9,32.9,32.9,32.9,32.9,32.9,32.9,32.9,32.9,32.9,32.9,32.9,32.9,32.9,32.9,32.9,32.9,32.9,32.9,32.92,32.94,32.97,32.99,33.01,33.03,33.05,33.07,33.1,33.12,33.14,33.16,33.18,33.2,33.23,33.25,33.27,33.29,33.31,33.33,33.36,33.38,33.4,33.42,33.44,33.46,33.49,33.51,33.53,33.55,33.57,33.59,33.62,33.64,33.66,33.68,33.7,33.72,33.75,33.77,33.79,33.81,33.83,33.85,33.88,33.9,33.92,33.94,33.96,33.99,34.01,34.03,34.05,34.07,34.09,34.12,34.14,34.16,34.18,34.2,34.22,34.25,34.27,34.29,34.31,34.33,34.35,30.38,34.4,34.42,34.44,34.46,34.48,34.51,34.53,34.55,34.57,34.59,34.61,34.64,34.66,34.68,34.7,34.72,34.74,34.77,34.79,34.81,34.83,36.24,37.69,39.15,40.62,42.09,43.55,45.01,46.49,47.95,49.42,50.9,51.3,51.7,52.1,52.7,53.1,53.7,54.1,54.4,55,55.8,56.5,57.2,57.8,58.4,59,59.6,60.1,60.3,60.3,60.7,60.8,61,61.6,62.7,63.8,64.4,64.9,65.2,65.7,66.4,67,67.6,68,68.7,69.3,69.9,68.9,70.5,70.8,70.9,70.7,71,71.3,71.6,72,72,72,71.9,71.7,71.8,72,72.4,72.8,73.2,73.3,73.6,74.1,74.7,75.2,75.8,76.3,76.9,77.5,78.1,78.5,78.5,78.8,78.9,78.8,73.7,74.8,76.7,76.7,76.9,77.1,77.2,77.39,77.59,77.79,77.99,78.09,78.29,78.48,78.58,78.78,78.98,79.08,79.28,79.47,79.57,79.77,79.97,80.07,80.27,80.37,80.56,80.76,80.86,81.06,81.16,81.36,81.46,81.65,81.75,81.95,82.05,82.15,82.35,82.45,82.65,82.74,82.84,83.04,83.14,83.24,83.44,83.54,83.64,83.74,83.93,84.03,84.13,84.23,84.43,84.53,84.63,84.73,84.83,84.92,85.12,85.22,85.32,85.42,85.52,85.62,85.72,85.82,86.01,86.11,86.21,86.31,86.41,86.51,86.61,86.71,86.81,86.91,87.01,87.11,87.2
egy,Egypt,33,33,33,33,33,33,33,33,33,33,33,33,33,33,33,33,33,33,33,33,33,33,33,33,33,33,33,33,33,33,33,33,33,33,33,33,33,33,33,33,33,33,33,33,33,33,33,33,33,33,33,33.01,33.02,33.03,33.04,33.05,33.06,33.07,33.08,33.09,33.09,33.1,33.11,33.12,33.13,33.14,33.15,33.16,33.17,33.18,33.19,33.2,33.21,33.22,33.23,33.24,33.25,33.26,33.27,33.28,33.28,33.29,33.3,33.31,33.32,33.33,33.34,33.35,33.36,33.37,33.38,33.39,33.4,33.41,33.42,33.43,33.44,33.45,33.46,33.47,33.47,33.48,33.49,33.5,33.51,33.52,33.53,33.54,33.55,33.56,33.57,33.58,33.59,33.6,33.61,33.62,33.63,33.64,25.74,33.65,33.66,33.67,33.68,33.69,33.7,33.71,33.72,33.73,31.39,31.3,36.21,33.26,31.73,33.07,32.26,34.01,32.07,35.36,35.68,36.92,35.29,36.64,31.33,30.64,34.35,33.24,35.42,37.19,37.32,37.86,39.7,40.8,41.8,42.8,43.8,44.4,44.8,45.5,46.6,47.8,48.7,49.4,49.7,50,50.1,50.2,50.1,50.5,51.2,51.2,51.4,52.6,52.4,52.8,53.9,54.6,55.4,56,57.1,57.6,58.4,58.7,58.9,59.2,59.4,59.6,60,60.7,61.8,62.8,63.8,64.5,65.1,65.3,65.5,65.9,66.2,66.4,66.5,66.9,67.4,67.3,67.3,67.3,67.7,68,68.1,68.4,68.4,68.5,68.7,68.8,68.8,69.2,69.2,69,69.5,70,70.2,70.5,69.1,68.4,69.6,70,70.2,70.39,70.59,70.68,70.88,71.08,71.27,71.37,71.56,71.76,71.86,72.05,72.15,72.35,72.54,72.64,72.84,73.03,73.13,73.32,73.42,73.62,73.72,73.91,74.01,74.2,74.4,74.5,74.69,74.79,74.99,75.08,75.28,75.47,75.57,75.77,75.87,76.06,76.16,76.35,76.55,76.65,76.84,76.94,77.14,77.23,77.43,77.53,77.72,77.92,78.02,78.11,78.31,78.41,78.6,78.7,78.9,78.99,79.19,79.29,79.48,79.58,79.68,79.87,79.97,80.17,80.27,80.36,80.56,80.66,80.85,80.95,81.05,81.24,81.34,81.44,81.63
eri,Eritrea,30.2,30.2,30.2,30.2,30.2,30.2,30.2,30.2,30.2,30.2,30.2,30.2,30.2,30.2,30.2,30.2,30.2,30.2,30.2,30.2,30.2,30.2,30.2,30.2,30.2,30.2,30.2,30.2,30.2,30.2,30.2,30.2,30.2,30.2,30.2,30.2,30.2,30.2,30.2,30.2,30.2,30.2,30.2,30.2,30.2,30.2,30.2,30.2,30.2,30.2,30.2,30.19,30.18,30.17,30.16,30.15,30.15,30.14,30.13,30.12,30.11,30.1,30.09,30.08,30.07,30.06,30.05,30.05,30.04,30.03,30.02,30.01,30,29.99,29.98,29.97,29.96,29.96,29.95,29.94,29.93,29.92,29.91,29.9,29.89,29.88,29.87,29.86,29.86,29.85,29.84,29.83,29.82,29.81,29.8,29.79,29.78,29.77,29.76,29.76,29.75,29.74,29.73,29.72,29.71,29.7,29.69,29.68,29.67,29.66,29.66,29.65,29.64,29.63,29.62,29.61,29.6,29.59,11.44,29.57,29.57,29.56,29.55,29.54,29.53,29.52,29.51,29.5,29.49,29.48,29.47,29.47,29.46,29.45,29.44,29.43,29.42,29.41,29.4,29.39,29.38,29.45,29.53,29.6,29.67,29.75,30.83,31.92,33.02,34.11,35.2,35.3,35.6,35.8,35.9,36.2,36.5,36.7,36.9,37.2,37.4,37.7,38,38.3,35.6,35.9,36.2,36.6,36.9,37.3,37.7,38.1,38.5,38.9,36.1,36.6,37,37.5,38,38.5,39,39.6,40.1,40.7,41.3,41.9,42.6,43.2,43.8,44.4,45,45.7,51.1,51.9,52.8,53.5,54.3,55,55.2,54.1,55.8,57.2,57.6,58,58.4,58.8,59.2,59.5,59.6,59.8,60,60.3,60.6,60.8,61.4,61.5,61.8,61.9,62.2,62.4,62.1,62.1,61.3,62.9,63.18,63.45,63.63,63.82,64.09,64.28,64.46,64.73,64.92,65.1,65.28,65.47,65.65,65.83,66.02,66.2,66.38,66.57,66.75,66.93,67.12,67.21,67.39,67.58,67.76,67.94,68.03,68.22,68.4,68.49,68.68,68.86,69.04,69.13,69.32,69.41,69.59,69.78,69.87,70.05,70.14,70.33,70.51,70.6,70.79,70.88,71.06,71.24,71.34,71.52,71.61,71.79,71.89,72.07,72.16,72.34,72.44,72.62,72.71,72.89,73.08,73.17,73.35,73.44,73.63,73.72,73.9,73.99,74.18,74.27,74.36,74.54,74.64,74.82,74.91,75.09,75.19
esp,Spain,29.5,29.5,29.5,29.5,29.5,29.5,29.5,29.5,29.5,29.5,29.5,29.5,29.5,29.5,29.5,29.5,29.5,29.5,29.5,29.5,29.5,29.5,29.5,29.5,29.5,29.5,29.5,29.5,29.5,29.5,29.5,29.5,29.5,29.5,29.5,29.5,29.5,29.5,29.5,29.5,29.5,29.5,29.5,29.5,29.5,29.5,29.5,29.5,29.5,29.5,29.5,29.5,29.5,29.5,29.5,29.5,29.5,29.51,29.51,29.51,29.51,29.51,29.51,29.51,29.51,29.51,29.51,29.51,29.51,29.51,29.51,29.52,29.52,29.52,29.52,29.52,29.52,29.52,29.52,29.52,29.52,29.52,29.52,29.78,30.04,30.31,30.57,30.83,31.09,31.35,31.61,31.87,32.13,32.47,32.81,33.15,33.49,33.83,34.17,34.5,34.84,35.67,36.51,37.34,38.18,39.01,39.84,40.68,41.51,41.12,40.98,39.86,43.6,42.63,42.91,43.12,44.05,42.7,30.34,41.19,39.38,42.1,44.29,44.83,46.38,47.04,47.85,48.58,48.76,49.58,49.44,49.35,51.3,51.7,52.35,52.83,51.01,47.32,47.63,47.19,48.5,47.26,52.6,54.96,56.37,57.96,57.69,59.46,61.41,61.15,62,62.4,64.6,65.7,66.7,66.9,66.6,67,68.4,68.8,69.3,69.8,69.6,69.8,70.5,70.8,71.1,71.4,71.5,71.4,72,72,72.8,72.8,73.1,73.4,73.7,74.1,74.4,74.8,75.3,75.6,76,76,76.2,76.2,76.5,76.7,76.7,76.8,76.8,77,77.4,77.6,77.9,78,78.2,78.7,78.8,78.9,79.4,79.7,79.8,79.8,80.3,80.4,80.9,81,81.3,81.6,82,82.2,82.2,82.6,82.8,82.6,82.9,83,83.1,83.3,82.1,82.9,82.4,83.2,83.3,83.5,83.6,83.7,83.9,84,84.09,84.29,84.39,84.49,84.69,84.79,84.89,84.99,85.19,85.29,85.39,85.49,85.69,85.78,85.88,85.98,86.18,86.28,86.38,86.48,86.58,86.78,86.88,86.98,87.08,87.28,87.37,87.47,87.57,87.67,87.87,87.97,88.07,88.17,88.27,88.37,88.57,88.67,88.77,88.87,88.97,89.06,89.26,89.36,89.46,89.56,89.66,89.76,89.86,89.96,90.16,90.26,90.36,90.46,90.56,90.66,90.75,90.85,91.05,91.15,91.25,91.35,91.45,91.55,91.65,91.75,91.85,91.95,92.05,92.25,92.35
est,Estonia,36.14,35.7,35.26,34.82,34.37,33.93,34.12,34.3,34.49,34.67,34.86,35.49,36.13,36.76,37.39,38.02,39.1,40.17,41.24,42.32,43.39,41.83,40.27,38.71,37.15,35.59,35.55,35.51,35.46,35.42,35.38,36.04,36.71,37.38,38.04,38.71,38.35,37.98,37.62,37.26,36.89,36.55,36.2,35.86,35.51,35.17,34.94,34.71,34.48,34.25,34.02,35.15,36.28,37.42,38.55,39.69,39.67,39.64,39.61,39.58,39.55,37.97,36.4,34.81,33.22,31.62,33.77,35.93,38.09,40.26,42.42,42.71,42.99,43.28,43.57,43.85,43.44,43.03,42.62,42.21,41.8,42.11,42.41,42.72,43.03,43.34,43.6,43.87,44.14,44.41,44.67,44.89,45.11,45.34,45.56,45.78,45.82,45.87,45.98,46.1,46.21,46.69,47.17,47.66,48.14,48.61,49.1,49.58,50.07,50.56,51.05,51.54,52.02,52.51,51.82,48.61,48.45,40.52,38.38,41.42,50.97,57.89,56.99,58.84,59.85,60.77,58.15,55.53,58.89,57.4,61.04,60.22,62.26,63.48,64.28,63.06,63.69,64.79,66.33,65.67,64.06,51.94,61.52,61.14,35.16,52.34,61.38,53.51,65.76,66.43,67,67.2,67.5,67.7,67.9,68.2,68.4,68.6,68.8,69,69.2,69.5,69.8,70.1,70.3,70.5,70.6,70.5,70.4,70.2,70.2,70.3,70.4,70.4,70.3,70.1,69.9,69.7,69.6,69.5,69.5,69.6,69.7,69.7,69.9,70,70.3,70.4,70.4,70.3,70,69.6,69.1,68.7,67.9,68.7,69.3,69.8,70.2,70.5,70.9,71.2,71.5,71.9,72.3,72.7,73.2,73.7,74.2,74.9,75.5,76.1,76.5,76.9,77.2,77.6,77.8,78.1,78.4,78.8,78.5,77.4,77.8,78.7,78.8,79,79.1,79.3,79.49,79.59,79.79,79.89,80.09,80.29,80.39,80.59,80.69,80.89,80.99,81.18,81.28,81.48,81.58,81.68,81.88,81.98,82.08,82.28,82.38,82.58,82.67,82.77,82.97,83.07,83.17,83.37,83.47,83.57,83.67,83.87,83.97,84.07,84.17,84.36,84.46,84.56,84.66,84.86,84.96,85.06,85.16,85.26,85.46,85.56,85.66,85.76,85.85,86.05,86.15,86.25,86.35,86.45,86.65,86.75,86.85,86.95,87.05,87.15,87.35,87.44,87.54,87.64,87.74,87.84,87.94,88.14,88.24,88.34,88.44,88.54,88.64
eth,Ethiopia,29.7,29.7,29.7,29.7,29.7,29.7,29.7,29.7,29.7,29.7,29.7,29.7,29.7,29.7,29.7,29.7,29.7,29.7,29.7,29.7,29.7,29.7,29.7,29.7,29.7,29.7,29.7,29.7,28,27,26,27,29.7,29.7,29.7,28,27,26,27,29.7,29.7,29.7,29.7,29.7,29.7,29.7,29.7,29.7,29.7,29.7,29.7,29.78,29.87,29.95,30.03,30.12,30.2,30.28,30.37,30.45,30.53,30.62,30.7,30.78,27.02,26.05,25.08,31.12,31.2,31.28,31.37,31.45,31.53,31.62,31.7,31.78,31.87,31.95,32.03,32.12,29.27,28.26,32.37,32.45,32.53,32.62,32.7,32.78,18.81,5.55,4.45,8.92,15.65,33.29,33.37,33.23,32.41,33.62,33.7,33.79,33.87,33.95,34.04,34.12,34.2,34.29,34.37,34.45,34.54,34.62,34.7,34.79,34.87,34.95,35.04,35.12,35.2,35.29,13.68,35.45,35.54,35.62,35.7,35.79,35.87,35.95,36.04,36.12,36.2,36.29,36.37,36.45,36.54,36.62,36.7,34.06,28.55,36.08,36.16,36.25,35.07,35.12,37.28,37.33,37.36,37.41,38.35,39.31,40.27,41.24,42.2,42.5,42.5,42.6,42.7,42.7,42.7,42.8,42.8,42.9,42.9,43,43,43.1,43.1,43.1,43.3,43.4,43.5,43.6,43.6,43.7,43.8,43.9,43.1,43.2,42.9,43.1,43.2,44.4,44.4,44.5,44.8,41.3,39.9,45.4,45.6,45.7,45.6,45,44.5,45.8,46.3,46.6,46.9,47.3,47.9,48.6,49.3,49.2,49.7,51.9,52.9,53.9,54.9,55.9,56.9,58,58.9,59.8,60.5,61.2,61.8,62.3,62.8,63.2,63.5,63.9,64.2,64.5,63.7,62.1,64.4,64.7,64.99,65.28,65.47,65.76,66.05,66.24,66.53,66.72,66.91,67.2,67.39,67.58,67.78,68.06,68.26,68.45,68.64,68.83,69.03,69.22,69.41,69.6,69.8,69.99,70.08,70.28,70.47,70.66,70.85,71.05,71.24,71.33,71.53,71.72,71.91,72.01,72.2,72.39,72.58,72.68,72.87,73.06,73.26,73.45,73.54,73.74,73.93,74.12,74.22,74.41,74.6,74.7,74.89,75.08,75.18,75.37,75.47,75.66,75.85,75.95,76.14,76.24,76.43,76.52,76.72,76.81,77.01,77.2,77.29,77.39,77.58,77.68,77.87,77.97,78.16,78.26,78.45
fin,Finland,36.57,40.3,39.2,28.53,35.91,39.8,38.78,36.6,12.48,13.43,36.95,30.69,37.61,34.18,34.99,35.72,38.69,38.09,37.17,35.03,37.29,40.16,34.9,38.91,35.83,37.26,38.13,42.21,40.65,36.3,36.3,34.05,28.95,20.38,38.9,37.79,30.78,34.38,40.12,42.66,41.47,41.01,41.76,41.54,42.17,40.86,38.61,40.84,40.19,39.42,37.35,40.33,32.87,33.58,37.98,31.95,29.98,30.14,33.83,38.53,38.18,38.06,34.17,32.42,39.69,35.83,28.78,25.37,8.12,37.18,45.74,46.33,44.15,39.6,39.18,40.74,41.9,39.06,39.26,45.06,39.77,37.75,40.57,42.91,42.99,41.42,41.05,45.74,45.31,45.08,44.76,42.72,39.87,43.5,45.39,47.82,46.74,48.35,48.27,44.59,41.98,43.06,46.44,46.85,47.43,46.26,47.3,47.21,46.38,48.92,48.78,48.98,49.39,49.31,50,49.82,48.3,46.76,32.9,43.32,47.83,52.73,52.24,52.85,50.54,53.76,54.18,52.2,54.07,51.63,54.84,55.26,56.18,55.84,56.44,57.78,56.57,57.53,57.63,55.09,47.01,46.86,54.32,56.72,48.39,57.67,60.78,61.04,62.52,62.41,64.8,65.6,66.4,66.9,67.4,67.6,67.8,68,68.5,68.8,69,69,68.9,69.1,69.3,69.4,69.6,69.7,69.8,69.9,70.2,70.4,70.9,71.3,71.5,71.9,72.1,72.6,73,73.4,73.7,74,74.4,74.5,74.6,74.6,74.7,74.8,74.9,75.1,75.2,75.5,75.7,76,76.5,76.7,76.9,77.2,77.3,77.6,77.9,78.2,78.4,78.6,79,79.2,79.4,79.5,79.8,79.9,80.1,80.4,80.6,80.9,81.1,81.3,81.4,81.6,81.7,81.9,81.9,81.9,81.2,81.7,81.9,82,82.2,82.4,82.5,82.7,82.8,83,83.1,83.3,83.4,83.6,83.7,83.79,83.99,84.09,84.19,84.39,84.49,84.59,84.69,84.89,84.99,85.09,85.19,85.29,85.49,85.59,85.69,85.79,85.89,85.99,86.19,86.29,86.39,86.49,86.69,86.79,86.89,86.99,87.09,87.19,87.39,87.49,87.59,87.69,87.79,87.88,87.98,88.08,88.18,88.38,88.48,88.58,88.68,88.78,88.88,88.98,89.08,89.18,89.28,89.48,89.58,89.68,89.78,89.88,89.98,90.08,90.18,90.28,90.38,90.48,90.68,90.78,90.88,90.98,91.08
fji,Fiji,26.1,26.1,26.1,26.1,26.1,26.1,26.1,26.1,26.1,26.1,26.1,26.1,26.1,26.1,26.1,26.1,26.1,26.1,26.1,26.1,26.1,26.1,26.1,26.1,26.1,26.1,26.1,26.1,26.1,26.1,26.1,26.1,26.1,26.1,26.1,26.1,26.1,26.1,26.1,26.1,26.1,26.1,26.1,26.1,26.1,26.1,26.1,26.1,26.1,26.1,26.1,26.14,26.19,26.23,26.28,26.32,26.37,26.41,26.46,26.5,26.55,26.59,26.64,26.68,26.73,26.77,26.82,26.86,26.91,26.95,27,27.04,27.09,27.13,27.18,1.04,27.27,27.31,27.36,27.4,27.45,27.49,27.54,27.58,27.63,27.67,27.71,27.76,27.8,27.85,27.89,27.94,27.98,28.03,28.07,28.12,28.16,28.21,28.25,28.3,28.34,28.39,28.43,28.48,28.52,28.57,28.61,28.66,28.7,28.75,28.79,28.84,28.88,28.93,28.97,29.02,29.06,29.11,7.39,29.2,29.24,29.28,29.33,29.37,29.42,29.46,30.64,31.82,33,34.19,35.38,36.57,37.76,38.96,40.17,41.37,42.58,43.8,45.01,46.25,47.47,48.68,49.9,51.14,52.36,53.59,54.82,56.06,57.3,58.55,59.8,60,60.1,60.5,60.7,61,61.2,61.5,61.7,62,62.2,62.5,62.8,63.1,63.5,63.8,64,64.3,64.5,64.7,64.9,65.1,65.3,65.2,65.6,65.8,66,66.1,66.2,66.1,66.4,66.6,66.7,66.8,67,67,67.2,67.3,67.4,67.3,67.4,67.3,67.3,67.2,67.2,67.2,67.2,67.1,67.2,67.1,67.2,67.3,67.3,67.2,67.3,67.4,67.4,67.3,67.3,67.2,67.3,67.4,67.4,67.5,67.6,67.8,67.8,68.1,68.2,68.3,68,66.3,67.7,67.7,67.9,68,68.2,68.3,68.5,68.61,68.81,68.91,69.01,69.21,69.31,69.41,69.61,69.71,69.81,69.91,70.11,70.21,70.32,70.52,70.62,70.72,70.82,71.02,71.12,71.22,71.32,71.42,71.62,71.72,71.82,71.92,72.13,72.23,72.33,72.43,72.63,72.73,72.83,72.93,73.03,73.13,73.33,73.43,73.53,73.64,73.84,73.94,74.04,74.14,74.24,74.44,74.54,74.64,74.84,74.94,75.04,75.14,75.35,75.45,75.55,75.75,75.85,75.95,76.15,76.25,76.35,76.45,76.65,76.75,76.85,77.06,77.16,77.26,77.36,77.46,77.66
fra,France,33.97,36.37,34.38,30.64,29.38,34.88,35,34.2,34.5,35,37.4,36.1,31.7,31.2,30.1,36.5,40.04,39.18,38.53,37.25,39.21,39.83,38.3,39.97,39.14,38.53,37.76,39.35,37.53,39.36,39.56,39.65,35.81,38.83,35.01,39.48,41.95,39.38,39.33,40.91,40.37,40.68,40.01,40.75,42.29,43.58,40.67,40.41,40.29,35.91,43.28,41.77,41.33,42.53,36.14,37.56,40.2,39.62,39.7,35.29,43.37,40.49,42.75,41.78,42.07,40.22,41.9,42.4,40.3,41.22,36.48,29.65,42.73,41.85,44.41,43.28,43.66,44.45,43.48,44.12,42.86,43.69,43.3,43.42,42.67,44.13,43.33,43.91,44.32,45.74,43.53,44.29,43.75,43.79,45.73,45.41,47.78,48.16,46.21,45.45,45.31,47.25,48.26,48.69,48.34,48.63,48.01,48.56,49.59,50.31,51.68,48.47,51.94,51.68,38.09,35.86,39.77,42.89,34.58,47.85,51.96,53.07,55.32,55.05,55.68,54.8,54.44,56.23,55.88,54.7,57.33,57.4,57.73,58.18,58.85,58.82,59.32,59.69,59.49,60.16,49.9,58.2,57.98,53.84,47.66,55.51,63.01,64.64,66.52,65.61,67.1,66.9,68.1,68.2,69,69.3,69.3,69.8,70.8,71,71.1,71.4,71.1,71.1,71.8,71.8,72.1,72.1,72.1,72,72.7,72.8,72.9,73.2,73.4,73.4,73.6,74.1,74.3,74.6,74.7,74.9,75.2,75.3,75.7,75.8,76.1,76.6,76.9,77.1,77.3,77.5,77.7,77.9,78.2,78.3,78.5,78.8,78.8,79,79.2,79.4,79.5,79.7,80.4,80.5,80.9,81.1,81.1,81.3,81.5,81.8,81.9,82.2,82.5,82.4,82.6,82.8,82.9,83,82.3,82.8,82.4,82.6,82.8,82.9,83,83.1,83.29,83.39,83.49,83.59,83.69,83.89,83.99,84.09,84.19,84.29,84.48,84.58,84.68,84.78,84.88,85.08,85.18,85.28,85.38,85.48,85.57,85.77,85.87,85.97,86.07,86.17,86.27,86.47,86.57,86.67,86.76,86.86,86.96,87.16,87.26,87.36,87.46,87.56,87.66,87.76,87.86,88.05,88.15,88.25,88.35,88.45,88.55,88.65,88.75,88.85,89.05,89.14,89.24,89.34,89.44,89.54,89.64,89.74,89.84,89.94,90.04,90.14,90.33,90.43,90.53,90.63,90.73,90.83,90.93,91.03,91.13,91.23,91.33
fsm,"Micronesia, Fed. Sts.",26.7,26.7,26.7,26.7,26.7,26.7,26.7,26.7,26.7,26.7,26.7,26.7,26.7,26.7,26.7,26.7,26.7,26.7,26.7,26.7,26.7,26.7,26.7,26.7,26.7,26.7,26.7,26.7,26.7,26.7,26.7,26.7,26.7,26.7,26.7,26.7,26.7,26.7,26.7,26.7,26.7,26.7,26.7,26.7,26.7,26.7,26.7,26.7,26.7,26.7,26.7,26.66,26.61,26.57,26.52,26.48,26.43,26.39,26.34,26.3,26.26,26.21,26.17,26.12,26.08,26.03,25.99,25.94,25.9,25.85,25.81,25.77,25.72,25.68,25.63,25.59,25.54,25.5,25.45,25.41,25.37,25.32,25.28,25.23,25.19,25.14,25.1,25.05,25.01,24.96,24.92,24.88,24.83,24.79,24.74,24.7,24.65,24.61,24.56,24.52,24.48,24.43,24.39,24.34,24.3,24.25,24.21,24.16,24.12,24.07,24.03,23.99,23.94,23.9,23.85,23.81,23.76,23.72,7.69,23.63,23.59,23.54,23.5,23.45,23.41,23.36,24.26,25.17,26.06,26.94,27.84,28.72,29.6,30.47,31.35,32.21,33.08,33.94,34.8,35.65,36.51,37.32,36.34,31.17,23.49,37.72,40.13,41.69,42.91,43.72,44.5,44.9,45.2,45.7,46.1,46.4,46.9,47.3,47.7,48.1,48.5,49,49.5,50,50.4,50.9,51.4,51.9,52.4,52.9,53.4,53.9,54.3,54.9,55.5,56.1,56.7,57.2,57.7,58.1,58.6,59,59.2,59.8,60.2,60.6,60.9,61.2,61.6,61.9,62.1,62.4,62.6,62.9,63.1,63.3,63.5,63.6,63.7,63.8,63.3,64.1,63.3,64.4,64.5,64.7,64.9,65,65.2,65.3,65.5,65.7,65.8,65.9,66,66.1,66.3,66.4,66.6,66.8,66.3,64.8,66.5,67,67.2,67.3,67.5,67.6,67.8,67.9,68,68.2,68.3,68.4,68.6,68.69,68.79,68.89,69.09,69.19,69.29,69.49,69.59,69.69,69.79,69.99,70.09,70.19,70.39,70.49,70.59,70.69,70.89,70.99,71.09,71.29,71.39,71.49,71.69,71.79,71.89,72.08,72.18,72.28,72.38,72.58,72.68,72.78,72.98,73.08,73.18,73.38,73.48,73.58,73.68,73.88,73.98,74.08,74.28,74.38,74.58,74.68,74.78,74.98,75.08,75.18,75.38,75.47,75.57,75.77,75.87,75.97,76.17,76.27,76.37,76.57,76.67,76.77,76.97,77.07,77.17
gab,Gabon,30.6,30.6,30.6,30.6,30.6,30.6,30.6,30.6,30.6,30.6,30.6,30.6,30.6,30.6,30.6,30.6,30.6,30.6,30.6,30.6,30.6,30.6,30.6,30.6,30.6,30.6,30.6,30.6,30.6,30.6,30.6,30.6,30.6,30.6,30.6,30.6,30.6,30.6,30.6,30.6,30.6,30.6,30.6,30.6,30.6,30.6,30.6,30.6,30.6,30.6,30.6,30.64,30.67,30.71,30.75,30.79,30.82,30.86,30.9,30.93,30.97,31.01,31.04,31.08,31.12,31.16,31.19,31.23,31.27,31.3,31.34,31.38,31.42,31.45,31.49,31.53,31.56,31.6,31.64,31.67,31.71,31.75,31.79,31.82,31.86,31.9,31.93,31.97,32.01,32.05,32.08,32.12,32.16,32.19,32.23,32.27,32.3,32.34,32.38,32.42,32.45,32.49,32.53,32.56,32.6,32.64,32.68,32.71,32.75,32.79,32.82,32.86,32.9,32.93,32.97,33.01,33.05,33.08,12.8,33.16,33.19,33.23,33.27,33.31,33.34,33.38,33.42,33.45,33.49,33.53,33.56,33.6,33.64,33.68,33.71,33.75,33.79,33.82,33.86,33.9,33.94,33.93,33.93,33.92,33.92,33.91,35.11,36.31,37.5,38.7,39.9,39.9,40,40.7,40.8,40.8,41.2,41.5,41.8,42.1,42.4,42.9,43.3,43.9,44.2,44.8,45.6,46.3,47.1,47.9,48.8,49.6,50.4,51.2,52.2,53.2,54.3,55.2,55.9,56.7,57.5,58.2,58.8,59.5,60.1,60.7,61.1,61.4,61.7,61.8,62,61.9,62.1,62.2,62.1,61.9,61.6,61.7,61.6,61.7,61.5,61.5,61.5,61.8,62.3,63.1,63.5,63.6,63.8,64.2,64.7,65,65.4,65.6,65.9,65.9,65.9,66,66.1,66.2,65.4,65.1,66.6,67,67.2,67.39,67.59,67.69,67.88,68.08,68.18,68.37,68.47,68.67,68.86,68.96,69.16,69.26,69.45,69.55,69.75,69.84,70.04,70.14,70.34,70.43,70.63,70.73,70.92,71.02,71.12,71.32,71.41,71.61,71.71,71.9,72,72.2,72.3,72.49,72.59,72.79,72.89,73.08,73.18,73.38,73.47,73.67,73.77,73.87,74.06,74.16,74.36,74.46,74.55,74.75,74.85,75.04,75.14,75.34,75.44,75.63,75.73,75.93,76.02,76.22,76.32,76.42,76.61,76.71,76.91,77.01,77.2,77.3,77.4,77.5,77.69,77.79,77.99,78.08,78.28
gbr,UK,38.65,37.35,38.62,37.32,41.44,42.32,43.22,40.05,40.35,41.74,38.35,39.89,41.83,43.04,40.24,41.13,39.94,41.04,39.85,40.52,41.31,41.78,41.35,40.05,39.19,39.94,39.83,41.14,42.03,41.56,43.02,40.84,40.16,41.35,40.78,41.1,41.43,40.2,40.3,40.88,39.93,41.7,41.35,41.86,41.55,42.56,39.96,38.33,39.5,37.38,42.8,41.42,40.93,40.56,39.34,41.03,43.25,41.88,40.04,40.84,43.01,42.38,42.52,40.4,39.97,40.64,40.4,42.61,41.99,41.66,40.94,41.3,42.89,43.77,42.12,41.84,43.68,44.69,43,44.26,43.77,46.1,44.86,45.08,44.78,45.75,45.32,45.64,46.79,46.32,44.73,44.27,45.49,44.85,48.32,45.71,47.39,47.21,46.96,46.11,46.3,47.89,49.06,50.41,49.09,50.84,50.56,51.41,51.81,52.49,53.96,51.51,54.52,53.8,51.96,48.17,47.7,45.54,40.41,54.09,56.57,58.31,57.09,59.36,58.13,58.47,59.62,59,59.95,57.67,60.85,60.07,60.59,60.63,61.35,62,61.8,61.83,63.25,63.64,60.92,61.32,63.93,63.95,64.78,65.78,66.39,66.35,68.41,68.1,68.6,68.3,69.2,69.8,70.1,70.1,70.3,70.5,70.6,70.8,71,70.8,70.8,70.8,71.4,71.4,71.4,71.9,71.7,71.7,71.9,72.2,72,72.1,72.3,72.6,72.7,73.1,73.1,73.2,73.6,73.9,74,74.3,74.6,74.6,74.8,75.1,75.3,75.4,75.7,75.9,76.2,76.2,76.7,76.7,76.9,77.2,77.3,77.5,77.9,78.2,78.3,78.5,79,79.2,79.5,79.6,79.7,80.1,80.4,80.8,80.9,81,81.2,81.1,81.2,81.2,81.2,81.5,80.4,80.6,81,81,81.1,81.3,81.5,81.6,81.7,81.9,82.1,82.2,82.39,82.49,82.59,82.79,82.89,83.09,83.19,83.29,83.49,83.59,83.69,83.89,83.99,84.09,84.29,84.39,84.49,84.59,84.79,84.89,84.99,85.08,85.28,85.38,85.48,85.58,85.78,85.88,85.98,86.08,86.18,86.28,86.48,86.58,86.68,86.78,86.88,86.98,87.08,87.18,87.28,87.38,87.58,87.68,87.77,87.87,87.97,88.07,88.17,88.27,88.37,88.47,88.57,88.67,88.77,88.87,88.97,89.07,89.17,89.27,89.47,89.57,89.67,89.77,89.87,89.97,90.07,90.17,90.27
geo,Georgia,31.87,31.87,31.87,31.87,31.87,31.87,31.87,31.87,31.87,31.87,31.87,31.87,31.87,31.87,31.87,31.87,31.87,31.87,31.87,31.87,31.87,31.87,31.87,31.87,31.87,31.87,31.87,31.87,31.87,31.87,31.87,31.87,31.87,31.87,31.87,31.87,31.87,31.87,31.87,31.87,31.87,31.87,31.87,31.87,31.87,31.87,31.87,31.87,31.87,31.87,31.87,31.87,31.86,31.86,31.85,31.85,31.84,31.84,31.83,31.83,31.82,31.82,31.81,31.81,31.29,30.75,30.23,29.71,29.17,29.22,29.25,29.29,29.34,29.37,29.57,29.76,29.96,30.15,30.35,30.54,30.74,30.93,31.12,31.32,31.51,31.71,31.9,32.1,32.29,32.48,32.68,32.87,33.07,33.26,33.45,33.65,33.84,34.04,33.86,33.7,33.52,33.77,34.01,34.25,34.5,34.74,34.98,35.23,35.47,35.71,35.95,38.88,39.29,37.14,36.72,36.32,36.32,33.34,24.75,34.65,36.62,32.66,35.13,35.62,34.62,38.91,42.07,41.41,42.89,41.66,40.98,40.02,37.55,23.71,43.28,44.82,46.46,45.48,47.13,49.49,47.05,32.85,29.39,27.4,34.49,44.34,53.87,45.96,53.9,56.64,58.9,59,59.3,59.4,59.6,59.8,60,60.2,60.5,60.7,61,61.4,61.8,62.2,62.6,63.1,63.5,63.9,64.3,64.7,65,65.1,65,64.9,65,65.3,65.6,66.1,66.5,67,67.4,67.8,68.1,68.3,68.3,68.4,68.6,68.7,68.8,69,69.2,69.3,69,68.8,70.1,70.3,70.2,70,69.7,69.5,69.5,69.6,69.7,70.2,70.8,71.5,72,71.9,71.1,71.6,71.7,72,72.2,72.4,72.6,72.8,73,73.3,73.7,74.2,73.2,71.3,73.5,74.7,74.9,75,75.2,75.3,75.5,75.7,75.8,76,76.2,76.3,76.5,76.61,76.81,76.91,77.11,77.21,77.41,77.61,77.71,77.91,78.01,78.21,78.41,78.51,78.71,78.81,79.01,79.11,79.31,79.41,79.61,79.71,79.91,80.01,80.21,80.32,80.52,80.62,80.82,80.92,81.02,81.22,81.32,81.52,81.62,81.72,81.92,82.02,82.12,82.32,82.42,82.52,82.62,82.82,82.92,83.02,83.22,83.32,83.42,83.62,83.72,83.82,83.92,84.13,84.23,84.33,84.43,84.63,84.73,84.83,84.93,85.13,85.23,85.33,85.43,85.53,85.73
gha,Ghana,28,28,28,28,28,28,28,28,28,28,28,28,28,28,28,28,28,28,28,28,28,28,28,28,28,28,28,28,28,28,28,28,28,28,28,28,28,28,28,28,28,28,28,28,28,28,28,28,28,28,28,28.03,28.05,28.08,28.11,28.14,28.16,28.19,28.22,28.25,28.27,28.3,28.33,28.35,28.38,28.41,28.44,28.46,28.49,28.52,28.55,28.57,28.6,28.63,28.65,28.68,28.71,28.74,28.76,28.79,28.82,28.85,28.87,28.9,28.93,28.95,28.98,29.01,29.04,29.06,29.09,29.12,29.15,29.17,29.2,29.23,29.25,29.28,29.31,29.34,29.36,29.39,29.42,29.45,29.47,29.5,29.53,29.55,29.58,29.61,29.64,29.66,29.69,29.72,29.75,29.77,29.8,29.83,10.07,29.88,29.91,29.94,29.96,29.99,30.02,30.05,30.63,31.23,31.82,32.42,33.01,33.61,34.2,34.8,35.4,36,36.6,37.21,37.8,38.41,39.01,39.65,40.28,40.92,41.56,42.19,42.83,43.47,44.11,44.76,45.4,45.7,45.8,46,46.3,46.5,46.7,46.9,47.1,47.4,47.7,48,48.2,48.5,48.7,49,49.2,49.4,49.6,49.8,50.1,50.3,50.7,51,51.4,51.7,52,52.3,52.7,52.9,53.2,53.4,53.5,53.7,54,54.3,54.7,55.1,55.5,55.8,56.2,56.5,56.8,57,56.9,57.5,57.7,57.8,58.1,58.4,58.6,58.9,59.3,59.8,60.3,60.6,60.8,61.3,61.8,62.2,62.6,62.9,63.3,63.6,63.9,63.9,64.1,64.2,64.4,64.6,64.3,63.7,65,65.4,65.6,65.8,66,66.2,66.4,66.5,66.7,66.9,67.1,67.3,67.4,67.6,67.8,67.9,68.1,68.3,68.4,68.6,68.69,68.89,68.99,69.19,69.29,69.49,69.59,69.79,69.89,70.09,70.19,70.39,70.49,70.69,70.79,70.99,71.09,71.29,71.39,71.49,71.69,71.79,71.89,72.09,72.19,72.39,72.49,72.59,72.79,72.89,73.09,73.19,73.29,73.49,73.59,73.79,73.89,73.99,74.19,74.29,74.49,74.59,74.69,74.89,74.99,75.09,75.28,75.38,75.58,75.68,75.88,75.98,76.08,76.28,76.38,76.48,76.68,76.78,76.98
gin,Guinea,29.5,29.51,29.52,29.53,29.54,29.55,29.56,29.57,29.58,29.59,29.6,29.61,29.62,29.63,29.64,29.66,29.67,29.68,29.69,29.7,29.71,29.72,29.73,29.74,29.75,29.76,29.77,29.78,29.79,29.8,29.81,29.82,29.83,29.84,29.85,29.86,29.87,29.88,29.89,29.9,29.91,29.92,29.93,29.94,29.96,29.97,29.98,29.99,30,30.01,30.02,30.07,30.13,30.18,30.23,30.29,30.34,30.39,30.45,30.5,30.55,30.61,30.66,30.72,30.77,30.82,30.88,30.93,30.98,31.04,31.09,31.15,31.2,31.26,31.32,31.37,31.43,31.48,31.53,31.59,31.64,31.7,31.75,31.8,31.86,31.91,31.97,32.02,32.08,32.13,32.18,32.24,32.29,32.35,32.4,32.46,32.51,32.57,32.62,32.68,32.73,32.79,32.85,32.91,32.96,33.02,33.07,33.13,33.18,33.24,33.29,33.35,33.4,33.46,33.51,33.57,33.62,33.68,13.04,33.79,33.84,33.9,33.95,34.01,34.06,34.12,34.17,34.23,34.29,34.34,34.4,34.46,34.52,34.57,34.63,34.69,34.74,34.8,34.85,34.91,34.97,35.07,35.17,35.27,35.37,35.48,35.93,36.36,36.81,37.25,37.7,37.9,38.1,38.3,38.6,38.8,39.1,39.3,39.6,39.9,40.3,40.6,41,41.3,41.6,42,42.3,42.6,42.9,43.2,43.4,43.7,43.9,44.1,44.3,44.5,44.5,44.7,45.1,45.4,45.6,45.8,45.9,46.1,46.4,46.6,46.9,47.3,47.7,48.1,48.5,49,49.3,49.9,50.3,50.7,51.4,52,52.4,53,53.5,54,54.7,55.4,56,56.6,56.9,57.4,57.8,58.1,58.6,58.9,59.1,59.5,58.9,59.4,60.2,60.6,61.1,61.4,61.1,61.2,62,62.5,62.71,62.91,63.01,63.22,63.43,63.53,63.74,63.84,64.04,64.15,64.35,64.46,64.66,64.77,64.97,65.07,65.28,65.38,65.59,65.69,65.79,66,66.1,66.21,66.41,66.52,66.62,66.82,66.93,67.03,67.13,67.34,67.44,67.55,67.65,67.85,67.96,68.06,68.16,68.27,68.37,68.47,68.57,68.78,68.88,68.99,69.09,69.3,69.4,69.5,69.6,69.71,69.81,69.91,70.12,70.22,70.33,70.43,70.53,70.63,70.74,70.94,71.05,71.15,71.25,71.36,71.46,71.56,71.66,71.87,71.97,72.08,72.18,72.28,72.38,72.49,72.69
gmb,Gambia,28.8,28.8,28.8,28.8,28.8,28.8,28.8,28.8,28.8,28.8,28.8,28.8,28.8,28.8,28.8,28.8,28.8,28.8,28.8,28.8,28.8,28.8,28.8,28.8,28.8,28.8,28.8,28.8,28.8,28.8,28.8,28.8,28.8,28.8,28.8,28.8,28.8,28.8,28.8,28.8,28.8,28.8,28.8,28.8,28.8,28.8,28.8,28.8,28.8,28.8,28.8,28.96,29.12,29.27,29.43,29.59,29.75,29.91,30.06,30.22,30.38,30.54,30.69,30.85,31.01,31.17,31.33,31.48,31.64,31.8,31.96,32.12,32.27,32.43,32.59,32.75,32.91,33.06,33.22,33.38,33.54,33.69,33.85,34.01,34.17,34.33,34.48,34.64,34.8,34.96,35.12,35.27,35.43,35.59,35.75,35.9,36.06,36.22,36.38,36.54,36.69,36.85,37.01,37.17,37.33,37.48,37.64,37.8,37.96,38.12,38.27,38.43,38.59,38.75,38.9,39.06,39.22,39.38,15.68,39.69,39.85,40.01,40.17,40.33,40.48,40.64,40.8,40.96,41.12,41.27,41.43,41.59,41.75,41.9,42.06,42.22,42.38,42.54,42.69,42.85,43.01,43.44,43.88,44.31,44.75,45.2,45.91,46.63,47.33,48.07,48.8,48.9,49,48.9,49,49.1,49.2,49.2,49.3,49.5,49.6,49.8,49.9,50,50.2,50.4,50.6,50.8,51,51.2,51.5,51.8,52.1,52.4,52.8,53.2,53.6,54.1,54,55.1,55.6,54.2,56.8,57.5,58.1,58.7,59.2,59.7,60.1,60.5,60.8,61,60.8,61.5,61.9,61.4,62.2,62.1,62.3,62,62.8,63.5,63.7,63.8,63.5,63.5,64,64.2,64.9,65.1,65.8,67.2,67.5,67.5,66.8,67.2,66.9,66.4,66.8,66.6,64.4,63.7,66.4,67.3,67.5,67.71,67.91,68.01,68.22,68.42,68.63,68.73,68.93,69.14,69.34,69.44,69.65,69.75,69.96,70.06,70.26,70.36,70.57,70.67,70.87,70.98,71.08,71.28,71.38,71.49,71.69,71.79,71.9,72.1,72.2,72.3,72.51,72.61,72.71,72.92,73.02,73.12,73.22,73.43,73.53,73.63,73.73,73.94,74.04,74.14,74.24,74.45,74.55,74.65,74.76,74.96,75.06,75.16,75.27,75.47,75.57,75.67,75.78,75.88,76.08,76.18,76.29,76.39,76.59,76.7,76.8,76.9,77.1,77.21,77.31,77.41,77.61,77.72,77.82,77.92,78.13
gnb,Guinea-Bissau,32,32,32,32,32,32,32,32,32,32,32,32,32,32,32,32,32,32,32,32,32,32,32,32,32,32,32,32,32,32,32,32,32,32,32,32,32,32,32,32,32,32,32,32,32,32,32,32,32,32,32,31.99,31.98,31.97,31.96,31.95,31.94,31.93,31.92,31.91,31.9,31.89,31.88,31.87,31.86,31.85,31.84,31.83,31.82,31.8,31.79,31.78,31.77,31.76,31.75,31.74,31.73,31.72,31.71,31.7,31.69,31.68,31.67,31.66,31.65,31.64,31.63,31.62,31.61,31.6,31.59,31.58,31.57,31.56,31.55,31.54,31.53,31.52,31.51,31.5,31.49,31.48,31.47,31.46,31.45,31.44,31.42,31.41,31.4,31.39,31.38,31.37,31.36,31.35,31.34,31.33,31.32,31.31,12.11,31.29,31.28,31.27,31.26,31.25,31.24,31.23,31.22,31.21,31.2,31.19,31.18,31.5,31.82,32.14,32.46,32.77,33.09,33.41,33.73,34.05,34.37,34.74,35.1,35.46,35.82,36.18,36.55,36.91,37.28,37.64,38,38.3,38.5,38.9,39.3,39.5,40,40.4,40.9,41.3,41.7,42.1,42.6,39.5,40,40.4,40.9,41.3,41.7,42.2,42.6,42.9,43.2,43.4,46.9,47,47.2,47.3,47.4,47.6,47.8,47.9,48.1,48.4,48.7,49,49.3,49.6,50,50.3,50.7,51.1,51.4,51.7,51.6,52.3,50.4,51.1,51.7,51.9,53.6,53.9,54.1,54.3,54.5,53.9,55.2,56,56.3,57.1,57.6,58.1,58.4,58.8,59,59.2,59.6,59.8,60,60.3,59.3,59.8,60.6,61.2,61.39,61.49,61.68,61.77,61.96,62.06,62.25,62.35,62.54,62.63,62.82,62.92,63.11,63.2,63.4,63.49,63.59,63.78,63.87,64.06,64.16,64.26,64.35,64.54,64.64,64.73,64.92,65.02,65.11,65.21,65.4,65.5,65.59,65.69,65.88,65.97,66.07,66.16,66.26,66.45,66.55,66.64,66.74,66.83,66.93,67.12,67.21,67.31,67.41,67.5,67.69,67.79,67.88,67.98,68.17,68.27,68.36,68.46,68.55,68.74,68.84,68.93,69.03,69.12,69.32,69.41,69.51,69.6,69.79,69.89,69.98,70.08,70.27,70.37,70.46,70.56,70.75
gnq,Equatorial Guinea,29.8,29.8,29.8,29.8,29.8,29.8,29.8,29.8,29.8,29.8,29.8,29.8,29.8,29.8,29.8,29.8,29.8,29.8,29.8,29.8,29.8,29.8,29.8,29.8,29.8,29.8,29.8,29.8,29.8,29.8,29.8,29.8,29.8,29.8,29.8,29.8,29.8,29.8,29.8,29.8,29.8,29.8,29.8,29.8,29.8,29.8,29.8,29.8,29.8,29.8,29.8,29.8,29.8,29.79,29.79,29.79,29.79,29.78,29.78,29.78,29.78,29.78,29.77,29.77,29.77,29.77,29.77,29.76,29.76,29.76,29.76,29.75,29.75,29.75,29.75,29.75,29.74,29.74,29.74,29.74,29.73,29.73,29.73,29.73,29.73,29.72,29.72,29.72,29.72,29.72,29.71,29.71,29.71,29.71,29.7,29.7,29.7,29.7,29.7,29.69,29.69,29.69,29.69,29.69,29.68,29.68,29.68,29.68,29.67,29.67,29.67,29.67,29.67,29.66,29.66,29.66,29.66,29.65,11.46,29.65,29.65,29.65,29.64,29.64,29.64,29.64,29.64,29.63,29.63,29.63,29.63,29.62,29.62,29.62,29.62,29.62,29.61,29.61,29.61,29.61,29.6,29.65,29.69,29.74,29.78,29.83,30.68,31.54,32.4,33.26,34.1,34.3,34.5,34.9,35.1,35.2,35.5,35.8,36,36.2,36.5,36.9,37.3,37.9,38.4,38.8,39.3,39.9,40.4,40.9,41.2,41.6,41.9,42.3,42.7,43.2,43.8,44.3,44.8,42.3,45.4,45.7,46.1,46.5,46.9,47.4,47.8,48,48.5,48.8,49,49.3,49.7,50,50.3,50.6,51,52.2,53,53.7,54.3,55.2,56,56.6,57.1,57.4,58.3,59,59.3,59.3,59.4,59.9,60.8,61.4,61.8,61.8,61.7,61.9,62.1,62.1,60.1,59.9,61.1,61.3,61.49,61.68,61.88,62.07,62.26,62.45,62.65,62.74,62.94,63.13,63.32,63.51,63.61,63.8,63.99,64.09,64.28,64.48,64.57,64.76,64.96,65.05,65.25,65.34,65.53,65.73,65.82,66.02,66.11,66.3,66.4,66.59,66.69,66.88,66.98,67.07,67.27,67.36,67.56,67.65,67.84,67.94,68.04,68.23,68.32,68.42,68.61,68.71,68.9,69,69.09,69.29,69.38,69.58,69.67,69.77,69.96,70.06,70.25,70.35,70.54,70.63,70.73,70.92,71.02,71.12,71.31,71.4,71.5,71.69,71.79,71.89,71.98,72.17,72.27,72.46,72.56
grc,Greece,36.6,36.6,36.6,36.6,36.6,36.6,36.6,36.6,36.6,36.6,36.6,36.6,36.6,36.6,36.6,36.6,36.6,36.6,36.6,36.6,36.6,36.6,36.6,36.6,36.6,36.6,36.6,36.6,36.6,36.6,36.6,36.6,36.6,36.6,36.6,36.6,36.6,36.6,36.6,36.6,36.6,36.6,36.6,36.6,36.6,36.6,36.6,36.6,36.6,36.6,36.6,36.62,36.63,36.65,36.66,36.68,36.69,36.71,36.73,36.74,36.76,36.77,36.79,36.8,36.82,36.83,36.85,36.87,36.88,36.9,36.91,36.93,36.94,36.96,36.98,36.99,37.01,37.02,37.14,37.26,37.37,37.49,37.61,37.75,37.88,38.02,38.16,38.3,38.48,38.65,38.83,39.01,39.19,39.39,39.59,39.79,39.99,40.19,40.41,40.63,40.85,41.08,41.3,41.48,41.66,41.84,42.02,42.2,42.5,42.78,43.08,43.36,43.66,43.94,44.24,44.52,44.82,45.12,24.77,45.7,45.99,46.29,46.59,47.23,47.87,48.51,49.15,49.79,47.71,51.66,51.87,52.06,52.27,52.77,53.27,53.77,54.26,54.76,55.32,55.87,56.43,41.77,30.68,40.58,46.84,60.4,58.45,55.78,50.29,57.72,68.3,69.2,70,70.3,70.9,71.3,71.2,71.4,71.9,72.1,72.3,72.2,72.1,72.2,72.3,72.7,73,72.9,73,73.3,73.6,73.8,73.9,74.1,74.4,74.4,74.4,74.6,75,75.2,75.2,75.4,75.6,75.7,75.9,76,76.2,76.2,76.6,76.9,77.1,77.1,77.2,77.3,77.5,77.6,77.7,77.9,78,78.1,78.3,78.7,78.9,79,79.2,79.4,79.6,79.5,79.9,80,80.3,80.3,80.3,80.7,80.9,80.8,81,81.1,81.4,81.6,81.2,80.2,80.3,81,81.1,81.3,81.49,81.69,81.79,81.99,82.19,82.29,82.48,82.68,82.78,82.98,83.08,83.18,83.37,83.47,83.67,83.77,83.87,83.97,84.16,84.26,84.36,84.56,84.66,84.76,84.86,85.05,85.15,85.25,85.35,85.45,85.65,85.75,85.85,85.95,86.04,86.24,86.34,86.44,86.54,86.64,86.74,86.84,87.03,87.13,87.23,87.33,87.43,87.53,87.63,87.73,87.82,88.02,88.12,88.22,88.32,88.42,88.52,88.62,88.71,88.81,88.91,89.01,89.11,89.21,89.31,89.41,89.51,89.6,89.8,89.9,90,90.1,90.2,90.3,90.4
grd,Grenada,31.4,31.4,31.4,31.4,31.4,31.4,31.4,31.4,31.4,31.4,31.4,31.4,31.4,31.4,31.4,31.4,31.4,31.4,31.4,31.4,31.4,31.4,31.4,31.4,31.4,31.4,31.4,31.4,31.4,31.4,31.4,31.4,31.4,31.4,31.4,31.4,31.4,31.4,31.4,32.38,33.37,34.35,35.33,36.32,37.3,37.3,37.3,37.3,37.3,37.3,37.3,37.3,37.3,37.3,37.3,37.3,37.3,37.31,37.31,37.31,37.31,37.31,37.31,37.31,37.31,37.31,37.31,37.31,37.31,37.31,37.31,37.32,37.32,37.32,37.32,37.32,37.32,37.32,37.32,37.32,37.32,37.32,37.32,37.32,37.33,37.33,37.33,37.33,37.33,37.33,37.33,37.33,37.33,37.33,37.33,37.33,37.33,37.33,37.34,37.34,37.34,37.34,37.34,37.34,37.34,37.34,37.34,37.34,37.34,37.34,37.34,37.35,37.35,37.35,37.35,37.35,37.35,37.35,24.22,37.35,37.35,37.35,38.04,38.74,39.43,40.12,40.81,41.5,42.2,42.89,43.58,44.27,44.86,45.44,46.04,46.63,47.21,47.8,48.39,48.98,49.57,50.19,50.79,51.41,52.03,52.64,53.26,53.84,54.44,55.01,55.6,55.9,56.2,56.6,57,57.4,58,58.6,59.3,60,60.9,61.7,62.5,63.1,63.8,64.4,64.9,65.3,65.7,66.1,66.4,66.7,67.1,67.4,67.7,68,68.2,68.4,68.6,68.8,68.7,69,69.1,65,69.3,69.5,69.6,69.8,70,70.3,70.6,70.9,71.1,71.5,71.8,72,72.2,72.3,72.5,72.8,73.1,73.2,73.4,73.6,73.3,74,74.4,74.8,74.8,75,75.1,75.3,75.4,75.4,75.4,75.5,75.5,75.6,75.4,75.3,74.6,72.2,74.3,75.2,75.4,75.5,75.7,75.8,76,76.1,76.2,76.4,76.6,76.7,76.9,77,77.2,77.3,77.5,77.7,77.8,78,78.1,78.3,78.4,78.6,78.7,78.9,79,79.2,79.3,79.5,79.6,79.8,79.9,80.1,80.2,80.3,80.5,80.6,80.8,80.9,81.1,81.2,81.4,81.5,81.7,81.8,81.9,82.1,82.2,82.3,82.5,82.6,82.7,82.9,83,83.1,83.3,83.4,83.5,83.6,83.8,83.9,84,84.2,84.3,84.4,84.5,84.6,84.8,84.9,85,85.1,85.2,85.4,85.5,85.6,85.7,85.8,86
gtm,Guatemala,25.8,25.8,25.8,25.8,25.8,25.8,25.8,25.8,25.8,25.8,25.8,25.8,25.8,25.8,25.8,25.8,25.8,25.8,25.8,25.8,25.8,25.8,25.8,25.8,25.8,25.8,25.8,25.8,25.8,25.8,25.8,25.8,25.81,25.81,25.81,25.81,25.81,25.81,25.81,25.81,25.81,25.81,25.81,25.81,25.81,25.81,25.81,25.81,25.81,25.81,25.81,25.82,25.84,25.85,25.86,25.88,25.89,25.9,25.92,25.93,25.94,25.96,25.97,25.98,25.99,26.01,26.02,26.03,26.05,26.06,26.07,26.09,26.1,26.11,26.13,26.14,26.15,26.17,26.18,26.19,26.21,26.22,26.23,26.25,26.26,26.27,26.29,26.3,26.31,26.32,26.34,26.35,26.36,26.38,26.4,26.41,26.43,26.44,26.45,26.47,26.48,26.49,26.51,26.52,26.53,26.55,26.56,26.57,26.59,26.6,26.61,26.63,26.64,26.65,26.66,26.68,26.69,26.7,10.03,26.73,26.74,26.76,26.77,26.78,26.79,26.8,26.81,26.83,26.84,26.85,26.87,26.87,26.88,26.89,26.91,27.71,28.52,29.33,30.13,30.94,31.75,32.97,34.2,35.42,36.64,37.85,39.08,40.31,41.54,42.77,44,43.7,43,43.5,44.7,45.1,45,44.9,45.6,47.2,48.4,49.2,49.3,49.3,49.5,49.3,49.3,49.2,48.6,48.3,49.5,51.1,52.7,53.9,54.2,54.2,48.6,56.8,57.9,58.4,58.3,57.5,56.6,59.2,59.9,60.5,61.1,61.8,62.5,62.6,62.2,61.9,62.1,62.6,63.5,65,65.9,66.4,66.6,67.1,67.7,67.9,68.6,69,69.3,69.3,69.9,70.3,70.7,70.9,71.3,71.6,71.9,72.1,72.1,72.2,72.4,72.6,72.8,73.1,71.2,68.8,71.8,73.2,73.3,73.5,73.6,73.8,73.91,74.11,74.21,74.41,74.51,74.71,74.81,75.01,75.12,75.32,75.42,75.52,75.72,75.82,76.02,76.12,76.22,76.43,76.53,76.63,76.83,76.93,77.03,77.23,77.33,77.54,77.64,77.84,77.94,78.04,78.24,78.34,78.44,78.64,78.75,78.95,79.05,79.15,79.35,79.45,79.55,79.75,79.85,79.96,80.16,80.26,80.36,80.56,80.66,80.86,80.96,81.06,81.27,81.37,81.47,81.57,81.77,81.87,81.97,82.07,82.27,82.38,82.48,82.68,82.78,82.88,82.98,83.18,83.28,83.38,83.48,83.69,83.79
guy,Guyana,31.12,31.12,31.12,31.12,31.12,31.12,31.12,31.12,31.12,31.12,31.12,31.12,31.12,31.12,31.12,31.12,31.12,31.12,31.12,31.12,31.12,31.12,31.12,31.12,31.12,31.12,31.12,31.12,31.12,31.12,31.12,31.12,31.12,31.12,31.12,31.12,31.12,31.12,31.12,31.12,31.12,31.12,31.12,31.12,31.12,31.12,31.12,31.12,31.12,31.12,31.12,31.1,31.08,31.05,31.03,31.01,30.99,30.96,30.94,30.92,30.9,30.88,30.85,30.83,30.81,30.79,30.77,30.74,30.72,30.7,30.68,30.65,30.63,30.61,30.59,30.57,30.54,30.52,30.5,30.48,30.45,30.43,30.41,30.39,30.37,30.34,30.32,30.3,30.28,30.26,30.23,30.21,30.19,30.17,30.14,30.12,30.1,30.08,30.06,30.03,30.01,29.99,29.97,29.94,29.92,29.9,29.88,29.86,29.83,29.81,29.79,29.77,30.08,30.39,30.7,31.01,31.32,31.63,27.95,32.25,32.56,32.87,33.56,34.25,34.94,35.63,36.32,37.01,37.69,38.38,39.06,39.76,40.47,41.16,41.86,42.57,43.26,43.95,44.65,45.34,46.03,46.77,47.5,48.23,48.95,49.68,50.41,51.13,51.87,52.58,53.3,53.7,54.1,54.6,55.2,55.9,56.7,57.4,58.2,58.8,59.5,60,60.5,60.8,61.1,61.5,61.9,62.2,62.5,62.7,62.9,62.9,62.8,62.6,62.6,62.6,62.6,62.7,60.2,63.1,63.4,63.6,63.9,64.2,64.1,64.5,64.7,64.8,64.9,64.9,64.8,65.3,65.5,65.4,65.4,65.5,65.3,65.6,66,66.3,66.4,66.3,66.2,66.4,66.5,66.7,67.1,67.3,67.4,67.6,67.8,67.8,67.9,68.2,68.3,68.6,69,69.5,69.9,70.2,69.6,66.8,68.3,69,69.1,69.2,69.39,69.49,69.59,69.79,69.88,69.98,70.18,70.28,70.38,70.57,70.67,70.77,70.97,71.06,71.16,71.36,71.46,71.56,71.75,71.85,71.95,72.15,72.24,72.34,72.44,72.64,72.74,72.93,73.03,73.13,73.23,73.42,73.52,73.62,73.82,73.91,74.01,74.21,74.31,74.5,74.6,74.7,74.9,75,75.09,75.29,75.39,75.59,75.68,75.78,75.88,76.08,76.18,76.27,76.47,76.57,76.67,76.86,76.96,77.06,77.26,77.35,77.45,77.65,77.75,77.85,78.04,78.14,78.24,78.44,78.53,78.63,78.83,78.93,79.03
hnd,Honduras,33.9,33.9,33.9,33.9,33.9,33.9,33.9,33.9,33.9,33.9,33.9,33.9,33.9,33.9,33.9,33.9,33.9,33.9,33.9,33.9,33.9,33.9,33.9,33.9,33.9,33.9,33.9,33.9,33.9,33.9,33.9,33.9,33.9,33.9,33.9,33.9,33.9,33.9,33.9,33.9,33.9,33.9,33.9,33.9,33.9,33.9,33.9,33.9,33.9,33.9,33.9,33.9,33.89,33.89,33.89,33.88,33.88,33.88,33.88,33.87,33.87,33.87,33.86,33.86,33.86,33.85,33.85,33.85,33.85,33.84,33.84,33.84,33.83,33.83,33.83,33.82,33.82,33.82,33.82,33.81,33.81,33.81,33.8,33.8,33.8,33.79,33.79,33.79,33.79,33.78,33.78,33.78,33.77,33.77,33.77,33.76,33.76,33.76,33.76,33.75,33.75,33.75,33.74,33.74,33.74,33.73,33.73,33.73,33.72,33.72,33.72,33.72,33.71,33.71,33.71,33.7,33.7,33.7,29.79,33.69,33.69,33.69,33.68,33.68,33.68,33.67,33.67,33.67,33.66,33.66,33.66,34,34.34,34.68,35.03,35.37,35.7,36.05,36.39,36.74,37.07,37.48,37.9,38.32,38.72,39.14,39.55,39.96,40.37,40.79,41.2,42,42.7,43.6,44.5,45.2,46.1,46.9,47.8,48.7,49.5,50.1,51.2,52,52.8,53.5,54.3,55.1,55.8,55.9,57.2,57.9,58.6,57.4,54.8,60.7,61.4,62.2,63,63.8,64.7,65.5,66.2,67.1,67.9,68.6,69.1,69.6,70,70.2,70.5,70.8,71,70.9,71.2,71.3,71.4,71.6,65.7,72,72.2,72.4,72.6,72.8,73,73.3,73.5,73.8,73.9,74.1,74.1,74.1,72.4,72.8,73,72.9,74.8,75,75,75.2,72.6,70.8,75.5,76.1,76.2,76.41,76.62,76.73,76.94,77.14,77.35,77.46,77.67,77.77,77.98,78.19,78.29,78.5,78.61,78.81,79.02,79.13,79.34,79.54,79.65,79.86,79.96,80.17,80.38,80.48,80.69,80.8,81.01,81.22,81.32,81.53,81.63,81.84,82.05,82.15,82.36,82.47,82.68,82.78,82.99,83.09,83.3,83.51,83.62,83.82,83.93,84.14,84.24,84.45,84.56,84.76,84.87,85.08,85.18,85.39,85.5,85.7,85.81,86.02,86.12,86.23,86.43,86.54,86.64,86.85,86.96,87.06,87.27,87.37,87.58,87.69,87.79,87.9,88.1,88.21,88.31
hrv,Croatia,36.1,36.1,36.1,36.1,36.1,36.1,36.1,36.1,36.1,36.1,36.1,36.1,36.1,36.1,36.1,36.1,36.1,36.1,36.1,36.1,36.1,36.1,36.1,36.1,36.1,36.1,36.1,36.1,36.1,36.1,36.1,36.1,36.1,36.1,36.1,36.1,36.1,36.1,36.1,36.1,36.1,36.1,36.1,36.1,36.1,36.1,36.1,36.1,36.1,36.1,36.1,36.08,36.05,36.03,36.01,35.98,35.96,35.94,35.91,35.89,35.87,35.84,35.82,35.8,35.77,35.75,35.73,35.7,35.68,35.66,35.63,35.61,35.59,35.56,35.54,35.52,35.49,35.47,35.45,35.42,35.4,35.38,35.35,35.33,35.31,35.28,35.26,35.24,35.21,35.19,35.17,35.14,35.12,35.1,35.07,35.05,35.03,35,34.98,34.96,34.93,34.91,34.89,34.86,34.84,34.82,34.79,34.77,34.75,34.72,34.7,34.68,34.65,34.63,34.61,34.58,34.56,34.54,13.4,34.49,34.47,35.22,35.95,36.7,37.44,38.18,38.92,39.66,40.39,41.14,41.87,42.6,43.33,44.07,44.8,45.53,46.26,46.99,47.71,48.44,49.16,39.23,35.95,33.58,32.09,34.56,47.02,53.46,54.83,55.64,56.4,56.9,57.6,58.4,59.2,60.1,61.1,62.2,63.2,63.9,64.6,65.3,66,66.6,67.1,67.5,68,68.3,68.5,68.7,68.8,69,69.4,69.8,70.2,70.5,70.7,71,71.1,71.2,71.1,71.1,71,71,71.1,71.2,71.5,71.7,72,72.3,72.5,71.1,72,73,73.4,72.8,73.6,73.7,73.9,74.2,74.4,74.7,74.9,75,75.4,75.5,75.8,75.9,76.1,76.4,76.6,77,77.3,77.5,77.7,77.8,78,78.1,78.3,78.5,77.7,77,77.5,78.6,78.8,78.9,79.1,79.3,79.4,79.6,79.8,79.9,80.1,80.3,80.4,80.6,80.7,80.9,81,81.2,81.4,81.5,81.7,81.9,82,82.2,82.3,82.5,82.6,82.8,82.9,83,83.2,83.3,83.5,83.6,83.7,83.9,84,84.1,84.3,84.4,84.5,84.6,84.8,84.9,85,85.1,85.3,85.4,85.5,85.6,85.7,85.9,86,86.1,86.2,86.3,86.4,86.6,86.7,86.8,86.9,87,87.2,87.3,87.4,87.5,87.6,87.7,87.8,87.9,88.1,88.2,88.3,88.4,88.5,88.6,88.7,88.9,89
hti,Haiti,29,29,29,29,29,29,29,29,29,29,29,29,29,29,29,29,29,29,29,29,29,29,29,29,29,29,29,29,29,29,29,29,29,29,29,29,29,29,29,29,29,29,29,29,29,29,29,29,29,29,29,29.02,29.05,29.07,29.09,29.12,29.14,29.17,29.19,29.21,29.24,29.26,29.28,29.31,29.33,29.36,29.38,29.4,29.43,29.45,29.47,29.5,29.52,29.54,29.57,29.59,29.62,29.64,29.66,29.69,29.71,29.73,29.76,29.78,29.81,29.83,29.85,29.88,29.9,29.92,29.95,29.97,29.99,30.02,30.04,30.07,30.09,30.11,30.14,30.16,30.18,30.21,30.23,30.26,30.28,30.3,30.33,30.35,30.37,30.4,30.42,30.44,30.47,30.49,30.52,30.54,30.56,30.59,19.85,30.63,30.66,30.68,30.71,30.73,30.75,30.78,30.8,30.82,30.85,30.87,30.89,30.92,30.94,30.97,30.99,31.01,31.04,31.06,31.08,31.11,31.13,31.16,31.17,32.17,33.18,34.17,35.17,36.18,37.18,38.19,39.2,39.6,40.2,40.6,40.8,41.3,41.8,42.2,42.5,42.9,43.2,43.6,43.9,42.6,44.5,44.8,44.9,45.3,45.5,45.8,46,46.3,46.5,46.8,47.1,47.3,47.6,47.8,48.1,48.5,48.8,49.2,49.6,50,50.4,50.7,50.9,51.1,51.1,51.2,51.4,51.7,51.9,51.6,52.5,53.1,53.7,54,55.1,55.6,56.1,56.6,57.1,57.5,56.7,58.3,58.8,59.2,59.5,60,31,59.2,60.5,60.5,60.8,61,60.9,61.3,61.5,61.6,61.6,60.9,61.4,61,61.19,61.38,61.56,61.66,61.85,61.94,62.13,62.32,62.41,62.6,62.69,62.88,62.97,63.07,63.26,63.35,63.54,63.63,63.82,63.91,64.01,64.2,64.29,64.48,64.57,64.67,64.85,64.95,65.04,65.14,65.32,65.42,65.51,65.7,65.79,65.89,65.98,66.08,66.26,66.36,66.45,66.55,66.73,66.83,66.92,67.02,67.2,67.3,67.39,67.49,67.67,67.77,67.86,67.96,68.14,68.24,68.33,68.52,68.61,68.71,68.8,68.99,69.08,69.18,69.27,69.46,69.55,69.65,69.84,69.93,70.02,70.12,70.31,70.4,70.49,70.68,70.78
hun,Hungary,36,36,36,36,36,36,36,36,36,36,36,36,36,36,36,36,36,36,36,36,36,36,36,36,36,36,36,36,36,36,36,36,36,36,36,36,36,36,36,36,36,36,36,36,36,36,36,36,36,36,36,36.01,36.01,36.02,36.02,36.03,36.03,36.04,36.04,36.05,36.05,36.06,36.06,36.07,36.07,36.08,36.08,36.09,36.09,36.1,36.11,36.11,36.12,36.12,36.13,36.13,36.14,36.14,36.15,36.15,36.16,36.16,36.17,36.17,36.18,36.18,36.19,36.2,36.2,36.21,36.21,36.35,36.49,36.63,36.77,36.91,37.05,37.19,37.33,37.47,37.61,37.86,38.11,38.36,38.6,38.86,39.11,39.36,39.6,39.86,40.11,40.35,40.59,40.82,41.06,41.3,41.54,41.78,30.41,42.25,42.49,43.32,44.15,44.98,45.81,46.64,47.47,48.31,49.14,49.97,50.8,51.49,52.19,52.89,53.58,54.28,54.97,55.66,56.36,57.05,57.75,57.31,51.69,41.57,26.37,47.66,55.78,59.85,61.58,62.2,63,63.6,64,64.5,65.2,66.1,65.6,66.8,67.2,67.5,67.9,68.3,68.5,69,69.3,69.4,69.6,69.5,69.4,69.3,69.3,69.4,69.7,69.7,69.6,69.5,69.6,69.6,69.4,69.3,69.1,69,69,68.9,68.9,69,69.1,69.5,69.6,69.5,69.4,69.3,69.2,69.2,69.5,69.9,70.4,70.8,70.9,71.2,71.8,72.3,72.5,72.7,72.9,73,73.3,73.6,74,74.3,74.6,75,75.3,75.7,75.9,75.9,76.1,76.1,76.3,76.4,75.7,74.3,76,76.8,77,77.1,77.3,77.5,77.6,77.8,77.9,78.1,78.2,78.4,78.6,78.7,78.89,78.99,79.19,79.39,79.49,79.69,79.79,79.99,80.09,80.29,80.49,80.59,80.79,80.89,81.09,81.19,81.39,81.49,81.69,81.79,81.99,82.09,82.29,82.39,82.58,82.68,82.88,82.98,83.08,83.28,83.38,83.58,83.68,83.78,83.98,84.08,84.28,84.38,84.48,84.68,84.78,84.88,85.08,85.18,85.28,85.48,85.58,85.68,85.78,85.98,86.08,86.18,86.28,86.47,86.57,86.67,86.77,86.97,87.07,87.17,87.27,87.47,87.57,87.67,87.77
idn,Indonesia,30,30,30,30,30,30,30,30,30,30,30,30,30,30,30,30,30,30,30,30,30,30,30,30,30,30,30,30,30,30,30,30,30,30,30,30,30,30,30,30,30,30,30,30,30,30,30,30,30,30,30,30.04,30.09,30.13,30.17,30.22,30.26,30.3,30.35,30.39,30.43,30.48,30.52,30.57,30.61,30.65,30.7,30.74,30.78,30.83,30.87,30.91,30.96,31,31.04,31.09,31.13,31.17,31.22,31.26,31.3,31.35,31.39,31.43,31.48,31.52,31.56,31.61,31.65,31.7,31.74,31.78,31.83,31.87,31.91,31.96,32,32.04,32.09,32.13,32.17,32.22,32.26,32.3,32.35,32.39,32.43,32.48,32.52,32.56,32.61,32.65,32.69,32.74,32.78,32.83,32.87,32.91,15.41,33,33.04,33.09,33.13,33.17,33.22,33.26,33.3,33.35,33.95,34.55,35.15,35.76,36.36,36.97,37.58,38.19,38.8,39.41,39.89,40.36,40.84,41.32,32.89,31.81,30.72,29.64,34.81,35.44,36.06,36.7,41.8,42.5,43,43.6,44.2,44.7,45.2,45.7,45.9,46.4,46.9,47.3,47.6,48.2,48.7,49.1,49.5,50,50.5,51.1,51.8,52.5,53.2,53.9,54.6,55.2,55.8,56.4,57,57.6,58.3,59,59.7,60.4,61.1,61.8,62.5,63.1,63.7,64.4,65,65.6,66.1,66.6,67.1,67.6,68,68.3,68.6,68.8,69.1,69.3,69.5,69.6,67,69.7,69.7,69.8,69.9,70,70.2,70.4,70.7,71,71.2,71.5,71.7,72,72.2,72.5,71.4,68.6,72.4,72.5,72.7,72.81,73.01,73.11,73.32,73.42,73.62,73.72,73.83,74.03,74.13,74.34,74.44,74.54,74.74,74.85,74.95,75.15,75.25,75.46,75.56,75.76,75.86,75.97,76.17,76.27,76.37,76.58,76.68,76.88,76.99,77.09,77.29,77.39,77.6,77.7,77.8,78.01,78.11,78.31,78.41,78.52,78.72,78.82,79.03,79.13,79.23,79.43,79.54,79.74,79.84,79.94,80.15,80.25,80.45,80.56,80.76,80.86,80.96,81.17,81.27,81.37,81.58,81.68,81.88,81.98,82.09,82.29,82.39,82.49,82.7,82.8,82.9,83.1,83.21,83.31,83.51
ind,India,25.44,25.44,25,24,23.5,25.44,25.44,25.44,25.44,25.44,25.44,25.44,23,25.44,25.44,25.44,25.44,25.44,25.44,25.44,25.44,25.44,25.44,25.44,25.44,25.44,25.44,25.44,25.44,25.44,25.44,25.44,23,22,25.44,25.44,25.44,24.3,23.9,25.44,25.44,25.44,25.44,25.44,25.44,25.44,25.44,25.44,25.44,25.44,25.44,25.47,25.5,25.54,25.57,25.6,25.63,25.67,25.7,25.73,23.29,22.31,25.83,25.86,25.7,25.73,21.47,25.8,25.83,21.82,26.09,26.12,26.15,26.19,26.22,25.91,20.66,19.65,20.71,26.38,26.41,26.44,26.35,26.27,26.18,26.08,25.99,25.91,25.6,25.51,25.62,24.23,23.86,25.43,25.38,25.32,24.08,21.04,27.32,24.81,19.52,24.55,25.16,25,23.51,23.43,23.45,20.64,24.97,24.95,24.95,24.95,25.18,25.42,25.65,25.9,26.14,26.37,8.81,26.74,26.92,27.11,27.62,28.14,28.67,29.19,29.71,30.23,30.76,31.28,31.81,32.33,32.74,33.14,33.54,33.95,34.34,34.75,35.15,35.56,35.96,36.36,36.68,35.88,36.47,37.62,37.93,36.34,38.29,38.87,39.2,39.7,40.1,40.7,41.1,41.5,41.9,42.3,42.7,43,43.4,43.8,44.1,44.4,44.7,43.8,44.1,44.4,46,46.4,46.9,47.4,48.2,49.1,49.5,49.5,50,50.6,51.6,53,54.2,55,55.6,55.9,56,56.1,56.2,56.5,57.1,57.7,58.5,59.1,59.7,60.5,61.1,61.4,61.5,61.8,62.1,62.9,63.6,64.2,64.6,65.1,65.7,66.2,66.3,66.3,66.6,67.1,67.6,67.9,68.3,68.7,69.1,69.4,69.6,69.9,70.2,70.9,70.3,68.8,71.2,71.6,71.8,72.1,72.3,72.59,72.79,72.99,73.19,73.39,73.69,73.89,74.09,74.29,74.48,74.68,74.88,75.08,75.28,75.48,75.68,75.88,76.08,76.17,76.37,76.57,76.77,76.97,77.07,77.27,77.47,77.67,77.77,77.96,78.16,78.36,78.56,78.66,78.86,79.06,79.16,79.36,79.56,79.66,79.85,80.05,80.15,80.35,80.55,80.65,80.85,81.05,81.15,81.35,81.45,81.64,81.74,81.94,82.04,82.24,82.34,82.54,82.64,82.84,82.94,83.14,83.24,83.33,83.53,83.63,83.73,83.93,84.03,84.13,84.33,84.43,84.53,84.73,84.83
irl,Ireland,38.3,38.3,38.3,38.3,38.3,38.3,38.3,38.3,38.3,38.3,38.3,38.3,38.3,38.3,38.3,38.3,38.3,38.3,38.3,38.3,38.3,38.3,38.3,38.3,38.3,38.3,38.3,38.3,38.3,38.3,38.3,38.3,38.3,38.3,38.3,38.3,38.3,38.3,38.3,38.3,38.3,38.3,38.3,38.3,38.3,38.3,19.8,24,14.9,14.1,31.2,38.3,38.3,38.3,38.3,38.3,38.3,38.3,38.3,38.3,38.56,38.83,39.09,39.36,39.62,39.89,40.15,40.41,40.68,40.94,41.21,41.47,41.74,42,42.26,42.53,42.8,43.07,43.33,43.6,43.86,44.12,44.39,44.65,44.92,45.18,45.45,45.71,45.97,46.24,46.5,46.77,47.03,47.3,47.56,47.82,48.09,48.35,48.62,48.88,49.15,49.41,49.85,50.29,50.73,51.17,51.61,52.05,52.49,52.93,53.37,53.81,54.07,54.33,54.58,54.83,55.09,55.34,49.7,55.85,56.1,56.35,56.61,56.86,57.11,57.37,57.62,57.75,57.88,58.01,58.14,58.27,58.4,58.53,58.66,58.79,58.92,59.14,59.36,59.58,59.8,60.05,60.36,60.67,60.98,61.28,61.59,62.66,63.75,64.83,65.9,66.1,67.1,68,68.3,68.5,69,69.3,69.6,69.8,70.1,70.1,70.2,70.4,70.6,70.7,70.7,71.1,71.1,71,71.2,71.4,71.3,71.2,71.4,71.7,71.9,72.1,72.2,72.3,72.6,72.9,73.2,73.4,73.6,73.6,73.8,74.2,74.5,74.7,74.9,75.2,75.4,75.4,75.6,75.7,75.9,76.1,76.2,76.3,76.7,77.3,77.7,78.2,78.6,79,79.3,79.6,79.8,80.1,80.6,80.8,80.9,81.1,81.4,81.5,81.7,82,82.2,82.4,82.2,82.3,82.2,82.5,82.7,82.8,83,83.2,83.3,83.5,83.7,83.8,84,84.1,84.2,84.4,84.5,84.7,84.8,84.9,85.1,85.2,85.3,85.5,85.6,85.7,85.8,86,86.1,86.2,86.3,86.5,86.6,86.71,86.81,86.91,87.01,87.21,87.31,87.41,87.51,87.61,87.81,87.91,88.01,88.11,88.21,88.31,88.41,88.51,88.71,88.81,88.91,89.01,89.11,89.21,89.31,89.41,89.51,89.61,89.71,89.81,90.01,90.11,90.21,90.31,90.41,90.51,90.61,90.71,90.81,90.91,91.01,91.11,91.21,91.31,91.41,91.51,91.61,91.71,91.91
irn,Iran,25.6,25.6,25.6,25.6,25.6,25.6,25.6,25.6,25.6,25.6,25.6,25.6,25.6,25.6,25.6,25.6,25.6,25.6,25.6,25.6,25.6,25.6,25.6,25.6,25.6,25.6,25.6,25.6,25.6,25.6,25.6,25.6,25.6,25.6,25.6,25.6,25.6,25.6,25.6,25.6,25.6,25.6,25.6,25.6,25.6,25.6,25.6,25.6,25.6,25.6,25.6,25.6,25.59,25.59,25.59,25.58,25.58,25.58,25.57,25.57,25.57,25.56,25.56,25.56,25.55,25.55,25.54,25.54,25.54,25.53,25.53,25.53,25.52,25.52,25.52,25.51,25.51,25.51,25.5,25.5,25.5,25.49,25.49,25.49,25.48,25.48,25.48,25.47,25.47,25.47,25.46,25.46,25.45,25.45,25.45,25.44,25.44,25.44,25.43,25.43,25.43,25.42,25.42,25.42,25.41,25.41,25.41,25.4,25.4,25.4,25.39,25.39,25.39,25.38,25.38,25.38,25.37,25.37,21.02,25.36,25.36,25.35,25.35,25.35,25.34,25.34,25.34,25.33,25.33,25.33,25.32,25.32,25.32,25.31,25.31,25.31,25.3,25.3,25.3,25.29,25.29,26.7,28.11,29.53,30.94,32.35,33.76,35.17,36.58,37.99,39.4,40,40.6,41,41.6,42.3,42.9,43.3,44.4,45.2,45.9,46.5,46.3,47.4,48,49.2,50.8,52.2,52.7,54.2,55,56,56.7,57.8,58.4,59,59.6,59.9,58.4,58.6,57.1,56.7,56.8,58.6,60.6,61.7,61.6,64,65,67.1,66.4,68.9,69.5,69.9,70.4,70.9,71.3,71.5,72,72.4,72.7,73.1,73.4,72.3,74.3,74.7,75.1,75.5,75.8,76.1,76.4,76.6,76.9,77.1,77.2,77.2,77.3,77.5,77.7,77.9,74.2,74.8,78.1,78.8,79,79.21,79.31,79.61,79.81,80.02,80.12,80.42,80.63,80.73,80.93,81.13,81.34,81.54,81.74,81.94,82.15,82.25,82.45,82.65,82.86,83.06,83.26,83.36,83.57,83.77,83.87,84.07,84.28,84.38,84.58,84.78,84.88,85.09,85.19,85.39,85.49,85.7,85.8,86,86.1,86.3,86.41,86.51,86.71,86.81,87.01,87.12,87.22,87.42,87.52,87.62,87.72,87.93,88.03,88.13,88.23,88.43,88.54,88.64,88.74,88.84,88.94,89.14,89.25,89.35,89.45,89.55,89.65,89.75,89.96,90.06,90.16,90.26,90.36,90.46,90.56
irq,Iraq,31.2,31.2,31.2,31.2,31.2,31.2,31.2,31.2,31.2,31.2,31.2,31.2,31.2,31.2,31.2,31.2,31.2,31.2,31.2,31.2,31.2,31.2,31.2,31.2,31.2,31.2,31.2,31.2,31.2,31.2,31.2,31.2,31.2,31.2,31.2,31.2,31.2,31.2,31.2,31.2,31.2,31.2,31.2,31.2,31.2,31.2,31.2,31.2,31.2,31.2,31.2,31.39,31.58,31.78,31.97,32.16,32.35,32.55,32.74,32.93,33.12,33.31,33.51,33.7,33.89,34.08,34.28,34.47,34.66,34.85,35.05,35.24,35.43,35.62,35.81,36.01,36.2,36.39,36.58,36.78,36.97,37.16,37.35,37.54,37.74,37.93,38.12,38.31,38.51,38.7,38.89,39.08,39.27,39.47,39.66,39.85,40.04,40.24,40.43,40.62,40.81,41,41.2,41.39,41.58,41.77,41.97,42.16,42.35,42.54,42.74,42.93,43.12,43.31,43.5,43.7,43.89,44.08,36.71,44.47,44.66,44.85,45.04,45.23,45.43,45.62,45.81,46,46.2,46.39,46.58,46.77,46.96,47.16,47.35,47.54,47.73,47.93,48.12,48.31,48.5,49.19,49.86,50.56,51.26,51.95,52.65,53.36,54.07,54.77,55.5,55.9,56.3,56.9,57.5,57.9,58.4,58.8,59,58.9,60,58.6,59,59.2,60.4,60.5,60.7,61.1,61.4,61.5,61.8,62.7,62.8,63,61.4,61.8,63.8,64.1,64.4,64.8,61.6,61,55.6,58,61.9,61.3,55,60.7,61.1,66.4,66.6,66.8,66.7,66.7,66.7,66.7,66.8,66.9,67.1,67.3,67.5,67.7,67.8,66,66.5,66.2,65.1,65.6,67.2,68.1,68.4,68.7,69,68.8,67.5,68.2,68.8,69.6,70.9,70.9,67.5,68.7,70.8,71.1,71.2,71.3,71.4,71.49,71.59,71.69,71.89,71.99,72.08,72.18,72.28,72.38,72.48,72.58,72.67,72.77,72.87,72.97,73.07,73.26,73.36,73.46,73.56,73.66,73.76,73.95,74.05,74.15,74.25,74.35,74.54,74.64,74.74,74.84,75.03,75.13,75.23,75.33,75.53,75.62,75.72,75.82,76.02,76.12,76.21,76.31,76.51,76.61,76.71,76.8,77,77.1,77.2,77.39,77.49,77.59,77.69,77.89,77.98,78.08,78.28,78.38,78.48,78.67,78.77,78.87,78.97,79.16,79.26,79.36,79.46,79.66,79.75,79.85,79.95,80.15,80.25
isl,Iceland,42.85,33.88,27.62,19.6,24.76,30.85,45.82,43.56,43.55,40.42,43.14,38.56,33.73,33.3,37.17,45.15,31.12,45.65,43.48,36.82,36.56,31.01,48.39,45.89,41.6,32.79,25.63,24.92,29.6,34.9,40.5,40.47,39.07,35.94,24.01,36.63,30.86,32.81,32.4,27.95,31.97,40.22,40.13,25.39,42.9,41.35,18.31,32.94,41.39,37.14,36.61,30.01,42.1,48.61,43.15,38.16,42.35,39.5,34.85,29.68,19.77,27.1,26.98,35.13,34.83,34.23,27.22,37.57,34.67,28.05,38.41,35.05,25.18,36.65,39.66,36.58,40.3,44.7,41.66,39.57,42.38,35.87,17.77,30.32,42.26,45.53,45.05,40.67,46.88,52.57,36.65,47.58,52.83,52.68,44.88,52.63,53.33,48.63,44.3,49.9,46.75,53.11,50.64,48.96,52.79,49.64,53.72,49.87,45.91,52.5,52.82,55.63,56.16,59.12,52.07,53.82,54.7,59.2,51.23,58.68,54.76,54.39,57.14,57.87,54.19,58.43,61,58.33,62.03,60.77,60.45,61.06,62.4,63.26,63.62,59.72,63,63.78,65.36,66.26,66.06,63.46,64.4,65.52,67.12,67.86,68.91,69.74,70.54,71.83,71.4,71.7,72,72.3,72.5,72.6,72.7,72.8,72.9,73.1,73.2,73.2,73.1,73.2,73.2,73.3,73.4,73.5,73.7,73.7,73.7,73.7,73.9,74.3,74.6,75.2,75.7,76,76.2,76.2,76.3,76.3,76.5,76.7,76.9,77.2,77.3,77.3,77.5,77.6,77.9,78.1,78.3,78.5,78.5,78.4,78.7,78.9,79.1,79.4,79.8,80.1,80.4,80.6,80.7,81,81,81.1,81.3,81.5,81.7,81.9,82,82.1,82.2,82.2,82.3,82.4,82.6,82.9,82.7,82.8,82.2,82.5,82.8,83,83.1,83.2,83.4,83.5,83.7,83.8,83.9,84.1,84.2,84.3,84.5,84.59,84.69,84.79,84.89,85.09,85.19,85.29,85.39,85.49,85.69,85.79,85.89,85.99,86.09,86.29,86.39,86.49,86.59,86.69,86.79,86.89,87.09,87.19,87.29,87.39,87.49,87.59,87.69,87.79,87.99,88.09,88.19,88.29,88.39,88.49,88.59,88.69,88.88,88.98,89.08,89.18,89.28,89.38,89.48,89.68,89.78,89.88,89.98,90.08,90.18,90.28,90.48,90.58,90.68,90.78,90.88,90.98,91.08,91.18,91.38,91.48,91.58,91.68,91.78
isr,Israel,32,32,32,32,32,32,32,32,32,32,32,32,32,32,32,32,32,32,32,32,32,32,32,32,32,32,32,32,32,32,32,32,32,32,32,32,32,32,32,32,32,32,32,32,32,32,32,32,32,32,32,32.02,32.04,32.06,32.08,32.1,32.12,32.14,32.16,32.18,32.2,32.21,32.23,32.25,32.27,32.29,32.31,32.33,32.35,32.37,32.39,32.41,32.43,32.45,32.47,32.49,32.51,32.53,32.55,32.57,32.59,32.61,32.62,32.64,32.66,32.68,32.7,32.72,32.74,32.76,32.78,32.8,32.82,32.84,32.86,32.88,32.9,32.92,32.94,32.96,32.98,33,33.02,33.03,33.05,33.07,33.09,33.11,33.13,33.15,33.17,33.19,33.21,33.23,33.25,33.27,33.29,33.31,27.63,33.35,33.37,33.39,33.41,33.43,33.44,33.46,33.48,33.5,33.52,33.54,33.56,33.58,33.6,33.62,33.64,33.66,35.93,38.22,40.49,42.78,45.07,47.35,49.63,51.93,54.21,56.51,58.79,61.1,63.4,65.7,68,67.9,68,68.4,68.7,69,68.9,69.7,70.3,70.8,71.1,71.4,71.3,71.2,71.2,71.2,71.5,70.8,71.5,71.3,71.5,71.9,72,70,72,72.3,72.8,73.1,73.4,73.8,74.2,74.6,74.8,75,75.3,75.6,75.8,76.2,76.6,77.1,77.3,77.3,77.3,77.5,77.7,78,78.4,78.5,78.6,78.9,79.1,79.3,79.5,79.8,80.2,80.5,80.7,81,81.4,81.8,82,82.1,82.3,82.5,82.6,82.7,82.9,83.1,83.3,83.5,83,82.8,83.1,83.3,83.6,83.7,83.81,83.91,84.11,84.21,84.41,84.51,84.72,84.82,85.02,85.12,85.22,85.32,85.52,85.63,85.73,85.93,86.03,86.13,86.23,86.43,86.53,86.64,86.74,86.84,87.04,87.14,87.24,87.34,87.44,87.55,87.75,87.85,87.95,88.05,88.15,88.25,88.46,88.56,88.66,88.76,88.86,88.96,89.06,89.16,89.26,89.47,89.57,89.67,89.77,89.87,89.97,90.07,90.17,90.28,90.38,90.48,90.58,90.68,90.78,90.88,91.08,91.19,91.29,91.39,91.49,91.59,91.69,91.79,91.89,91.99,92.1,92.2,92.3,92.5,92.5
ita,Italy,29.69,29.69,29.69,29.69,29.69,29.69,29.69,29.69,29.69,29.69,29.69,29.69,29.69,29.69,29.69,29.69,29.69,29.69,29.69,29.69,29.69,29.69,29.69,29.69,29.69,29.69,29.69,29.69,29.69,29.69,29.69,29.69,29.69,29.69,29.69,29.69,29.69,29.69,29.69,29.69,29.69,29.69,29.69,29.69,29.69,29.69,29.69,29.69,29.69,29.69,29.69,29.69,29.69,29.69,29.69,29.69,29.69,29.69,29.69,29.69,29.69,29.69,29.69,29.69,29.69,29.69,29.69,29.69,29.69,29.68,29.68,29.68,29.68,31.59,31.74,31.3,33.59,34.87,34.31,33.94,32.73,34.19,34.28,35.17,36.59,36.82,35.09,35.96,36.91,39.04,38.49,38.45,38.83,39.77,39.89,39.59,40.68,43.27,42.31,43.65,41.64,43.5,42.97,43.13,44.41,43.92,45.07,45.43,43.17,44.65,46.72,44.75,48.95,48.43,49.86,42.31,39.25,37.67,25.6,42.07,45.48,49.22,49.98,51.42,51.48,51.27,50.92,52.54,52.63,52.25,55.16,54.74,54.73,56.25,56.82,56.18,56.71,55.45,56.08,57.59,56.9,54.57,52.41,49.15,52.3,54.72,58.91,61.12,63.38,64.04,65.7,65.6,66.2,66.9,68,68.4,67.8,68.3,69.2,69.7,69.7,70.1,69.8,69.9,70.6,70.6,71.2,71.2,71,71,71.6,71.9,72.1,72.2,72.6,72.7,72.9,73.3,73.7,74,74,74.5,74.9,74.8,75.5,75.6,76,76.4,76.6,76.9,77,77.1,77.4,77.6,77.8,78.1,78.4,78.7,78.8,79.2,79.6,79.9,80,80,80.7,80.8,81.1,81.2,81.3,81.5,81.9,82,82,82.4,82.6,82.4,82.8,82.7,83,83.2,82,82.4,82.2,83,83.2,83.3,83.5,83.59,83.79,83.89,83.99,84.19,84.29,84.39,84.59,84.69,84.78,84.88,85.08,85.18,85.28,85.48,85.58,85.68,85.78,85.88,85.97,86.17,86.27,86.37,86.47,86.67,86.77,86.87,86.97,87.07,87.16,87.36,87.46,87.56,87.66,87.76,87.86,87.96,88.06,88.16,88.26,88.45,88.55,88.65,88.75,88.85,88.95,89.05,89.15,89.35,89.45,89.54,89.64,89.74,89.84,89.94,90.04,90.14,90.34,90.44,90.54,90.54,90.73,90.83,90.93,91.03,91.13,91.23,91.33,91.43,91.53,91.63,91.83,91.92,92.02
jam,Jamaica,34.2,34.2,34.2,34.2,34.2,34.2,34.2,34.2,34.2,34.2,34.2,34.2,34.2,34.2,34.2,34.2,34.2,34.2,34.2,34.2,34.2,34.2,34.2,34.2,34.2,34.2,34.2,34.2,34.2,34.2,34.2,34.2,34.2,34.2,34.2,34.2,34.2,34.2,34.2,34.2,34.2,34.2,34.2,34.2,34.2,34.2,34.2,34.2,34.2,34.2,34.2,34.2,34.21,34.21,34.22,34.22,34.23,34.23,34.24,34.24,34.24,34.25,34.25,34.26,34.26,34.27,34.27,34.28,34.28,34.28,34.29,34.29,34.3,34.3,34.31,34.31,34.32,34.32,34.33,34.33,34.33,34.34,40.27,38.26,37.37,37.97,37.07,35.67,38.79,37.79,34.48,37.5,39.41,38.82,39.22,37.62,37.83,37.23,39.35,37.84,38.05,38.35,40.67,34.84,33.84,37.87,32.64,29.72,37.08,37.59,36.99,38.2,34.68,37.81,38.52,37.31,35.91,31.98,26.63,36.93,35.72,30.98,37.35,38.36,38.97,39.28,41.1,39.8,42.02,43.44,45.77,43.15,44.67,42.05,44.89,44.49,44.9,47.74,46.43,49.06,48.16,50.07,50.56,51.16,50.04,50.12,52.54,51.62,53.03,55.35,58.2,58.6,59.6,60.5,61.4,62.1,62.9,63.2,63.7,63.9,64.1,64.3,64.5,64.8,65.2,65.7,66.3,66.9,67.5,68,68.5,68.9,69.3,69.8,70.2,70.6,70.9,71.3,71.8,72.3,72.8,72.9,72.8,72.6,72.5,72.7,73.1,73.6,74.1,74.5,74.9,75.3,75.3,75.2,75,74.9,75.2,75.1,74.8,74.6,74.4,74.6,75.2,75.8,76.2,76.9,77.2,77.4,77.7,77.5,77.3,77,76.9,76.5,75.9,75.4,75.1,75,75,75.1,74.5,72.9,74.9,76.1,76.21,76.31,76.53,76.63,76.74,76.85,77.06,77.16,77.27,77.48,77.59,77.7,77.91,78.02,78.12,78.34,78.44,78.55,78.76,78.87,78.97,79.08,79.29,79.4,79.51,79.72,79.83,79.93,80.14,80.25,80.36,80.57,80.68,80.78,81,81.1,81.21,81.42,81.53,81.63,81.85,81.95,82.06,82.27,82.38,82.49,82.7,82.81,83.02,83.12,83.23,83.44,83.55,83.76,83.87,83.98,84.19,84.3,84.4,84.61,84.72,84.83,85.04,85.15,85.25,85.36,85.57,85.68,85.79,86,86.1,86.21,86.42,86.53,86.64,86.74,86.96
jor,Jordan,31.7,31.7,31.7,31.7,31.7,31.7,31.7,31.7,31.7,31.7,31.7,31.7,31.7,31.7,31.7,31.7,31.7,31.7,31.7,31.7,31.7,31.7,31.7,31.7,31.7,31.7,31.7,31.7,31.7,31.7,31.7,31.7,31.7,31.7,31.7,31.7,31.7,31.7,31.7,31.7,31.7,31.7,31.7,31.7,31.7,31.7,31.7,31.7,31.7,31.7,31.7,31.71,31.71,31.72,31.73,31.73,31.74,31.74,31.75,31.76,31.76,31.77,31.78,31.78,31.79,31.8,31.8,31.81,31.82,31.82,31.83,31.83,31.84,31.85,31.85,31.86,31.87,31.87,31.88,31.89,31.89,31.9,31.9,31.91,31.92,31.92,31.93,31.94,31.94,31.95,31.96,31.96,31.97,31.98,31.98,31.99,31.99,32,32.01,32.01,32.02,32.03,32.03,32.04,32.05,32.05,32.06,32.06,32.07,32.08,32.08,32.09,32.1,32.1,32.11,32.12,32.12,32.13,26.64,32.14,32.15,32.15,32.16,32.17,32.17,32.18,32.19,32.19,32.2,32.21,32.21,32.22,32.22,32.23,32.24,32.24,33.14,34.03,34.92,35.81,36.7,37.64,38.57,39.5,40.42,41.35,42.28,43.21,44.14,45.06,46,46.8,47.4,48.1,49,49.7,50.5,51.2,52,52.8,53.5,54.3,55.1,55.9,56.8,57.7,58.2,57.4,60.3,61.1,60.7,62.3,62.9,63.5,64,64.6,65.1,65.7,66.3,66.8,67.4,68,68.6,69,69.5,69.8,70.2,70.4,70.6,70.7,70.7,70.8,70.8,70.8,70.9,71,71.1,71.3,71.4,71.6,71.7,71.8,72.1,72.5,72.7,72.8,73,73.6,74.1,74.5,74.9,75.2,75.5,75.9,76.2,76.6,76.9,77.1,77.4,77.6,75.3,73.8,77.5,78.5,78.7,78.8,79,79.21,79.31,79.51,79.61,79.81,80.01,80.11,80.32,80.42,80.62,80.82,80.92,81.12,81.33,81.43,81.63,81.73,81.93,82.13,82.23,82.44,82.54,82.74,82.84,83.04,83.14,83.34,83.54,83.65,83.75,83.95,84.05,84.25,84.35,84.55,84.65,84.86,84.96,85.06,85.26,85.36,85.46,85.66,85.76,85.87,86.07,86.17,86.27,86.47,86.57,86.67,86.77,86.87,87.08,87.18,87.28,87.38,87.58,87.68,87.78,87.88,87.98,88.19,88.29,88.39,88.49,88.59,88.69,88.79,88.99,89.09,89.2,89.3,89.4
jpn,Japan,36.4,36.4,36.4,36.4,36.4,36.4,36.4,36.4,36.4,36.4,36.4,36.4,36.4,36.41,36.41,36.41,36.41,36.41,36.41,36.41,36.41,36.41,36.41,36.41,36.41,36.41,36.41,36.41,36.41,36.41,36.41,36.41,36.41,36.41,36.41,36.41,36.41,36.41,36.42,36.42,36.42,36.42,36.42,36.42,36.42,36.42,36.42,36.42,36.42,36.42,36.42,36.42,36.42,36.42,36.42,36.41,36.41,36.41,36.41,36.41,36.41,36.41,36.41,36.41,36.41,36.41,36.44,36.47,36.51,36.54,36.57,36.61,36.65,36.69,36.73,36.77,36.82,36.86,36.91,36.96,37,37.05,37.11,37.17,37.23,37.29,37.36,37.43,37.49,37.56,37.63,37.71,37.79,37.88,37.96,38.05,38.14,38.24,38.34,38.44,38.54,38.66,38.79,38.9,39.03,39.15,39.3,39.45,39.6,39.74,39.89,40.08,40.26,40.45,40.63,40.81,41.04,41.27,32.63,41.73,41.95,42.23,42.52,43.12,43.73,44.33,44.94,45.55,45.87,46.19,46.51,46.83,47.15,47.47,47.79,48.11,48.49,48.86,48.86,48.86,48.86,48.61,48.36,45.86,39.88,30.45,46.36,51.58,56.7,57.57,59.1,60.9,62.8,63.3,64.5,65.6,65.6,65.7,67,67.4,67.8,68.4,68.9,69.9,70.3,70.4,71.2,71.6,71.9,72.1,72.3,73.1,73.5,73.6,74,74.5,74.9,75.5,75.9,76.3,76.3,76.7,77.2,77.3,77.6,77.9,78.4,78.7,78.7,79.1,79.2,79.4,79.5,79.6,80,79.9,80.5,80.7,80.8,80.8,81.3,81.6,81.9,82,82.2,82.2,82.5,82.7,82.8,83.1,83.1,82.9,83.4,83.6,83.9,84.1,84.3,84.3,84.4,84.6,84.8,84.6,84.2,84.1,84.3,84.4,84.5,84.7,84.8,84.99,85.09,85.29,85.39,85.59,85.69,85.79,85.99,86.09,86.19,86.38,86.48,86.58,86.78,86.88,86.98,87.18,87.28,87.38,87.48,87.67,87.77,87.87,88.07,88.17,88.27,88.37,88.57,88.67,88.77,88.87,89.06,89.16,89.26,89.36,89.46,89.66,89.76,89.86,89.96,90.06,90.26,90.36,90.45,90.55,90.75,90.85,90.95,91.05,91.15,91.25,91.45,91.55,91.65,91.75,91.84,91.94,92.04,92.24,92.34,92.44,92.54,92.64,92.74,92.94,93.04,93.14,93.23,93.33,93.53,93.63,93.73
kaz,Kazakhstan,26.2,26.2,26.2,26.2,26.2,26.2,26.2,26.2,26.2,26.2,26.2,26.2,26.2,26.2,26.2,26.2,26.2,26.2,26.2,26.2,26.2,26.2,26.2,26.2,26.2,26.2,26.2,26.2,26.2,26.2,26.2,26.2,26.2,26.2,26.2,26.2,26.2,26.2,26.2,26.2,26.2,26.2,26.2,26.2,26.2,26.2,26.2,26.2,26.2,26.2,26.2,26.23,26.25,26.28,26.31,26.33,26.36,26.39,26.42,26.44,26.47,26.5,26.52,26.55,26.05,25.54,25.03,24.52,24.02,24.08,24.16,24.22,24.3,24.36,24.59,24.82,25.05,25.28,25.51,25.74,25.98,26.21,26.44,26.67,26.91,27.14,27.38,27.61,27.85,28.08,28.32,28.55,28.79,29.03,29.27,29.5,29.74,29.98,29.83,29.69,29.54,29.84,30.13,30.42,30.71,31.01,31.3,31.6,31.89,32.19,32.49,35.66,36.14,33.87,33.46,33.07,33.1,29.93,19.26,25.13,20.33,23.89,24.88,34.48,37.2,36.26,39.75,39.07,40.73,39.43,38.73,17.33,8.67,4.34,41.44,43.18,45.04,44,45.87,48.54,45.88,29.55,26.32,25.27,34.1,42.94,54,45.27,54.23,57.39,60,60.4,60.8,61.1,61.2,61.3,61.4,61.5,61.6,61.6,61.8,62.1,62.7,63.4,63.9,64.2,64.4,64.6,64.8,64.9,65.1,65.1,65.2,65.2,65.2,65.2,65.3,65.4,65.6,65.9,66.3,66.6,66.8,66.9,67,67.4,68,68.2,68.1,68,67.7,67.2,66.6,65.6,64.8,64.2,64.3,64.7,65.3,65.6,65.8,65.9,65.8,65.6,65.7,65.7,65.8,66.2,67.1,68.1,68.7,69.1,69.7,70.4,71.3,71.9,72.4,73,73.3,73.5,71.7,70.7,74.1,74.9,75,75.2,75.3,75.4,75.6,75.71,75.91,76.01,76.11,76.31,76.41,76.61,76.71,76.81,77.01,77.22,77.32,77.52,77.62,77.72,77.92,78.02,78.22,78.32,78.52,78.62,78.83,78.93,79.13,79.23,79.43,79.53,79.73,79.83,80.03,80.13,80.24,80.44,80.54,80.74,80.84,81.04,81.14,81.34,81.44,81.54,81.75,81.85,82.05,82.15,82.25,82.45,82.55,82.65,82.85,82.95,83.16,83.26,83.36,83.56,83.66,83.76,83.96,84.06,84.16,84.26,84.46,84.56,84.67,84.87,84.97,85.07,85.17,85.37,85.47,85.57,85.67
ken,Kenya,25.5,25.5,25.5,25.5,25.5,25.5,25.5,25.5,25.5,25.5,25.5,25.5,25.5,25.5,25.5,25.5,25.5,25.5,25.5,25.5,25.5,25.5,25.5,25.5,25.5,25.5,25.5,25.5,25.5,25.5,25.5,25.5,25.5,25.5,25.5,25.5,25.5,25.5,25.5,25.5,25.5,25.5,25.5,25.5,25.5,25.5,25.5,25.5,25.5,25.5,25.5,25.53,25.57,25.6,25.63,25.66,25.7,25.73,25.76,25.79,25.83,25.86,25.89,25.92,25.96,25.99,26.02,26.05,26.09,26.12,26.15,26.18,26.22,26.25,26.28,26.31,26.35,26.38,26.41,26.44,26.48,26.51,26.54,26.57,26.61,26.64,26.67,26.7,26.74,26.77,26.8,26.83,26.87,26.9,26.93,26.96,27,27.03,27.06,27.09,27.13,27.16,27.19,27.22,27.26,27.29,27.32,27.35,27.39,27.42,27.45,27.48,27.52,27.55,27.58,27.61,27.65,27.68,6.53,27.74,27.78,27.81,27.84,27.52,27.22,26.9,26.59,26.27,26.57,26.87,27.17,27.47,27.78,28.08,28.39,28.68,28.99,29.29,29.67,30.05,30.42,30.86,31.29,31.73,32.17,32.61,35.57,38.55,41.52,44.5,47.5,47.9,47.4,47.8,48.2,48.6,49,50.2,50.6,51.1,51.5,51.9,52.3,52.6,53,53.3,53.6,53.9,54.2,54.5,54.9,55.3,55.7,56.1,56.6,57,57.5,57.9,58.5,58.9,59.4,59.9,60.3,60.8,61.1,61.5,61.8,62.1,62.2,62.1,62,61.6,61,60.4,59.7,59.2,58.6,58,57.5,57.3,57.2,57.5,57.6,58,58.4,59.7,61.3,62.4,63,63.8,64.4,65,65.5,65.9,66.5,67,67.6,68.1,68.4,68.7,66.6,65.2,69.4,69.9,70.12,70.34,70.56,70.78,70.89,71.11,71.33,71.55,71.66,71.88,71.99,72.21,72.32,72.54,72.76,72.87,73.09,73.2,73.31,73.53,73.64,73.86,73.97,74.08,74.3,74.41,74.63,74.74,74.85,74.96,75.18,75.29,75.4,75.62,75.73,75.83,76.05,76.16,76.27,76.38,76.6,76.71,76.82,77.04,77.15,77.26,77.37,77.59,77.7,77.81,77.92,78.14,78.25,78.36,78.47,78.69,78.8,78.91,79.13,79.24,79.35,79.57,79.68,79.79,80.01,80.12,80.23,80.45,80.56,80.67,80.89,81,81.11,81.33,81.44,81.55,81.77
kgz,Kyrgyz Republic,23.94,23.94,23.94,23.94,23.94,23.94,23.94,23.94,23.94,23.94,23.94,23.94,23.94,23.94,23.94,23.94,23.94,23.94,23.94,23.94,23.94,23.94,23.94,23.94,23.94,23.94,23.94,23.94,23.94,23.94,23.94,23.94,23.94,23.94,23.94,23.94,23.94,23.94,23.94,23.94,23.94,23.94,23.94,23.94,23.94,23.94,23.94,23.94,23.94,23.94,23.94,23.95,23.95,23.96,23.96,23.97,23.97,23.98,23.99,23.99,24,24,24.01,24.02,23.5,22.97,22.46,21.94,21.41,21.47,21.51,21.56,21.61,21.66,21.87,22.07,22.28,22.49,22.69,22.9,23.11,23.31,23.52,23.73,23.94,24.14,24.35,24.56,24.77,24.97,25.18,25.39,25.6,25.81,26.02,26.22,26.43,26.64,26.48,26.32,26.15,26.41,26.67,26.93,27.19,27.45,27.71,27.97,28.23,28.49,28.75,31.76,32.2,30,29.59,29.19,29.2,26.16,16,21.57,16.99,12.21,14.25,30.34,32.89,31.98,35.25,34.59,36.12,34.87,34.18,28.29,20.13,16.06,36.62,38.22,39.94,38.94,40.66,43.12,40.61,29.63,25.55,24.52,32.7,40.38,47.79,39.6,47.87,50.74,53.1,53.3,53.7,54,54.1,54.3,54.5,54.8,55.1,55.4,55.9,56.4,57,57.6,58.2,58.8,59.4,60.1,60.7,61.2,61.4,61.1,60.8,61,61.4,61.9,62.3,62.7,63.1,63.6,64,64.3,64.5,64.7,65,65.5,66.1,66.5,66.6,66.7,66.8,66.8,66.4,65.6,65,65.2,65.6,66.1,66.5,66.9,67,67.2,67.2,67.2,67.3,67.4,67.4,67.7,68.2,69,69.4,69.9,70.2,70.8,71.3,71.8,72.3,72.8,73.5,74.5,71.6,72.3,74.7,75.2,75.3,75.51,75.62,75.72,75.93,76.14,76.25,76.46,76.56,76.67,76.88,76.98,77.19,77.3,77.51,77.61,77.82,77.93,78.14,78.24,78.45,78.56,78.77,78.87,79.08,79.19,79.4,79.5,79.71,79.81,80.02,80.13,80.34,80.44,80.65,80.76,80.97,81.07,81.28,81.39,81.6,81.7,81.91,82.02,82.23,82.33,82.54,82.75,82.86,83.07,83.17,83.38,83.49,83.59,83.8,83.91,84.11,84.32,84.43,84.53,84.74,84.85,85.06,85.16,85.37,85.48,85.58,85.79,85.9,86.11,86.21,86.32,86.53,86.63,86.74,86.95,87.05
khm,Cambodia,35,35,35,35,35,35,35,35,35,35,35,35,35,35,35,35,35,35,35,35,35,35,35,35,35,35,35,35,35,35,35,35,35,35,35,35,35,35,35,35,35,35,35,35,35,35,35,35,35,35,35,35.03,35.07,35.1,35.13,35.16,35.2,35.23,35.26,35.3,35.33,35.36,35.39,35.43,35.46,35.49,35.53,35.56,35.59,35.62,35.66,35.69,35.72,35.75,35.79,35.82,35.85,35.89,35.92,35.95,35.98,36.02,36.05,36.08,36.12,36.15,36.18,36.21,36.25,36.28,36.31,36.35,36.38,36.41,36.44,36.48,36.51,36.54,36.58,36.61,36.64,36.67,36.71,36.74,36.77,36.8,36.84,36.87,36.9,36.94,36.97,37,37.03,37.07,37.1,37.13,37.17,37.2,23.86,37.26,37.3,37.33,37.36,37.4,37.43,37.46,37.49,37.53,37.56,37.59,37.63,37.66,37.69,37.72,37.76,37.79,37.82,37.85,37.89,37.92,36.87,36.52,36.51,36.49,34.52,30.79,38.5,39.9,41.29,42.7,44.1,44.6,45,45.5,46.1,46.5,47,47.5,48,48.5,49.1,49.6,50.1,50.6,51.1,51.5,51.9,52.1,52.5,52.8,45,45.4,45.8,46.1,46.4,26.8,26.6,26.4,26.1,25.8,53.2,53.6,54,54.5,55,55.4,55.8,57.5,57.9,58,58.3,58.5,58.8,59.1,59.2,59.5,59.9,60.5,60.9,61.7,62.4,63.2,64,64.9,65.8,66.6,67.5,68.2,69,69.6,70.1,70.7,71.1,71.4,71.8,72.2,72.4,72.8,73.1,73.3,73.4,73,73.3,73.1,73.2,73.41,73.51,73.72,73.93,74.03,74.24,74.34,74.44,74.65,74.75,74.96,75.06,75.27,75.37,75.48,75.68,75.79,75.89,76.1,76.2,76.31,76.51,76.62,76.72,76.93,77.03,77.24,77.34,77.44,77.55,77.75,77.86,78.06,78.17,78.27,78.48,78.58,78.68,78.89,78.99,79.1,79.3,79.41,79.51,79.72,79.82,79.92,80.13,80.23,80.34,80.54,80.65,80.85,80.96,81.06,81.16,81.37,81.47,81.58,81.79,81.89,81.99,82.2,82.3,82.41,82.51,82.72,82.82,82.92,83.13,83.23,83.34,83.54,83.65,83.75,83.85
kir,Kiribati,24.9,24.9,24.9,24.9,24.9,24.9,24.9,24.9,24.9,24.9,24.9,24.9,24.9,24.9,24.9,24.9,24.9,24.9,24.9,24.9,24.9,24.9,24.9,24.9,24.9,24.9,24.9,24.9,24.9,24.9,24.9,24.9,24.9,24.9,24.9,24.9,24.9,24.9,24.9,24.9,24.9,24.9,24.9,24.9,24.9,24.9,24.9,24.9,24.9,24.9,24.9,24.94,24.97,25.01,25.05,25.09,25.12,25.16,25.2,25.24,25.27,25.31,25.35,25.39,25.42,25.46,25.5,25.54,25.57,25.61,25.65,25.69,25.72,25.76,25.8,25.83,25.87,25.91,25.95,25.98,26.02,26.06,26.1,26.13,26.17,26.21,26.25,26.28,26.32,26.36,8.48,26.43,26.47,26.51,26.55,26.58,26.62,26.66,26.7,26.73,26.77,26.81,26.84,26.88,26.92,26.96,26.99,27.03,27.07,27.11,27.14,27.18,27.22,27.26,27.29,27.33,27.37,27.41,27.44,27.48,27.52,27.56,27.59,27.63,27.67,27.7,27.74,27.78,27.82,27.85,27.89,27.93,27.97,28,28.04,29.33,30.61,31.91,33.21,34.5,35.8,37.06,34.02,30.59,35.14,30.54,42.88,44.49,45.85,47.12,48.4,48.8,49.2,49.6,50.1,50.5,50.9,51.4,51.8,52.3,52.7,53.2,53.7,54.3,54.8,55.4,55.9,56.4,57,57.5,58,58.5,58.8,59.5,60.3,61,61.5,61.3,62.3,62.5,62.8,63,63.2,63.5,63.7,63.9,64.1,64.3,64.6,64.8,65,65,65.2,65.4,65.5,65.6,66,66.2,66.4,66.7,66.9,67.1,67.3,67.6,67.8,68,68.2,68.4,68.6,68.8,68.9,69.1,69.3,69.6,69.8,70.1,70.3,70.6,68.6,71,70.5,69.1,70.8,71.2,71.31,71.41,71.63,71.74,71.84,71.95,72.16,72.27,72.38,72.48,72.59,72.81,72.91,73.02,73.13,73.23,73.45,73.56,73.66,73.77,73.88,73.98,74.09,74.2,74.3,74.52,74.63,74.73,74.84,74.95,75.05,75.16,75.27,75.38,75.48,75.59,75.7,75.8,76.02,76.02,76.23,76.34,76.45,76.55,76.66,76.77,76.87,76.98,77.09,77.2,77.3,77.41,77.52,77.62,77.73,77.95,78.05,78.16,78.27,78.37,78.48,78.59,78.69,78.8,79.02,79.12,79.23,79.34,79.44,79.55,79.66,79.77,79.98,80.09,80.19,80.3,80.41
kna,St. Kitts and Nevis,,,,,,,,,,,,,,,,,,,,,,,,,,,,,,,,,,,,,,,,,,,,,,,,,,,,,,,,,,,,,,,,,,,,,,,,,,,,,,,,,,,,,,,,,,,,,,,,,,,,,,,,,,,,,,,,,,,,,,,,,,,,,,,,,,,,,,,,,,,,,,,,,,,,,,,64.3,64.3,64,63.4,62.4,61.3,60.6,60.2,59.8,57.8,54.8,55.1,57.1,58.7,59.9,61.1,62.5,64,65,65.6,65.8,65.7,65.5,65.3,65.3,65.3,65.2,65.3,65.4,65.6,65.8,66,66.3,66.7,67.1,67.5,67.8,68.1,68.3,68.5,68.8,69.3,69.6,69.9,70.2,70.1,70.3,70.7,70.7,71.2,71.4,71.6,71.9,72.2,72.4,72.6,72.9,73.3,73.4,73.5,73.6,73.6,73.9,74.1,74.2,74.2,74.3,74.5,74.7,74.8,74.1,73.1,74.3,74.8,75.01,75.11,75.32,75.42,75.63,75.73,75.94,76.04,76.25,76.36,76.56,76.67,76.87,76.98,77.19,77.29,77.5,77.6,77.81,77.91,78.12,78.22,78.43,78.53,78.74,78.85,79.05,79.16,79.36,79.47,79.68,79.78,79.88,80.09,80.19,80.4,80.51,80.71,80.82,81.02,81.13,81.23,81.44,81.54,81.75,81.85,81.96,82.17,82.27,82.48,82.58,82.68,82.89,83,83.2,83.31,83.41,83.62,83.72,83.83,84.03,84.14,84.24,84.45,84.55,84.66,84.86,84.97,85.07,85.17,85.38,85.49,85.59,85.8,85.9,86,86.11
kor,South Korea,25.8,25.8,25.8,25.8,25.8,25.8,25.8,25.8,25.8,25.8,25.8,25.8,25.8,25.8,25.8,25.8,25.8,25.8,25.8,25.8,25.8,25.8,25.8,25.8,25.8,25.8,25.8,25.8,25.8,25.8,25.8,25.8,25.8,25.8,25.8,25.8,25.8,25.8,25.8,25.8,25.8,25.8,25.8,25.8,25.8,25.8,25.8,25.8,25.8,25.8,25.8,25.76,25.72,25.68,25.63,25.59,25.55,25.51,25.47,25.43,25.38,25.34,25.3,25.26,25.22,25.18,25.14,25.09,25.05,25.01,24.97,24.93,24.89,24.85,24.8,24.76,24.72,24.68,24.64,24.6,24.55,24.51,24.47,24.43,24.39,24.35,24.31,24.26,24.22,24.18,24.14,24.1,24.06,24.02,23.97,23.93,23.89,23.85,23.81,23.77,23.72,23.68,23.64,23.6,23.14,22.68,22.22,21.77,21.32,21.54,21.77,22,22.23,22.45,22.86,23.26,23.67,24.07,15.17,24.44,24.85,25.25,25.66,26.06,26.74,27.4,28.07,28.73,29.39,29.99,30.6,31.2,31.8,32.4,33.23,34.06,34.9,35.72,36.54,36.97,37.4,37.82,38.25,36.57,35.66,36.01,38.06,39.68,40.1,40.4,36.1,40.2,48.3,51,52.5,53.5,54.4,55.1,55.6,56,56.4,56.7,57.1,57.6,58.2,58.8,59.4,60,60.7,61.5,62.3,63,63.7,64.4,65,65.5,65.8,65.9,66.2,66.7,66.2,67.6,67.9,67.7,68.7,69.3,69.7,70.1,70.9,71.4,71.7,72.2,72.9,73.4,73.6,74.1,74.6,74.8,75.1,75.6,76.2,76.8,77.1,77.6,78.1,78.7,79.2,79.6,80.1,80.5,80.7,81.1,81.3,81.8,82.2,82.4,82.7,82.9,83,83.4,83.5,83.5,82.6,83.4,83.5,83.6,83.7,83.8,83.89,84.09,84.19,84.29,84.39,84.49,84.59,84.69,84.79,84.88,85.08,85.18,85.28,85.38,85.48,85.58,85.68,85.87,85.97,86.07,86.17,86.27,86.37,86.47,86.66,86.76,86.86,86.96,87.06,87.16,87.36,87.46,87.56,87.65,87.75,87.85,87.95,88.05,88.25,88.35,88.45,88.54,88.64,88.74,88.84,88.94,89.14,89.24,89.34,89.43,89.53,89.63,89.73,89.83,90.03,90.13,90.23,90.33,90.42,90.62,90.72,90.82,90.92,91.12,91.22,91.31,91.41,91.51,91.71,91.81,91.91,92.01,92.11
kwt,Kuwait,26,26,26,26,26,26,26,26,26,26,26,26,26,26,26,26,26,26,26,26,26,26,26,26,26,26,26,26,26,26,26,26,26,26,26,26,26,26,26,26,26,26,26,26,26,26,26,26,26,26,26,26.06,26.12,26.19,26.25,26.31,26.37,26.44,26.5,26.56,26.62,26.68,26.75,26.81,26.87,26.93,27,27.06,27.12,27.18,27.24,27.31,27.37,27.43,27.49,27.56,27.62,27.68,27.74,27.8,27.87,27.93,27.99,28.05,28.11,28.18,28.24,28.3,28.36,28.43,28.49,28.55,28.61,28.67,28.74,28.8,28.86,28.92,28.99,29.05,29.11,29.17,29.23,29.3,29.36,29.42,29.48,29.55,29.61,29.67,29.73,29.79,29.86,29.92,29.98,30.04,30.11,30.17,25.06,30.29,30.35,30.42,30.48,30.54,30.6,30.67,30.73,30.79,30.85,30.91,30.98,31.04,31.1,31.16,31.23,31.29,31.35,31.41,31.47,31.54,34.39,37.38,40.37,43.4,46.42,49.46,52.49,55.57,58.64,61.72,64.8,65,65.2,65.7,65.9,66.1,66.2,66.2,65.8,65,64.1,63.4,63.3,63.7,64.2,64.6,64.5,64.5,65,65.9,66.9,67.4,67.7,67.8,67.9,68.2,68.6,69.1,69.7,70.2,70.6,70.9,71.3,71.6,72,72.2,72.3,72.5,72.8,73.4,71.8,69.9,74.5,74.3,74.4,74.3,74.2,74.4,74.6,75,75.3,75.3,75.4,75.7,76.1,76.5,76.4,76.7,77,77.5,78,78.1,78.6,79,79.4,79.6,79.6,79.8,80,80.2,78.6,78.6,80.5,81.1,81.3,81.5,81.71,81.91,82.01,82.21,82.41,82.61,82.81,82.92,83.12,83.32,83.42,83.62,83.82,83.92,84.13,84.23,84.43,84.53,84.73,84.83,85.03,85.13,85.34,85.44,85.64,85.74,85.84,86.04,86.14,86.24,86.45,86.55,86.65,86.85,86.95,87.05,87.15,87.35,87.45,87.56,87.66,87.76,87.96,88.06,88.16,88.26,88.36,88.46,88.67,88.77,88.87,88.97,89.07,89.17,89.27,89.37,89.47,89.67,89.77,89.88,89.98,90.08,90.18,90.28,90.38,90.48,90.58,90.68,90.78,90.88,90.99,91.09,91.19,91.29,91.39
lao,Lao,31.9,31.9,31.9,31.9,31.9,31.9,31.9,31.9,31.9,31.9,31.9,31.9,31.9,31.9,31.9,31.9,31.9,31.9,31.9,31.9,31.9,31.9,31.9,31.9,31.9,31.9,31.9,31.9,31.9,31.9,31.9,31.9,31.9,31.9,31.9,31.9,31.9,31.9,31.9,31.9,31.9,31.9,31.9,31.9,31.9,31.9,31.9,31.9,31.9,31.9,31.9,31.86,31.82,31.77,31.73,31.69,31.65,31.6,31.56,31.52,31.48,31.43,31.39,31.35,31.31,31.26,31.22,31.18,31.14,31.09,31.05,31.01,30.97,30.92,30.88,30.84,30.8,30.75,30.71,30.67,30.63,30.58,30.54,30.5,30.46,30.41,30.37,30.33,30.29,30.24,30.2,30.16,30.12,30.07,30.03,29.99,29.95,29.9,29.86,29.82,29.78,29.73,29.69,29.65,29.61,29.56,29.52,29.48,29.44,29.39,29.35,29.31,29.27,29.22,29.18,29.14,29.1,29.05,18.59,28.97,28.93,28.88,28.84,28.8,28.76,28.71,28.67,28.63,28.59,28.54,28.5,28.46,28.42,28.37,28.33,28.29,28.25,28.2,28.16,28.12,27.72,27.38,27.02,26.23,25.27,23.35,29.37,31.03,33.1,33.87,34.5,34.8,35.1,35.4,36,36.4,36.7,37.1,37.4,37,37.4,37.8,39,38.1,38.5,38.9,39.3,39.9,40.3,40.8,41.2,41.7,42.2,42.8,44.5,45,45.5,45.9,46.3,46.6,47,47.5,48,48.5,48.9,49.3,49.7,50,50.3,50.6,50.8,51.2,51.6,51.9,52.3,53.1,53.8,54.6,55.2,56.1,56.9,57.8,58.7,59.6,60.4,61.1,61.8,62.4,63,63.5,63.9,64.3,64.7,64.9,65.2,65.4,65.6,65.8,65.9,66.1,66.2,66.2,66,66.1,66.29,66.58,66.77,66.96,67.25,67.44,67.63,67.82,68.02,68.21,68.4,68.59,68.78,68.97,69.17,69.36,69.55,69.74,69.84,70.03,70.22,70.32,70.51,70.7,70.79,70.99,71.08,71.27,71.37,71.56,71.66,71.85,71.94,72.14,72.23,72.42,72.52,72.71,72.81,73,73.09,73.28,73.38,73.57,73.67,73.86,73.96,74.15,74.24,74.34,74.53,74.63,74.82,74.91,75.01,75.2,75.3,75.49,75.58,75.68,75.87,75.97,76.06,76.25,76.35,76.54,76.64,76.73,76.93,77.02,77.12,77.31,77.4,77.5,77.69,77.79,77.88
lbn,Lebanon,29.7,29.7,29.7,29.7,29.7,29.7,29.7,29.7,29.7,29.7,29.7,29.7,29.7,29.7,29.7,29.7,29.7,29.7,29.7,29.7,29.7,29.7,29.7,29.7,29.7,29.7,29.7,29.7,29.7,29.7,29.7,29.7,29.7,29.7,29.7,29.7,29.7,29.7,29.7,29.7,29.7,29.7,29.7,29.7,29.7,29.7,29.7,29.7,29.7,29.7,29.7,29.69,29.68,29.67,29.66,29.65,29.64,29.63,29.62,29.61,29.6,29.59,29.58,29.57,29.56,29.55,29.54,29.53,29.52,29.51,29.5,29.49,29.48,29.47,29.46,29.45,29.44,29.43,29.42,29.41,29.4,29.39,29.38,29.37,29.36,29.35,29.34,29.33,29.32,29.31,29.3,29.29,29.28,29.27,29.26,29.25,29.24,29.23,29.22,29.21,29.2,29.19,29.18,29.17,29.16,29.15,29.14,29.13,29.12,29.11,29.1,29.09,29.08,29.07,29.06,29.05,29.04,29.03,24.05,29.01,29,28.99,28.98,28.97,28.96,28.95,28.94,28.93,28.92,28.91,28.9,28.89,28.88,28.87,28.86,28.85,28.84,28.83,28.82,28.81,28.8,31.66,34.53,37.4,40.26,43.12,45.98,48.83,51.69,54.54,57.4,58.8,59.9,61,62,62.3,63.6,64.6,63,66,66.6,67.3,67.9,68.5,69.1,69.6,70.2,70.7,71.2,71.7,72.1,72.5,73,73.4,73.8,67,44,74.5,74.5,74.5,74.5,74.5,52.7,68.9,69.2,70.8,71.1,76,76.2,75.4,74.7,76.9,77,77.2,77.5,77.7,77.9,78.3,78.6,79,79.3,79.7,80.1,80.4,80.6,80.6,79.9,80.5,80.4,80.4,80.4,80,79.4,78.9,78.7,79,80,80.3,79.7,77.6,72.9,77,78.1,78.9,79,79.2,79.31,79.51,79.61,79.81,79.91,80.02,80.22,80.32,80.42,80.62,80.73,80.93,81.03,81.23,81.33,81.44,81.64,81.74,81.94,82.04,82.25,82.35,82.45,82.65,82.75,82.86,83.06,83.16,83.26,83.46,83.57,83.67,83.87,83.97,84.07,84.27,84.38,84.48,84.58,84.78,84.88,84.98,85.09,85.29,85.39,85.49,85.59,85.8,85.9,86,86.1,86.2,86.3,86.51,86.61,86.71,86.81,86.91,87.01,87.11,87.22,87.42,87.52,87.62,87.72,87.82,87.93,88.03,88.13,88.23,88.43,88.53,88.64,88.74,88.84
lbr,Liberia,31.1,31.1,31.1,31.1,31.1,31.1,31.1,31.1,31.1,31.1,31.1,31.1,31.1,31.1,31.1,31.1,31.1,31.1,31.1,31.1,31.1,31.1,31.1,31.1,31.1,31.1,31.1,31.1,31.1,31.1,31.1,31.1,31.1,31.1,31.1,31.1,31.1,31.1,31.1,31.1,31.1,31.1,31.1,31.1,31.1,31.1,31.1,31.1,31.1,31.1,31.1,31.19,31.28,31.36,31.45,31.54,31.63,31.72,31.8,31.89,31.98,32.07,32.16,32.24,32.33,32.42,32.51,32.6,32.68,32.77,32.86,32.95,33.04,33.12,33.21,33.3,33.39,33.48,33.56,33.65,33.74,33.83,33.92,34,34.09,34.18,34.27,34.36,34.44,34.53,34.62,34.71,34.8,34.88,34.97,35.06,35.15,35.24,35.32,35.41,35.5,35.59,35.68,35.76,35.85,35.94,36.03,36.12,36.2,36.29,36.38,36.47,36.56,36.64,36.73,36.82,36.91,37,14.34,37.17,37.26,37.35,37.44,37.52,37.61,37.7,37.79,37.88,37.96,38.05,38.14,38.23,38.32,38.4,38.49,38.58,38.67,38.76,38.84,38.93,39.02,39.15,39.27,39.4,39.51,39.64,40.17,40.71,41.23,41.77,42.3,42.4,42.3,42.9,43,42.9,43.2,43.3,43.5,43.6,43.7,43.8,44,44.1,44.3,44.4,44.6,44.8,45,45.3,45.6,45.9,46.2,46.5,46.8,47,47.3,47.4,47.6,47.7,47.6,47.8,47.8,47.7,47.7,47.7,47.9,48.1,48.5,49.1,46.8,48.4,48.9,47.5,46.4,47.8,46.3,49.6,50,50.7,51.7,52.7,52.6,52.8,55.3,56,56.5,57.2,57.5,57.7,57.9,58.2,58.2,58.3,55.5,57.7,59.6,60.2,60.7,60.9,58.2,56.2,60.8,61.5,61.6,61.8,61.9,62.09,62.19,62.29,62.49,62.59,62.79,62.88,62.98,63.18,63.28,63.38,63.58,63.68,63.77,63.97,64.07,64.17,64.37,64.47,64.57,64.66,64.86,64.96,65.06,65.26,65.36,65.45,65.55,65.75,65.85,65.95,66.05,66.25,66.34,66.44,66.54,66.64,66.84,66.94,67.04,67.14,67.23,67.33,67.43,67.53,67.73,67.83,67.93,68.03,68.12,68.22,68.32,68.52,68.62,68.72,68.82,68.92,69.01,69.11,69.21,69.31,69.41,69.61,69.71,69.81,69.9,70,70.1,70.2,70.3,70.4,70.5,70.6,70.7
lby,Libya,33.1,33.1,33.1,33.1,33.1,33.1,33.1,33.1,33.1,33.1,33.1,33.1,33.1,33.1,33.1,33.1,33.1,33.1,33.1,33.1,33.1,33.1,33.1,33.1,33.1,33.1,33.1,33.1,33.1,33.1,33.1,33.1,33.1,33.1,33.1,33.1,33.1,33.1,33.1,33.1,33.1,33.1,33.1,33.1,33.1,33.1,33.1,33.1,33.1,33.1,33.1,33.08,33.06,33.05,33.03,33.01,32.99,32.98,32.96,32.94,32.92,32.9,32.89,32.87,32.85,32.83,32.81,32.8,32.78,32.76,32.74,32.73,32.71,32.69,32.67,32.65,32.64,32.62,32.6,32.58,32.57,32.55,32.53,32.51,32.49,32.48,32.46,32.44,32.42,32.4,32.39,32.37,32.35,32.33,32.32,32.3,32.28,32.26,32.24,32.23,32.21,32.19,32.17,32.16,32.14,32.12,32.1,32.08,32.07,32.05,32.03,32.01,32,31.98,31.96,31.94,31.92,31.91,24.4,31.87,31.85,31.83,31.82,31.8,31.78,31.76,31.75,31.73,31.71,31.69,31.67,31.66,31.64,31.62,31.6,31.59,31.57,31.55,31.53,31.51,31.21,29.58,28.8,28.78,29.05,31.3,32.8,33.66,34.51,35.35,36.2,36.9,37.5,38.2,38.9,39.6,40.4,41.2,41.9,42.8,43.7,44.5,45.5,46.2,47.6,48.6,49.7,50.7,51.8,52.9,53.8,54.7,55.6,56.5,57.6,58.6,59.6,60.3,61.7,62.7,63.7,64.6,65.5,66.3,67.1,67.9,68.6,66.9,69.6,69.9,70.5,70.9,71.2,71.7,72.1,72.4,71.9,72.9,72.8,72.9,73,73.1,73.1,73.2,73.3,73.3,73.5,73.6,73.8,73.9,74,71.7,73.9,74.3,72.7,72.9,73.2,74,74.3,74.2,72.2,70.3,74.5,70.1,71.92,74.05,76.07,76.27,76.37,76.57,76.78,76.98,77.08,77.28,77.48,77.69,77.79,77.99,78.19,78.29,78.5,78.7,78.9,79,79.2,79.41,79.51,79.71,79.91,80.01,80.22,80.42,80.52,80.72,80.92,81.02,81.23,81.43,81.53,81.73,81.94,82.04,82.24,82.34,82.54,82.74,82.85,83.05,83.15,83.35,83.45,83.65,83.76,83.96,84.06,84.26,84.36,84.57,84.67,84.77,84.97,85.07,85.27,85.37,85.48,85.68,85.78,85.98,86.08,86.18,86.28,86.49,86.59,86.69,86.89,86.99,87.09,87.2,87.3,87.5,87.6
lca,St. Lucia,28.01,28.01,28.01,28.01,28.01,28.01,28.01,28.01,28.01,28.01,28.01,28.01,28.01,28.01,28.01,28.01,28.01,28.01,28.01,28.01,28.01,28.01,28.01,28.01,28.01,28.01,28.01,28.01,28.01,28.01,28.01,28.01,28.01,28.01,28.01,28.01,28.01,28.01,28.01,28.01,28.01,28.01,28.01,28.01,28.01,28.01,28.01,28.01,28.01,28.01,28.01,28.02,28.04,28.05,28.06,28.08,28.09,28.1,28.12,28.13,28.14,28.16,28.17,28.18,28.2,28.21,28.22,28.24,28.25,28.26,28.28,28.29,28.3,28.32,28.33,28.34,28.36,28.37,28.38,28.4,28.41,28.42,28.44,28.45,28.46,28.48,28.49,28.5,28.52,28.53,28.54,28.56,28.57,28.58,28.6,28.61,28.62,28.64,28.65,28.66,28.68,28.69,28.7,28.72,28.73,28.74,28.76,28.77,28.78,28.8,28.81,28.82,28.84,28.85,28.86,28.88,28.89,28.9,18.75,28.93,28.94,28.96,29.83,30.69,31.57,32.44,33.31,34.18,35.06,35.93,36.81,37.68,38.56,39.44,40.32,41.19,42.08,42.96,43.84,44.72,45.61,46.47,47.34,48.21,49.07,49.94,50.81,51.68,52.54,53.43,54.3,54.6,55,55.4,55.9,56.2,56.5,56.8,57.2,57.6,58.1,58.7,59.3,59.7,60.4,60.9,61.4,61.9,62.5,63,63.7,64.4,65.1,65.7,66.3,66.8,67.2,67.7,68.1,68.4,68.5,68.9,69.1,69.3,69.5,69.7,69.9,70,70.2,70.4,70.6,70.9,71.3,71.5,71.7,72,72.4,72.9,73.3,73.6,73.9,74.1,74.3,74.3,74.5,74.7,75,75.3,75.7,75.8,75.6,76.1,76.4,76.2,76.6,76.7,76.8,77,77.2,77.4,76.7,74.4,76.6,77.4,77.51,77.72,77.93,78.04,78.15,78.36,78.46,78.68,78.89,79,79.1,79.32,79.53,79.64,79.85,79.96,80.17,80.27,80.49,80.59,80.7,80.91,81.13,81.23,81.45,81.55,81.77,81.87,82.08,82.19,82.4,82.51,82.72,82.83,83.04,83.15,83.36,83.47,83.57,83.79,83.89,84.11,84.21,84.43,84.53,84.64,84.85,84.96,85.17,85.28,85.49,85.6,85.7,85.92,86.02,86.13,86.34,86.45,86.66,86.77,86.88,87.09,87.19,87.3,87.51,87.62,87.73,87.94,88.05,88.26,88.37,88.47,88.69,88.79,88.9,89,89.22
lie,Liechtenstein,,,,,,,,,,,,,,,,,,,,,,,,,,,,,,,,,,,,,,,,,,,,,,,,,,,,,,,,,,,,,,,,,,,,,,,,,,,,,,,,,,,,,,,,,,,,,,,,,,,,,,,,,,,,,,,,,,,,,,,,,,,,,,,,,,,,,,,,,,,,,,,,,,,,,,,65.3,65.8,66.2,66.9,67.5,68.3,68.9,69.6,70.1,70.6,70.9,71,70.9,70.9,71.1,71.2,71.6,72,72.3,72.6,72.8,73,73.4,73.7,74,74.3,74.6,74.8,74.7,74.7,74.8,74.9,75.1,75.7,76.2,76.7,77.2,77.8,78,78.3,78.5,78.7,78.7,78.5,78.2,77.9,77.7,77.6,77.8,78.2,78.6,79.2,79.8,80.2,80.7,81.1,81.4,81.6,81.9,81.9,82.1,82.2,82.3,82.4,82.5,82.8,82.9,83.1,83.3,83.4,82,82.8,83.4,83.6,,,,,,,,,,,,,,,,,,,,,,,,,,,,,,,,,,,,,,,,,,,,,,,,,,,,,,,,,,,,,,,,,,,,,,,,,,,,,
lka,Sri Lanka,32.6,32.6,32.6,32.6,32.6,32.6,32.6,32.6,32.6,32.6,32.6,32.6,32.6,32.6,32.6,32.6,32.6,32.6,32.6,32.6,32.6,32.6,32.6,32.6,32.6,32.6,32.6,32.6,32.6,32.6,32.6,32.6,32.6,32.6,32.6,32.6,32.6,32.6,32.6,32.6,32.6,32.6,32.6,32.6,32.6,32.6,32.6,32.6,32.6,32.6,32.6,32.62,32.63,32.65,32.67,32.68,32.7,32.72,32.74,32.75,32.77,32.79,32.8,32.82,32.84,32.85,32.87,32.89,32.9,32.92,32.94,32.95,32.97,32.99,33.01,33.02,33.04,33.06,33.07,33.09,33.11,33.12,33.14,33.16,33.17,33.19,33.21,33.23,33.24,33.26,33.28,33.29,33.31,33.33,33.34,33.36,33.38,33.39,33.41,33.43,33.44,33.46,33.56,34.95,35.86,33.45,27.81,31.06,31.54,30.86,33.87,28.16,29.92,32.99,30.17,35.6,33.88,35.55,29.19,26.36,32.22,33.18,37.38,34.49,39.31,41.2,39.92,43.2,39.16,38.95,39.77,43.92,46.03,45.12,42.97,28.98,44.4,44.56,45.49,44.61,46.07,49.3,49.63,45.93,45.98,45.11,48.2,56.12,55.88,55.65,55.4,56.1,57.2,58.4,59.2,59.7,60.2,60.5,61.2,62.1,62.9,63.4,63.4,63.4,63.5,64,64.4,64.8,65,65.1,65.3,65.1,65.2,64.9,64.3,64.5,65.3,66.3,67.2,68.1,68.7,69.1,69,69,68.7,68.9,69.1,69.3,69.3,69.5,69.4,69.8,70.6,71.3,71.4,70.6,70.4,70.7,70.9,71.5,71.8,72.5,73.2,73.6,68.2,74,74,74.2,73.5,73.4,74.2,75.4,76,76.2,76.4,76.6,76.9,77,77.2,77.6,78.2,76.4,76.5,76.6,76.8,77,77.09,77.29,77.49,77.69,77.79,77.98,78.18,78.28,78.48,78.68,78.87,78.97,79.17,79.37,79.57,79.66,79.86,80.06,80.16,80.36,80.55,80.65,80.85,80.95,81.15,81.25,81.44,81.64,81.74,81.94,82.04,82.23,82.33,82.53,82.63,82.73,82.93,83.02,83.22,83.32,83.42,83.62,83.72,83.82,84.01,84.11,84.21,84.41,84.51,84.61,84.8,84.9,85,85.2,85.3,85.4,85.5,85.69,85.79,85.89,85.99,86.19,86.29,86.39,86.48,86.58,86.78,86.88,86.98,87.08,87.18,87.37,87.47,87.57,87.67
lso,Lesotho,32.8,32.8,32.8,32.8,32.8,32.8,32.8,32.8,32.8,32.8,32.8,32.8,32.8,32.8,32.8,32.8,32.8,32.8,32.8,32.8,32.8,32.8,32.8,32.8,32.8,32.8,32.8,32.8,32.8,32.8,32.8,32.8,32.8,32.8,32.8,32.8,32.8,32.8,32.8,32.8,32.8,32.8,32.8,32.8,32.8,32.8,32.8,32.8,32.8,32.8,32.8,32.84,32.89,32.93,32.98,33.02,33.07,33.11,33.15,33.2,33.24,33.29,33.33,33.38,33.42,33.46,33.51,33.55,33.6,33.64,33.69,33.73,33.77,33.82,33.86,33.91,33.95,34,34.04,34.09,34.13,34.17,34.22,34.26,34.31,34.35,34.4,34.44,34.48,34.53,34.57,34.62,34.66,34.71,34.75,34.79,34.84,34.88,34.93,34.97,35.02,35.06,35.1,35.15,35.19,35.24,35.28,35.33,35.37,35.41,35.46,35.5,35.55,35.59,35.64,35.68,35.72,35.77,13.86,35.86,35.9,35.95,35.99,36.03,36.08,36.12,36.17,36.21,36.26,36.3,36.34,36.39,36.43,36.48,36.52,36.57,36.61,36.66,36.7,36.74,36.79,36.85,36.92,36.99,37.06,37.13,39.05,40.99,42.92,44.86,46.8,47,47.2,47.4,47.7,47.9,48.1,48.4,48.6,48.8,49.1,49.3,49.6,50,50.4,50.7,51.1,51.4,51.8,52,52.3,52.4,52.6,53,53.4,53.7,54,54.5,55.1,55.6,55.9,56.3,56.7,56.9,57.3,57.5,57.8,58.1,58.4,58.7,58.9,59,58.9,58.5,57.9,57,55.7,54,52.1,50,47.9,45.8,43.9,42.4,41.4,42.7,45.6,49.3,52.3,53,53.3,53.3,52.9,52.5,51.8,51.7,53.2,54.8,55.9,56.5,56.3,54.9,57.2,57.9,58.3,58.71,59.11,59.51,59.92,60.32,60.72,61.03,61.43,61.83,62.14,62.44,62.74,63.15,63.45,63.75,63.95,64.25,64.56,64.86,65.06,65.36,65.67,65.87,66.17,66.37,66.57,66.78,67.08,67.28,67.48,67.68,67.89,68.09,68.29,68.49,68.69,68.89,69.1,69.3,69.5,69.6,69.8,70,70.21,70.41,70.51,70.71,70.91,71.11,71.21,71.42,71.52,71.72,71.92,72.02,72.22,72.43,72.53,72.73,72.83,73.03,73.23,73.33,73.54,73.64,73.84,73.94,74.14,74.24,74.44,74.54,74.75,74.85,75.05,75.15,75.35
ltu,Lithuania,28.9,28.9,28.9,28.9,28.9,28.9,28.9,28.9,28.9,28.9,28.9,28.9,28.9,28.9,28.9,28.9,28.9,28.9,28.9,28.9,28.9,28.9,28.9,28.9,28.9,28.9,28.9,28.9,28.9,28.9,28.9,28.9,28.9,28.9,28.9,28.9,28.9,28.9,28.9,28.9,28.9,28.9,28.9,28.9,28.9,28.9,28.9,28.9,28.9,28.9,28.9,28.91,28.91,28.92,28.92,28.93,28.93,28.94,28.94,28.95,28.95,28.96,28.96,28.97,28.97,28.98,28.98,28.99,28.99,29,29,29.44,29.86,30.3,30.74,31.17,31.6,32.04,32.47,32.91,33.34,33.77,34.21,34.65,35.08,35.52,35.95,36.38,36.82,37.26,37.69,38.13,38.57,39,39.44,39.88,40.31,40.75,41.19,41.62,42.06,42.42,42.78,43.16,43.52,43.88,44.24,44.6,44.97,45.33,45.69,46.06,46.42,46.79,46.21,39.95,39.85,39.46,34.91,39.47,43.53,49.7,50.06,50.43,50.8,51.16,51.7,52.23,52.78,53.32,53.85,54.39,54.94,55.47,56.01,56.55,57.09,57.63,58.17,55.85,51.8,12.19,46.75,45.13,27.45,40.67,53.4,46.29,59.01,61.57,64.7,65.1,65.6,66.1,66.5,66.9,67.4,67.8,68.2,68.7,69.3,69.7,70.1,70.6,71.1,71.4,71.4,71.4,71.2,71.1,71,71.1,71.1,71.1,71.1,71,70.9,70.8,70.6,70.5,70.5,70.6,70.8,70.8,70.8,71.1,71.5,71.7,71.7,71.4,70.9,70.5,70,69.3,68.9,69.2,69.9,70.6,71.2,71.6,71.9,71.8,71.7,71.7,71.5,71.1,70.9,71.1,71.6,72.3,72.9,73.4,73.8,74.1,74.5,74.7,75.1,75.5,75.9,76,75.2,74.3,75.5,76.6,76.8,76.9,77.1,77.2,77.41,77.51,77.71,77.81,78.01,78.21,78.31,78.52,78.62,78.82,78.92,79.12,79.22,79.42,79.62,79.72,79.93,80.03,80.23,80.33,80.53,80.63,80.83,81.03,81.14,81.24,81.44,81.54,81.74,81.84,82.04,82.14,82.35,82.45,82.65,82.75,82.85,83.05,83.15,83.35,83.45,83.55,83.76,83.86,83.96,84.16,84.26,84.36,84.56,84.66,84.76,84.86,85.07,85.17,85.27,85.37,85.57,85.67,85.77,85.87,86.07,86.18,86.28,86.38,86.48,86.58,86.78,86.88,86.98,87.08,87.18,87.28,87.49
lux,Luxembourg,36.9,36.9,36.9,36.9,36.9,36.9,36.9,36.9,36.9,36.9,36.9,36.9,36.9,36.9,36.9,36.9,36.9,36.9,36.9,36.9,36.9,36.9,36.9,36.9,36.9,36.9,36.9,36.9,36.9,36.9,36.9,36.9,36.9,36.9,36.9,36.9,36.9,36.9,36.9,36.9,36.9,36.9,36.9,36.9,36.9,36.9,36.9,36.9,36.9,36.9,36.9,36.91,36.91,36.92,36.92,36.93,36.94,36.94,36.95,36.96,36.96,36.97,36.97,36.98,36.99,36.99,37,37,37.01,37.02,37.02,37.03,37.04,37.04,37.05,37.05,37.06,37.07,37.07,37.08,37.59,38.11,38.62,39.12,39.64,40.15,40.66,41.18,41.69,42.2,42.72,43.23,43.74,44.27,44.78,45.3,45.81,46.32,46.84,47.35,47.87,48.39,48.48,47.33,45.23,46.63,47.03,49.47,46.91,48.26,50.16,46.85,49.39,50.77,50.61,52.03,50.67,48.59,42.81,45.2,55.26,56.88,55.94,55.35,57.46,55.48,54.09,56.58,56.07,53.4,57.56,58.37,57.44,59.13,60.74,59.94,62.08,61.95,60.07,61.25,62.88,60.9,59.22,55.15,48.57,50.16,62.58,64.05,65.52,65.88,66.3,66.4,66.5,66.7,67,67.3,67.5,67.8,68.3,68.6,68.8,69,69,69.1,69.2,69.3,69.4,69.5,69.7,69.8,69.9,70.1,70.4,70.6,70.8,70.9,71.2,71.6,72,72.3,72.5,72.7,72.9,73.2,73.4,73.7,74,74.3,74.6,74.9,75.2,75.5,75.8,76,76.4,76.6,76.8,77.1,77.5,77.8,78.1,78.5,78.6,78.8,79.2,79.6,79.8,80.1,80.4,80.7,80.9,81.1,81.4,81.7,81.9,82.1,82.3,82.5,82.8,83,82.5,82.8,83,83.2,83.4,83.5,83.6,83.81,83.91,84.01,84.21,84.31,84.52,84.62,84.72,84.92,85.02,85.22,85.33,85.43,85.53,85.73,85.83,85.93,86.03,86.24,86.34,86.44,86.54,86.64,86.84,86.95,87.05,87.15,87.25,87.35,87.55,87.65,87.75,87.86,87.96,88.06,88.16,88.26,88.46,88.56,88.67,88.77,88.87,88.97,89.07,89.17,89.27,89.37,89.48,89.58,89.68,89.78,89.98,90.08,90.18,90.29,90.39,90.49,90.59,90.69,90.79,90.89,90.99,91.09,91.2,91.3,91.4,91.5,91.6,91.7,91.8,91.9,92.01,92.11,92.21
lva,Latvia,33,33,33,33,33,33,33,33,33,33,33,33,33,33,33,33,33,33,33,33,33,33,33,33,33,33,33,33,33,33,33,33,33,33,33,33,33,33,33,33,33,33,33,33,33,33,33,33,33,33,33,33.05,33.1,33.15,33.2,33.25,33.3,33.35,33.4,33.44,33.49,33.88,34.27,34.66,35.05,35.44,35.83,36.22,36.62,37.01,37.41,37.8,38.2,38.61,39,39.4,39.8,40.21,40.61,41.02,41.42,41.83,42.24,42.65,43.06,43.47,43.87,44.3,44.71,45.12,45.53,45.95,46.37,46.79,47.21,47.63,48.05,48.46,48.86,49.26,49.66,50.07,50.48,50.88,51.29,51.71,52.11,52.52,52.93,53.34,53.76,54.18,54.59,55,54.25,44.22,44.06,43.46,39.12,44.24,52.71,63.23,61.56,62.89,59.65,58.87,62.23,60.44,61.3,59.15,62.73,63.62,63.56,65.85,62.52,65.47,64.97,64.1,67.83,67.17,59.01,35.23,49.16,47.98,26.82,43.42,62.9,54.96,67.31,67.98,68.7,69,69.3,69.5,69.7,69.9,70,70.1,70.2,70.3,70.4,70.5,70.7,71,71.3,71.4,71.3,71,70.8,70.6,70.5,70.5,70.4,70.3,70.1,69.9,69.8,69.7,69.6,69.5,69.6,69.7,69.8,69.9,70.1,70.3,70.7,70.9,70.8,70.5,69.9,69.4,68.6,67.6,67.1,67.6,68.6,69.4,69.8,70.1,70.3,70.4,70.6,70.8,70.9,70.9,70.9,71.4,72.1,72.8,73.3,73.7,74.1,74.4,74.8,75.1,75.3,75.6,75.9,76.2,75.8,73.7,74.8,75.8,75.9,76.1,76.2,76.4,76.5,76.7,76.79,76.99,77.09,77.29,77.39,77.59,77.69,77.89,77.99,78.19,78.29,78.49,78.59,78.78,78.88,79.08,79.18,79.38,79.48,79.68,79.78,79.98,80.08,80.18,80.38,80.48,80.67,80.77,80.87,81.07,81.17,81.37,81.47,81.57,81.77,81.87,82.07,82.17,82.27,82.46,82.56,82.66,82.76,82.96,83.06,83.16,83.36,83.46,83.56,83.66,83.86,83.96,84.06,84.16,84.26,84.45,84.55,84.65,84.75,84.85,85.05,85.15,85.25,85.35,85.45,85.55,85.65,85.75,85.95,86.05,86.15
mar,Morocco,33.1,33.1,33.1,33.1,33.1,33.1,33.1,33.1,33.1,33.1,33.1,33.1,33.1,33.1,33.1,33.1,33.1,33.1,33.1,33.1,33.1,33.1,33.1,33.1,33.1,33.1,33.1,33.1,33.1,33.1,33.1,33.1,33.1,33.1,33.1,33.1,33.1,33.1,33.1,33.1,33.1,33.1,33.1,33.1,33.1,33.1,33.1,33.1,33.1,33.1,33.1,33.06,33.02,32.98,32.94,32.9,32.85,32.81,32.77,32.73,32.69,32.65,32.61,32.57,32.53,32.49,32.45,32.41,32.36,32.32,32.28,32.24,32.2,32.16,32.12,32.08,32.04,32,31.96,31.92,31.87,31.83,31.79,31.75,31.71,31.67,31.63,31.59,31.55,31.51,31.47,31.43,31.38,31.34,31.3,31.26,31.22,31.18,31.14,31.1,31.06,31.02,30.98,30.94,30.89,30.85,30.81,30.77,30.73,30.69,30.65,30.61,30.57,30.53,30.49,30.45,30.4,30.36,23.2,30.28,30.24,30.2,30.16,30.12,30.08,30.04,30,29.96,29.91,29.87,29.83,29.79,29.75,29.71,29.67,29.63,29.59,29.55,29.51,29.47,29.42,30.49,31.57,32.63,33.69,34.75,35.8,36.86,37.91,38.95,40,40.8,41.6,42.5,43.3,43.8,44.5,45.2,45.8,46.3,45.5,47.2,47.7,48.1,48.7,49.1,49.6,50.2,50.7,51.3,51.9,52.4,53,53.6,54.3,54.8,55.5,56.2,57,57.7,58.4,59.2,59.9,60.6,61.3,62,62.7,63.4,64,64.5,65,65.4,65.7,66,66.4,66.8,67.2,67.5,67.8,68,68.3,68.6,68.8,69,69.2,69.5,69.8,70,70.3,70.7,70.9,71.2,71.4,71.6,71.9,72,72.2,72.4,72.4,72.5,71.6,71.7,72.7,73,73.19,73.39,73.58,73.68,73.87,74.07,74.16,74.36,74.55,74.65,74.84,75.04,75.13,75.33,75.42,75.62,75.81,75.91,76.1,76.2,76.39,76.59,76.68,76.88,77.07,77.17,77.36,77.46,77.65,77.75,77.94,78.04,78.24,78.33,78.53,78.62,78.82,78.91,79.11,79.2,79.3,79.5,79.59,79.69,79.88,79.98,80.08,80.27,80.37,80.56,80.66,80.76,80.85,81.05,81.14,81.24,81.34,81.53,81.63,81.73,81.82,81.92,82.11,82.21,82.31,82.4,82.5,82.69,82.79,82.89,82.99,83.08,83.18,83.28,83.37,83.47,83.57
mco,Monaco,,,,,,,,,,,,,,,,,,,,,,,,,,,,,,,,,,,,,,,,,,,,,,,,,,,,,,,,,,,,,,,,,,,,,,,,,,,,,,,,,,,,,,,,,,,,,,,,,,,,,,,,,,,,,,,,,,,,,,,,,,,,,,,,,,,,,,,,,,,,,,,,,,,,,,,69.1,69.3,69.5,69.7,69.9,70.2,70.5,70.7,71,71.2,71.5,71.7,71.9,72.1,72.2,72.3,72.3,72.4,72.4,72.5,72.6,72.8,73,73.2,73.4,73.6,73.9,74.1,74.3,74.5,74.8,75,75.3,75.5,75.7,75.8,75.8,75.9,76,76.1,76.2,76.3,76.4,76.4,76.5,76.6,76.6,76.7,76.7,76.8,76.9,77.1,77.2,77.2,77.3,77.4,77.6,77.8,78,78.1,78.3,78.5,78.7,78.8,79,79.3,79.6,79.9,80.2,80.4,79.6,79.3,79.8,80.4,80.49,80.59,80.68,80.77,80.96,81.05,81.14,81.24,81.33,81.42,81.52,81.7,81.8,81.89,81.98,82.08,82.17,82.35,82.45,82.54,82.63,82.73,82.82,82.91,83.1,83.19,83.28,83.38,83.47,83.56,83.66,83.75,83.84,83.94,84.12,84.22,84.31,84.4,84.49,84.59,84.68,84.77,84.87,84.96,85.05,85.15,85.24,85.33,85.42,85.52,85.61,85.7,85.8,85.89,85.98,86.08,86.17,86.26,86.36,86.45,86.54,86.63,86.73,86.82,86.91,87.01,87.1,87.19,87.29,87.38,87.47,87.57,87.66,87.84,87.94,88.03,88.12
mda,Moldova,33.15,33.15,33.15,33.15,33.15,33.15,33.15,33.15,33.15,33.15,33.15,33.15,33.15,33.15,33.15,33.15,33.15,33.15,33.15,33.15,33.15,33.15,33.15,33.15,33.15,33.15,33.15,33.15,33.15,33.15,33.15,33.15,33.15,33.15,33.15,33.15,33.15,33.15,33.15,33.15,33.15,33.15,33.15,33.15,33.15,33.15,33.15,33.15,33.15,33.15,33.15,33.13,33.11,33.09,33.07,33.05,33.03,33.01,32.99,32.97,32.95,32.93,32.91,32.89,32.87,32.85,32.84,32.82,32.8,32.78,32.76,32.74,32.72,32.7,32.68,32.66,32.64,32.62,32.6,32.58,32.56,32.54,32.52,32.5,32.48,32.46,32.44,32.42,32.4,32.38,32.36,32.34,32.32,32.3,32.28,32.26,32.24,32.22,32.21,32.19,32.17,32.15,32.13,32.11,32.09,32.07,32.05,32.03,32.01,31.99,31.97,31.95,31.93,31.91,31.89,31.87,31.85,31.83,29.95,31.79,31.77,32.21,32.66,33.11,33.56,34,34.44,34.89,35.33,35.78,36.21,36.66,37.1,38.09,39.08,40.06,41.04,42.03,43.01,43.99,44.97,38.32,36.89,33.1,23.55,42.05,48.16,19.87,51.88,53.27,54.8,55.4,56.1,56.7,57.1,57.6,57.9,58.3,58.7,59.2,59.7,60.2,60.8,61.3,61.7,62.1,62.5,62.9,63.2,63.5,63.6,63.3,63.1,63.2,63.5,63.8,64.1,64.5,64.9,65.2,65.5,65.6,65.6,65.5,65.7,66.2,67.2,68,68.3,68.4,68.2,67.9,67.3,67.1,66.5,66.3,66.8,67.7,68.5,68.7,68.9,69.2,69.2,69.1,69.2,69.2,69.4,69.6,70,70.2,70.5,71.3,71.8,72.2,72.3,72.4,72.9,73.5,74,74.7,73.1,72.2,75.2,76,76.11,76.32,76.43,76.53,76.75,76.85,77.07,77.17,77.28,77.49,77.6,77.81,77.92,78.03,78.24,78.35,78.56,78.67,78.88,78.99,79.1,79.31,79.42,79.63,79.74,79.95,80.06,80.16,80.38,80.48,80.7,80.8,81.02,81.12,81.23,81.44,81.55,81.76,81.87,81.98,82.19,82.3,82.51,82.62,82.83,82.94,83.04,83.26,83.37,83.58,83.69,83.9,84.01,84.11,84.33,84.43,84.65,84.75,84.86,85.07,85.18,85.29,85.5,85.61,85.71,85.93,86.03,86.14,86.35,86.46,86.57,86.78,86.89,86.99,87.21,87.31,87.42
mdg,Madagascar,30.5,30.5,30.5,30.5,30.5,30.5,30.5,30.5,30.5,30.5,30.5,30.5,30.5,30.5,30.5,30.5,30.5,30.5,30.5,30.5,30.5,30.5,30.5,30.5,30.5,30.5,30.5,30.5,30.5,30.5,30.5,30.5,30.5,30.5,30.5,30.5,30.5,30.5,30.5,30.5,30.5,30.5,30.5,30.5,30.5,30.5,30.5,30.5,30.5,30.5,30.5,30.56,30.62,30.68,30.74,30.8,30.86,30.92,30.98,31.04,31.1,31.16,31.22,31.28,31.34,31.4,31.46,31.52,31.58,31.64,31.7,31.76,31.82,31.88,31.94,32,32.06,32.12,32.18,32.24,32.3,32.36,32.42,32.48,32.54,32.6,32.66,32.72,32.78,32.84,32.9,32.96,33.02,33.08,33.14,33.2,33.26,33.32,33.38,33.44,33.5,33.56,33.62,33.68,33.74,33.8,33.86,33.92,33.98,34.04,34.1,34.16,34.22,34.28,34.34,34.4,34.46,34.52,14.41,34.64,34.7,34.76,34.82,34.88,34.94,35,35.06,35.12,35.18,35.24,35.3,35.36,35.42,35.48,35.54,35.6,35.66,35.72,35.78,35.84,35.9,36.08,36.26,36.43,36.61,36.79,38.13,39.46,40.8,42.15,43.5,43.6,43.7,44,44.1,44.3,44.5,44.8,45,45.2,45.4,45.7,45.9,46.2,46.4,46.7,47,47.3,47.7,48,48.4,48.7,49,49.4,49.7,50,50.2,50.4,50.6,50.8,50.9,51,51,51,51,51.1,51.1,51.3,51.4,51.6,51.8,51.9,52.1,52.5,53,53.7,54.4,55.1,55.9,56.4,57.1,57.7,58.1,58.7,59.2,59.7,60,60.3,60.4,60.5,60.7,60.8,60.9,61.1,61.3,61.4,61.6,61.8,62,62.3,61.6,60.8,61.8,62.5,62.7,62.89,63.19,63.29,63.48,63.68,63.88,64.07,64.27,64.47,64.56,64.76,64.96,65.15,65.25,65.45,65.64,65.74,65.94,66.04,66.23,66.33,66.53,66.63,66.82,66.92,67.12,67.22,67.32,67.51,67.61,67.81,67.9,68,68.2,68.3,68.4,68.59,68.69,68.79,68.99,69.08,69.18,69.38,69.48,69.58,69.67,69.87,69.97,70.07,70.26,70.36,70.46,70.56,70.66,70.85,70.95,71.05,71.15,71.34,71.44,71.54,71.74,71.84,71.93,72.03,72.23,72.33,72.43,72.62,72.72,72.82,73.01,73.11,73.21,73.31,73.41
mdv,Maldives,32.65,32.65,32.65,32.65,32.65,32.65,32.65,32.65,32.65,32.65,32.65,32.65,32.65,32.65,32.65,32.65,32.65,32.65,32.65,32.65,32.65,32.65,32.65,32.65,32.65,32.65,32.65,32.65,32.65,32.65,32.65,32.65,32.65,32.65,32.65,32.65,32.65,32.65,32.65,32.65,32.65,32.65,32.65,32.65,32.65,32.65,32.65,32.65,32.65,32.65,32.65,32.74,32.82,32.91,33,33.08,33.17,33.26,33.35,33.43,33.52,33.61,33.69,33.78,33.87,33.95,34.04,34.13,34.22,34.3,34.39,34.48,34.56,34.65,34.74,34.82,34.91,35,35.08,35.17,35.26,35.35,35.43,35.52,35.61,35.69,35.78,35.87,35.95,36.04,36.13,36.21,36.3,36.39,36.48,36.56,36.65,36.74,36.82,36.91,37,37.08,37.17,37.26,37.35,37.43,37.52,37.61,37.69,37.78,37.87,37.95,38.04,38.13,38.21,38.3,38.39,38.48,12.52,38.65,38.74,38.82,38.91,39,39.08,39.17,39.26,39.35,39.43,39.52,39.61,39.69,39.78,39.87,39.95,40.04,40.13,40.21,40.3,40.39,40.48,40.7,40.91,41.14,41.36,41.59,41.8,42.03,42.26,42.47,42.7,43.3,43.8,44.3,45,45.5,46.1,46.6,47.2,47.7,48.3,48.8,49.3,49.7,50.2,50.5,50.9,51.2,51.5,51.8,52.2,52.5,52.9,53.3,53.8,54.2,54.5,55,53.4,56.2,56.9,57.7,58.5,59.4,60.4,61.3,62.1,62.9,63.4,64.3,65,65.4,66,66.6,67.4,68,68.5,69.1,69.9,70.5,71.1,71.5,72,72.5,71.5,73.2,73.5,73.8,74.2,74.4,74.7,74.9,75.1,75.3,75.5,75.7,75.8,75.9,76,76.1,76,75.1,75.6,76.1,76.38,76.57,76.76,77.04,77.23,77.42,77.6,77.79,77.98,78.17,78.35,78.54,78.64,78.82,79.01,79.2,79.29,79.48,79.67,79.76,79.95,80.05,80.23,80.33,80.42,80.61,80.7,80.89,80.99,81.08,81.17,81.36,81.46,81.55,81.64,81.83,81.92,82.02,82.11,82.21,82.3,82.39,82.49,82.58,82.68,82.86,82.96,83.05,83.15,83.24,83.33,83.43,83.52,83.62,83.71,83.9,83.99,84.09,84.18,84.27,84.37,84.46,84.56,84.74,84.84,84.93,85.03,85.12,85.21,85.4,85.5,85.59,85.68,85.78,85.87,85.96,86.06
mex,Mexico,26.9,26.9,26.9,26.9,26.9,26.9,26.9,26.9,26.9,26.9,26.9,26.9,26.9,26.9,26.9,26.9,26.9,26.9,26.9,26.9,26.9,26.9,26.9,26.9,26.9,26.9,26.9,26.9,26.9,26.9,26.9,26.9,26.9,26.9,26.9,26.9,26.9,26.9,26.9,26.9,26.9,26.9,26.9,26.9,26.9,26.9,26.9,26.9,26.9,26.9,26.9,26.91,26.92,26.92,26.93,26.94,26.95,26.95,26.96,26.97,26.98,26.99,26.99,27,27.01,27.02,27.02,27.03,27.04,27.05,27.06,27.06,27.07,27.08,27.09,27.09,27.1,27.11,27.12,27.13,27.13,27.14,27.15,27.16,27.16,27.17,27.18,27.19,27.2,27.2,27.21,26.01,24.79,23.58,26.96,29.9,29.18,26.6,27.41,25.33,27.98,27.04,28.8,29.12,29.54,27.23,28.33,28.43,29.2,29.71,27.89,28.33,28.79,29.23,29.68,30.13,30.58,31.03,18.55,31.93,32.38,32.83,33.28,34.21,33.5,32.8,34.95,41.2,35.28,36.21,37.04,38.58,39.31,38.2,39.13,41.39,39.25,37.73,40.4,46.67,40.22,43.73,40.89,43.99,44.43,45.49,46.13,47.69,49.78,47.24,50.1,50.5,51.3,52.3,53.8,54.8,55.6,56.2,56.9,57.5,58.4,59.3,59.9,60,60.3,60.6,61,61.3,61.4,61.6,62,62.6,63,63.3,63.9,64.6,65.1,65.7,66.4,66.7,67,67.6,68.1,68.6,69,69.3,69.9,70.2,70.3,70.7,71.1,71.6,71.9,72.1,72.4,72.5,72.7,73,73.4,73.8,74.5,74.8,74.9,75,75.2,75.3,75.5,75.6,75.5,75.7,75.4,75.7,76,76.1,76.2,76.2,76,75.9,75.9,76,71.4,71.1,75.3,76.3,76.5,76.6,76.81,77.01,77.21,77.42,77.62,77.72,77.93,78.13,78.33,78.43,78.64,78.84,79.04,79.25,79.35,79.55,79.75,79.96,80.06,80.26,80.47,80.57,80.77,80.97,81.08,81.28,81.48,81.58,81.79,81.99,82.09,82.29,82.4,82.6,82.8,82.9,83.11,83.21,83.41,83.51,83.72,83.82,84.02,84.12,84.22,84.43,84.53,84.73,84.83,84.94,85.14,85.24,85.44,85.55,85.65,85.85,85.95,86.05,86.26,86.36,86.46,86.56,86.66,86.87,86.97,87.07,87.17,87.37,87.48,87.58,87.68,87.78,87.98,88.09,88.19
mhl,Marshall Islands,,,,,,,,,,,,,,,,,,,,,,,,,,,,,,,,,,,,,,,,,,,,,,,,,,,,,,,,,,,,,,,,,,,,,,,,,,,,,,,,,,,,,,,,,,,,,,,,,,,,,,,,,,,,,,,,,,,,,,,,,,,,,,,,,,,,,,,,,,,,,,,,,,,,,,,46,46.4,46.8,47.3,47.8,48.2,48.7,49.1,49.6,50,50.5,50.9,51.4,51.8,52.3,52.7,53.1,53.6,54,54.4,54.8,55.1,55.5,56,56.5,56.9,57.4,57.7,58.1,58.5,58.8,59.1,59.4,59.7,60.1,60.3,60.6,60.9,61.2,61.4,61.6,61.7,61.8,61.9,62.1,62.2,62.3,62.3,62.3,62.4,62,62.5,62.6,62.6,62.7,62.8,62.8,62.9,62.9,63,63.1,63.1,63.2,63.3,63.4,63.5,63.6,63.7,63.9,64.1,63.7,62.3,63.8,64.1,64.29,64.39,64.48,64.58,64.77,64.87,64.96,65.06,65.25,65.35,65.44,65.54,65.73,65.82,65.92,66.02,66.21,66.3,66.4,66.5,66.59,66.69,66.78,66.88,66.97,67.07,67.17,67.26,67.36,67.45,67.55,67.65,67.74,67.84,67.93,68.03,68.03,68.12,68.22,68.32,68.41,68.51,68.6,68.7,68.79,68.99,69.08,69.18,69.27,69.37,69.47,69.66,69.75,69.85,70.04,70.14,70.23,70.42,70.52,70.62,70.81,70.9,71,71.19,71.29,71.38,71.57,71.67,71.86,71.96,72.05,72.15,72.34,72.44,72.53,72.72,72.82
mkd,North Macedonia,36.1,36.1,36.1,36.1,36.1,36.1,36.1,36.1,36.1,36.1,36.1,36.1,36.1,36.1,36.1,36.1,36.1,36.1,36.1,36.1,36.1,36.1,36.1,36.1,36.1,36.1,36.1,36.1,36.1,36.1,36.1,36.1,36.1,36.1,36.1,36.1,36.1,36.1,36.1,36.1,36.1,36.1,36.1,36.1,36.1,36.1,36.1,36.1,36.1,36.1,36.1,36.08,36.06,36.04,36.02,36,35.98,35.95,35.93,35.91,35.89,35.87,35.85,35.83,35.81,35.79,35.77,35.75,35.73,35.71,35.69,35.66,35.64,35.62,35.6,35.58,35.56,35.54,35.52,35.5,35.48,35.46,35.44,35.42,35.4,35.37,35.35,35.33,35.31,35.29,35.27,35.25,35.23,35.21,35.19,35.17,35.15,35.13,35.11,35.08,35.06,35.04,35.02,35,34.98,34.96,34.94,34.92,34.9,34.88,34.86,34.84,34.82,34.79,34.77,34.75,34.73,34.71,19.04,34.67,34.65,35.14,35.62,36.1,36.59,37.07,37.56,38.03,38.52,39,39.48,39.96,40.43,40.91,41.39,41.87,42.35,42.82,43.3,43.77,44.25,43.61,42.29,41.08,39.98,39.94,45.42,47.76,48.69,49.42,50.1,50.4,51,51.7,52.6,53.6,54.6,55.7,56.8,57.6,58.4,59,59.6,58.9,61.3,62.1,63,63.6,64.2,64.8,65.4,66,66.6,67.1,67.6,68,68.4,68.7,68.9,69.1,69.3,69.5,69.7,69.8,70,70.1,70.3,70.5,70.6,70.9,71.1,71.3,71.5,71.3,71.7,71.8,71.9,72.1,72.4,72.5,72.7,72.8,73.2,73.5,73.8,73.9,74.1,74.2,74.5,74.7,74.9,75.1,75.3,75.5,75.6,75.7,75.9,76.1,76.2,76.1,74.6,73.3,75.9,77,77.1,77.3,77.4,77.6,77.7,77.8,77.99,78.09,78.29,78.39,78.49,78.69,78.79,78.99,79.09,79.19,79.39,79.49,79.69,79.79,79.98,80.08,80.28,80.38,80.58,80.68,80.88,80.98,81.08,81.28,81.38,81.58,81.68,81.78,81.97,82.07,82.17,82.37,82.47,82.57,82.77,82.87,82.97,83.07,83.27,83.37,83.47,83.67,83.76,83.86,83.96,84.16,84.26,84.36,84.46,84.66,84.76,84.86,84.96,85.06,85.26,85.36,85.46,85.56,85.66,85.75,85.95,86.05,86.15,86.25,86.35,86.45,86.65,86.75,86.85,86.95,87.05
mli,Mali,26.41,26.41,26.41,26.41,26.41,26.41,26.41,26.41,26.41,26.41,26.41,26.41,26.41,26.41,26.41,26.41,26.41,26.41,26.41,26.41,26.41,26.41,26.41,26.41,26.41,26.41,26.41,26.41,26.41,26.41,26.41,26.41,26.41,26.41,26.41,26.41,26.41,26.41,26.41,26.41,26.41,26.41,26.41,26.41,26.41,26.41,26.41,26.41,26.41,26.41,26.41,26.54,26.67,26.8,26.93,27.06,27.19,27.32,27.45,27.58,27.71,27.84,27.97,28.1,28.23,28.36,28.49,28.63,28.76,28.89,29.02,29.15,29.28,29.41,29.54,29.67,29.8,29.93,30.06,30.19,30.32,30.45,30.58,30.71,30.84,30.97,31.1,31.23,31.36,31.49,31.62,31.75,31.88,32.01,32.14,32.27,32.4,32.53,32.66,32.79,32.92,33.06,33.19,33.32,33.45,33.58,33.71,33.84,33.97,34.1,34.23,34.36,34.49,34.62,34.75,34.88,35.01,35.14,13.64,35.4,35.53,35.66,35.79,35.92,36.05,36.18,36.31,36.44,36.57,36.7,36.83,36.96,37.09,37.22,37.35,37.49,37.62,37.75,37.88,38.01,38.14,38.37,38.6,38.83,39.07,39.3,39.54,39.77,40.01,40.26,40.5,40.6,40.6,40.6,40.6,40.6,40.6,40.6,40.6,40.5,40.5,40.5,40.5,40.5,40.5,40.5,40.5,40.5,40.6,40.6,40.8,40.8,41.1,41.3,41.4,41.7,42,42.3,42.7,43.2,43.6,43.9,44.4,44.9,45.3,45.8,46.5,47,47.5,47.9,48.2,48.9,49.3,49.7,50,50.4,50.6,50.1,50.1,52.4,53.1,54.2,55.1,56.2,57.4,58.2,58.8,59.5,60,60.4,60.8,61.1,61.5,61.5,61.8,61.7,62.1,62.1,62.3,62.6,61.3,61,62.8,63.6,63.92,64.13,64.34,64.55,64.76,64.97,65.18,65.39,65.6,65.81,66.02,66.23,66.44,66.55,66.76,66.97,67.18,67.29,67.5,67.71,67.92,68.02,68.23,68.34,68.55,68.65,68.86,68.97,69.18,69.29,69.5,69.6,69.71,69.92,70.02,70.13,70.34,70.44,70.55,70.65,70.87,70.97,71.08,71.29,71.39,71.5,71.71,71.81,71.92,72.02,72.13,72.23,72.45,72.55,72.66,72.76,72.87,73.08,73.18,73.29,73.39,73.5,73.6,73.81,73.92,74.02,74.13,74.24,74.34,74.45,74.66,74.76,74.87,74.97,75.08,75.18,75.29
mlt,Malta,28.7,28.7,28.7,28.7,28.7,28.7,28.7,28.7,28.7,28.7,28.7,28.7,28.7,28.7,28.7,28.7,28.7,28.7,28.7,28.7,28.7,28.7,28.7,28.7,28.7,28.7,28.7,28.7,28.7,28.7,28.7,28.7,28.7,28.7,28.7,28.7,28.7,28.7,28.7,28.7,28.7,28.7,28.7,28.7,28.7,28.7,28.7,28.7,28.7,28.7,28.7,28.69,28.69,28.68,28.68,28.67,28.67,28.66,28.65,28.65,28.64,28.64,28.63,28.62,28.62,28.61,28.61,28.6,28.6,28.59,28.58,28.58,28.57,29.03,29.51,29.97,30.43,30.89,31.36,31.82,32.28,32.74,33.21,33.67,34.13,34.6,35.06,35.52,35.98,36.45,36.91,37.37,37.83,38.29,38.75,39.21,39.67,40.14,40.59,41.05,41.52,41.97,42.43,42.89,43.35,43.81,44.26,44.72,45.19,45.64,46.1,46.55,47.01,47.47,47.92,48.39,48.84,49.29,46.49,50.21,50.66,51.12,51.57,52.03,52.48,52.94,53.4,53.85,54.3,54.75,55.21,55.67,56.12,56.57,57.03,57.48,57.59,57.71,57.82,57.94,56.46,52.07,55.03,59.96,61.45,62.18,62.66,63.14,63.63,64.11,64.6,65,65.5,66.1,66.7,67.2,67.6,67.9,68.2,68.4,68.6,68.9,69.1,69.3,69.6,69.8,70,70.2,70.3,70.5,70.7,70.9,71.3,71.6,71.8,71.9,72.1,72.1,72.2,72.4,72.5,72.8,73.1,73.5,73.9,74.4,74.8,75.2,75.7,76,76.3,76.4,76.7,77.2,77.6,77.7,77.8,77.9,78,78,78.3,78.7,78.9,79.1,79.4,79.5,79.7,80,80.3,80.6,80.9,81,81.2,81.6,81.8,82,82.3,82.4,82.5,82.6,82.2,82.3,82.3,83,83.2,83.3,83.5,83.6,83.8,83.9,84,84.2,84.3,84.39,84.59,84.69,84.79,84.89,85.09,85.19,85.29,85.39,85.59,85.69,85.79,85.89,85.99,86.19,86.29,86.39,86.49,86.59,86.69,86.89,86.99,87.09,87.18,87.28,87.38,87.48,87.68,87.78,87.88,87.98,88.08,88.18,88.28,88.38,88.48,88.58,88.78,88.88,88.98,89.08,89.18,89.28,89.38,89.48,89.58,89.68,89.88,89.97,90.07,90.17,90.27,90.37,90.47,90.57,90.67,90.77,90.87,90.97,91.07,91.17,91.37,91.47,91.57,91.67,91.77,91.87,91.97
mmr,Myanmar,30.8,30.8,30.8,30.8,30.8,30.8,30.8,30.8,30.8,30.8,30.8,30.8,30.8,30.8,30.8,30.8,30.8,30.8,30.8,30.8,30.8,30.8,30.8,30.8,30.8,30.8,30.8,30.8,30.8,30.8,30.8,30.8,30.8,30.8,30.8,30.8,30.8,30.8,30.8,30.8,30.8,30.8,30.8,30.8,30.8,30.8,30.8,30.8,30.8,30.8,30.8,30.82,30.83,30.85,30.87,30.88,30.9,30.91,30.93,30.95,30.96,30.98,31,31.01,31.03,31.04,31.06,31.08,31.09,31.11,31.13,31.14,31.16,31.18,31.19,31.21,31.22,31.24,31.26,31.27,31.29,31.31,31.32,31.34,31.35,31.37,31.39,31.4,31.42,31.44,31.45,31.47,31.48,31.5,31.52,31.53,31.55,31.57,31.58,31.6,31.62,31.63,31.65,31.66,31.68,31.7,31.71,31.73,31.75,31.76,31.78,31.79,31.81,31.83,31.84,31.86,31.88,31.89,18.78,31.93,31.94,31.96,31.97,31.99,32.01,32.02,32.04,32.06,32.07,32.09,32.1,32.12,32.14,32.15,32.17,32.19,32.2,32.22,32.24,32.25,32.27,32.26,29.31,29.83,29.4,29.29,30.25,31.24,32.21,33.5,34.8,35.8,36.2,36.6,36.9,37.3,37.8,38.3,38.7,39.2,39.8,40.1,40.6,41.2,41.4,41.9,42.3,42.7,42.8,43.3,43.7,44.4,44.8,45.2,45.6,46.1,46.7,47.2,47.7,48.5,49.1,49.7,50.4,51.1,51.8,52.5,53.1,53.6,53.8,54.4,54.8,55,55.4,55.9,56.4,56.8,57.3,57.7,58,58.4,58.8,59.3,59.7,60.1,60.5,61,61.5,62,56.2,63,63.4,63.8,64.2,64.5,64.8,65.1,65.3,65.3,65.8,65.9,65.8,64,65.5,65.4,65.6,65.79,65.99,66.18,66.38,66.57,66.77,66.96,67.16,67.26,67.45,67.65,67.84,67.94,68.14,68.33,68.53,68.63,68.82,68.92,69.11,69.21,69.41,69.6,69.7,69.9,69.99,70.19,70.29,70.48,70.58,70.78,70.87,71.07,71.17,71.36,71.46,71.66,71.75,71.95,72.05,72.24,72.34,72.54,72.63,72.83,72.93,73.12,73.22,73.42,73.51,73.71,73.9,74,74.2,74.3,74.39,74.59,74.69,74.88,74.98,75.18,75.27,75.47,75.57,75.76,75.86,76.06,76.15,76.25,76.45,76.54,76.74,76.84,77.03,77.13,77.33
mne,Montenegro,35.4,35.4,35.4,35.4,35.4,35.4,35.4,35.4,35.4,35.4,35.4,35.4,35.4,35.4,35.4,35.4,35.4,35.4,35.4,35.4,35.4,35.4,35.4,35.4,35.4,35.4,35.4,35.4,35.4,35.4,35.4,35.4,35.4,35.4,35.4,35.4,35.4,35.4,35.4,35.4,35.4,35.4,35.4,35.4,35.4,35.4,35.4,35.4,35.4,35.4,35.4,35.42,35.44,35.46,35.48,35.5,35.52,35.54,35.56,35.58,35.6,35.62,35.64,35.66,35.68,35.7,35.73,35.75,35.77,35.79,35.81,35.83,35.85,35.87,35.89,35.91,35.93,35.95,35.97,35.99,36.01,36.03,36.05,36.07,36.09,36.11,36.13,36.15,36.17,36.19,36.21,36.23,36.25,36.27,36.29,36.31,36.34,36.36,36.38,36.4,36.42,36.44,36.46,36.48,36.5,36.52,36.54,36.56,36.58,36.6,36.62,36.64,36.66,36.68,36.7,36.72,36.74,36.76,20.19,36.8,36.82,37.67,38.52,39.36,40.21,41.06,41.91,42.76,43.61,44.46,45.32,46.17,47.03,47.88,48.74,49.6,50.45,51.31,52.18,53.04,53.9,42.55,39.43,38.24,36.6,38.5,48.55,59.14,60.33,61.72,62.6,63,63.5,63.9,64.3,65,65.5,66.1,66.6,67.1,67.5,68,68.4,68.8,69.3,69.6,69.9,70.2,70.5,70.8,71,71.3,71.5,71.6,71.7,71.8,71.9,72,72.1,71.5,72.2,72.2,72.2,72.3,72.3,72.3,72.5,72.6,72.8,73,73.1,73.2,73.3,73.2,73.1,73,73,73,73,73.2,73.3,73.3,73.4,73.5,73.6,73.9,74.2,74.5,74.7,74.9,75.1,75.3,75.5,75.7,75.9,76,76.3,76.5,76.7,76.9,75.2,73.2,76.2,77.1,77.3,77.4,77.6,77.8,78,78.1,78.3,78.5,78.6,78.8,79,79.1,79.3,79.5,79.6,79.8,79.9,80.1,80.3,80.4,80.6,80.8,80.9,81.1,81.2,81.4,81.5,81.7,81.9,82,82.2,82.3,82.4,82.6,82.7,82.9,83,83.2,83.3,83.4,83.6,83.7,83.8,84,84.1,84.2,84.3,84.5,84.6,84.7,84.8,85,85.1,85.2,85.3,85.4,85.6,85.7,85.8,85.9,86,86.2,86.3,86.4,86.5,86.6,86.8,86.9,87,87.1,87.2,87.3,87.4,87.5,87.6,87.8,87.9
mng,Mongolia,31.8,31.8,31.8,31.8,31.8,31.8,31.8,31.8,31.8,31.8,31.8,31.8,31.8,31.8,31.8,31.8,31.8,31.8,31.8,31.8,31.8,31.8,31.8,31.8,31.8,31.8,31.8,31.8,31.8,31.8,31.8,31.8,31.8,31.8,31.8,31.8,31.8,31.8,31.8,31.8,31.8,31.8,31.8,31.8,31.8,31.8,31.8,31.8,31.8,31.8,31.8,31.83,31.85,31.88,31.91,31.94,31.96,31.99,32.02,32.04,32.07,32.1,32.13,32.15,32.18,32.21,32.23,32.26,32.29,32.32,32.34,32.37,32.4,32.43,32.45,32.48,32.51,32.53,32.56,32.59,32.62,32.64,32.67,32.7,32.72,32.75,32.78,32.81,32.83,32.86,32.89,32.91,32.94,32.97,33,33.02,33.05,33.08,33.1,33.13,33.16,33.19,33.21,33.24,33.27,33.3,33.32,33.35,33.38,33.4,33.43,33.46,33.49,33.51,33.54,33.57,33.59,33.62,21.56,33.68,33.7,33.73,33.76,33.78,33.81,33.84,33.87,33.89,33.92,33.95,33.97,34,34.03,34.06,34.08,34.11,34.14,34.17,34.19,34.22,34.25,34.32,34.39,34.46,34.53,34.6,36.99,39.39,41.78,44.2,46.6,47.1,47.6,48.1,48.5,48.9,49.2,47.7,49.9,50.2,50.6,50.9,51.3,51.6,51.9,52.2,52.5,53,53.4,54,54.7,55.4,56.2,57,57.8,58.3,58.5,58.7,58.8,58.8,58.8,58.8,59,59.3,59.7,60.2,60.9,61.5,61.7,61.7,61.4,61.1,61,61.3,61.7,61.8,61.8,62.2,62.8,63.4,63.9,64.2,64.6,65,65.3,65.7,66.1,66.7,67,67,66.9,67.1,67.5,68.1,68.9,69.5,70.3,70.9,71.4,72.3,72.6,70.6,72.1,73.1,73.41,73.61,73.92,74.12,74.43,74.63,74.83,75.14,75.34,75.55,75.75,76.06,76.26,76.46,76.67,76.87,77.08,77.38,77.59,77.79,77.99,78.2,78.4,78.61,78.81,79.01,79.22,79.32,79.52,79.73,79.93,80.13,80.34,80.54,80.75,80.95,81.05,81.26,81.46,81.66,81.87,81.97,82.17,82.38,82.48,82.68,82.89,82.99,83.19,83.4,83.5,83.7,83.81,84.01,84.11,84.31,84.42,84.62,84.82,84.93,85.13,85.23,85.44,85.54,85.64,85.84,85.95,86.15,86.25,86.35,86.56,86.66,86.76,86.97,87.07,87.17,87.37
moz,Mozambique,30.28,30.28,30.28,30.28,30.28,30.28,30.28,30.28,30.28,30.28,30.28,30.28,30.28,30.28,30.28,30.28,30.28,30.28,30.28,30.28,30.28,30.28,30.28,30.28,30.28,30.28,30.28,30.28,30.28,30.28,30.28,30.28,30.28,30.28,30.28,30.28,30.28,30.28,30.28,30.28,30.28,30.28,30.28,30.28,30.28,30.28,30.28,30.28,30.28,30.28,30.28,30.44,30.59,30.75,30.9,31.06,31.21,31.37,31.52,31.68,31.83,31.99,32.15,32.3,32.46,32.61,32.77,32.92,33.08,33.23,33.39,33.54,33.7,33.86,34.01,34.17,34.32,34.48,34.63,34.79,34.94,35.1,35.25,35.41,35.56,35.72,35.88,36.03,36.19,36.34,36.5,36.65,36.81,36.96,37.12,37.27,37.43,37.59,37.74,37.9,38.05,38.21,38.36,38.52,38.67,38.83,38.98,39.14,39.3,39.45,39.61,39.76,39.92,40.07,40.23,40.38,40.54,40.69,15.8,41.01,41.16,41.32,41.47,41.63,41.78,41.94,42.09,42.25,42.4,42.56,42.72,42.87,43.03,43.18,43.34,43.49,43.65,43.8,43.96,44.11,44.27,44.66,45.04,45.43,45.83,46.22,46.61,47.01,47.41,47.8,48.2,48.3,48.5,48.7,48.8,48.9,49.1,49.3,49.4,49.6,49.7,49.8,50,50.1,49.6,49.7,49.8,49.9,50,50.2,50.4,50.5,50.6,50.7,50.9,51.4,51.4,51.2,51.3,51.2,51.3,48.5,48.6,48.6,46.1,46.1,48.1,48.2,51.5,52.1,52.3,52.7,53.1,53.4,53.7,53.8,54,54,54,54,54,54.3,54.4,54.6,54.9,55.5,56.5,57.6,58.6,59.4,60,60.1,59.8,60.1,61.2,62.1,62.7,63,63.2,63.1,62.8,60.5,64,64.9,65.1,65.31,65.41,65.61,65.82,65.92,66.12,66.33,66.43,66.63,66.84,66.94,67.14,67.25,67.45,67.66,67.76,67.96,68.06,68.17,68.37,68.47,68.68,68.78,68.88,69.08,69.19,69.39,69.49,69.59,69.8,69.9,70,70.1,70.31,70.41,70.61,70.72,70.82,70.92,71.12,71.23,71.33,71.43,71.63,71.74,71.84,71.94,72.15,72.25,72.35,72.45,72.55,72.76,72.86,72.96,73.06,73.27,73.37,73.47,73.57,73.78,73.88,73.98,74.08,74.29,74.39,74.49,74.59,74.8,74.9,75,75.21,75.31,75.41,75.51,75.72
mrt,Mauritania,32,32,32,32,32,32,32,32,32,32,32,32,32,32,32,32,32,32,32,32,32,32,32,32,32,32,32,32,32,32,32,32,32,32,32,32,32,32,32,32,32,32,32,32,32,32,32,32,32,32,32,32.12,32.24,32.36,32.48,32.6,32.72,32.84,32.96,33.08,33.2,33.32,33.44,33.56,33.68,33.8,33.92,34.04,34.16,34.28,34.4,34.52,34.64,34.76,34.88,35,35.12,35.24,35.36,35.48,35.6,35.72,35.84,35.96,36.09,36.21,36.33,36.45,36.57,36.69,36.81,36.93,37.05,37.17,37.29,37.41,37.53,37.65,37.77,37.89,38.01,38.13,38.25,38.37,38.49,38.61,38.73,38.85,38.97,39.09,39.21,39.33,39.45,39.57,39.69,39.81,39.93,40.05,15.54,40.29,40.41,40.53,40.65,40.77,40.89,41.01,41.13,41.25,41.37,41.49,41.61,41.73,41.85,41.97,42.09,42.21,42.33,42.45,42.57,42.69,42.81,42.96,43.11,43.25,43.4,43.56,45.19,46.83,48.48,50.14,51.8,51.9,52,52.3,52.4,52.5,52.7,52.4,52.6,53,53.2,53.4,53.5,53.6,53.9,54.2,54.4,54.6,54.8,55.1,55.3,55.4,55.6,55.7,56,55.5,55.8,56,56.2,57.2,57.6,57.9,58.2,58.4,58.8,59.1,59.4,59.6,59.9,60.1,60.6,61,61.3,61.4,62.1,62.6,62.8,63.1,63,63.6,63.7,63.8,64,64.3,64.4,64.6,64.8,65.3,65.7,65.7,66,66.3,66.4,66.6,67.2,67.4,67.9,67.8,68.1,68,66.1,65.4,66.9,68.1,68.3,68.5,68.8,68.99,69.19,69.39,69.59,69.79,69.99,70.19,70.39,70.49,70.68,70.88,71.08,71.28,71.48,71.58,71.78,71.88,72.08,72.28,72.37,72.57,72.77,72.87,73.07,73.27,73.37,73.57,73.77,73.87,74.06,74.16,74.36,74.46,74.66,74.76,74.96,75.16,75.26,75.46,75.56,75.76,75.85,76.05,76.25,76.35,76.55,76.65,76.85,76.95,77.15,77.25,77.45,77.54,77.74,77.84,78.04,78.14,78.34,78.44,78.64,78.74,78.94,79.04,79.23,79.33,79.53,79.63,79.83,79.93,80.13,80.23,80.43,80.53,80.73
mus,Mauritius,28.7,28.7,28.7,28.7,28.7,28.7,28.7,28.7,28.7,28.7,28.7,28.7,28.7,28.7,28.7,28.7,28.7,28.7,28.7,28.7,28.7,28.7,28.7,28.7,28.7,28.7,28.7,28.7,28.7,31.05,33.41,35.76,31.27,35.22,32.67,27.2,31.6,26.24,31.85,24.84,32.53,23.01,22.41,28.3,15,24.47,29.99,33.21,36.19,31.72,31.13,36.16,34.52,32.95,7.53,29.85,17.65,36.81,34.69,31.94,31.24,31.55,22.91,27.85,28.29,28.77,29.82,4.06,13.87,26.9,40,37.59,36.19,29.36,33.24,38.41,35.67,33.42,35.95,31.06,35.05,33.54,28.81,28.23,32.53,30.03,34.41,29.02,32.84,29.42,29.18,36.69,29.06,24.07,34.65,27.03,23.07,33.91,31.77,28.46,27.48,24.98,30.11,25.03,31.94,24.54,24.94,29.44,24.83,27.53,30.5,31.37,26.54,29.42,32.31,30.18,34.57,32.58,31.37,12.75,33.17,25.41,30.27,36.27,37.18,41.46,40.03,40.31,36.75,34.13,29.66,26.56,32.13,37.92,39.81,38.91,39.06,36.38,35.22,37.32,40.26,40.18,36.08,39.87,38.49,29.41,35.87,41.99,45.45,48.94,52.4,52.8,53.1,53.4,53.8,54.3,55.2,56.2,57.3,58.2,58.7,59.4,60,60.8,61.4,61.9,62.3,62.6,62.8,63.1,63.4,63.8,64.1,64.3,64.4,64.6,64.9,65.2,65.7,66.3,66.9,67.5,68,68.4,68.7,68.9,69.1,69.3,69.5,69.6,69.8,70.1,70.4,70.4,70.8,70.9,70.9,71.1,71.5,71.8,72,72.2,72.4,72.6,72.8,72.8,73,73.3,73.5,73.8,74,74.2,74.4,74.6,74.8,74.8,74.8,74.8,74.8,74.9,74.6,72.8,73.4,73.8,74,74.19,74.29,74.49,74.69,74.88,74.98,75.18,75.38,75.48,75.67,75.87,75.97,76.16,76.36,76.56,76.66,76.85,77.05,77.15,77.35,77.54,77.64,77.84,78.04,78.23,78.33,78.53,78.73,78.83,79.02,79.22,79.32,79.51,79.71,79.81,80.01,80.11,80.3,80.5,80.6,80.8,80.89,81.09,81.29,81.39,81.58,81.68,81.88,82.08,82.18,82.37,82.47,82.67,82.77,82.86,83.06,83.16,83.36,83.46,83.65,83.75,83.85,84.05,84.15,84.24,84.44,84.54,84.64,84.84,84.93,85.03,85.23,85.33,85.43,85.62,85.72
mwi,Malawi,30.3,30.3,30.3,30.3,30.3,30.3,30.3,30.3,30.3,30.3,30.3,30.3,30.3,30.3,30.3,30.3,30.3,30.3,30.3,30.3,30.3,30.3,30.3,30.3,30.3,30.3,30.3,30.3,30.3,30.3,30.3,30.3,30.3,30.3,30.3,30.3,30.3,30.3,30.3,30.3,30.3,30.3,30.3,30.3,30.3,30.3,30.3,30.3,30.3,30.3,30.3,30.35,30.4,30.46,30.51,30.56,30.61,30.66,30.72,30.77,30.82,30.87,30.93,30.98,31.03,31.08,31.13,31.19,31.24,31.29,31.34,31.39,31.45,31.5,31.55,31.6,31.65,31.71,31.76,31.81,31.86,31.92,31.97,32.02,32.07,32.12,32.18,32.23,32.28,32.33,32.38,32.44,32.49,32.54,32.59,32.64,32.7,32.75,32.8,32.85,32.9,32.96,33.01,33.06,33.11,33.17,33.22,33.27,33.32,33.37,33.43,33.48,33.53,33.58,33.63,33.69,33.74,33.79,13.09,33.89,33.95,34,34.05,34.1,34.16,34.21,34.26,34.31,34.36,34.42,34.47,34.52,34.57,34.62,34.68,34.73,34.78,34.83,34.88,34.94,34.99,35.08,35.17,35.26,35.35,35.44,36.86,38.29,39.72,41.16,42.6,42.6,42.7,42.8,42.8,42.8,43,43.2,43.3,43.5,43.7,43.9,44.1,44.3,44.4,44.5,44.8,45,45,45.1,45,44.9,44.7,44.4,44.1,43.9,43.9,43.8,44.1,44.3,44.6,44.8,45,45.1,45.2,45.3,45.3,45.3,45.4,45.5,45.6,45.6,45.7,45.6,45.4,44.8,44.5,44.5,44.5,44.7,44.9,45.3,45.7,46.6,47.5,49.2,51.4,53.6,55.4,56.7,57.3,58.2,59.1,59.9,60.5,60.7,61,61.3,61.5,61.8,61.2,55.6,61.2,62,62.18,62.28,62.46,62.64,62.83,63.01,63.1,63.29,63.47,63.56,63.75,63.93,64.02,64.21,64.3,64.48,64.67,64.76,64.94,65.04,65.13,65.31,65.4,65.59,65.68,65.86,65.96,66.05,66.23,66.32,66.51,66.6,66.69,66.88,66.97,67.15,67.24,67.43,67.52,67.7,67.8,67.89,68.07,68.16,68.35,68.44,68.53,68.72,68.81,68.9,69.08,69.18,69.27,69.45,69.54,69.73,69.82,69.91,70.09,70.19,70.28,70.46,70.55,70.74,70.83,70.92,71.11,71.2,71.29,71.47,71.57,71.66,71.84,71.93,72.03,72.21,72.3
mys,Malaysia,30.6,30.6,30.6,30.6,30.6,30.6,30.6,30.6,30.6,30.6,30.6,30.6,30.6,30.6,30.6,30.6,30.6,30.6,30.6,30.6,30.6,30.6,30.6,30.6,30.6,30.6,30.6,30.6,30.6,30.6,30.6,30.6,30.6,30.6,30.6,30.6,30.6,30.6,30.6,30.6,30.6,30.6,30.6,30.6,30.6,30.6,30.6,30.6,30.6,30.6,30.6,30.58,30.55,30.53,30.51,30.48,30.46,30.44,30.41,30.39,30.37,30.34,30.32,30.3,30.27,30.25,30.23,30.2,30.18,30.16,30.13,30.11,30.09,30.06,30.04,30.02,29.99,29.97,29.95,29.92,29.9,29.88,29.85,29.83,29.81,29.78,29.76,29.74,29.71,29.69,29.67,29.64,29.62,29.6,29.57,29.55,29.53,29.5,29.48,29.46,29.43,29.41,29.39,29.36,29.34,29.32,29.29,29.27,29.24,29.22,29.2,29.17,29.15,29.13,29.1,29.08,29.06,29.03,18.59,28.99,28.96,28.94,28.92,28.89,28.87,28.85,28.82,28.8,28.78,28.75,28.73,29.78,30.83,31.87,32.92,33.96,35.01,36.05,37.08,38.12,39.15,38.91,33.6,35.82,35.63,35.44,41.82,44.58,46.88,48.25,49.6,50.3,51.4,52.7,53.8,54.8,55.5,56.1,57,58,58.7,59.1,59.5,60.1,60.9,61.5,61.9,62.4,62.7,63.1,63.5,63.9,64.5,65,65.5,65.9,66.4,66.9,67.4,67.8,68.3,68.6,69,69.4,69.7,70.2,70.6,70.9,71.1,71.3,71.4,71.6,71.9,72,72.1,72.1,72.3,72.5,72.5,72.4,72.7,73.1,73.4,73.5,73.8,74.2,74.5,74.7,74.8,74.8,74.9,75,75.2,75.2,75.2,75.2,75.1,75.2,75.4,75.9,76.6,73.3,75,76.4,76.5,76.7,76.9,77,77.2,77.4,77.5,77.69,77.89,77.99,78.19,78.39,78.49,78.69,78.89,78.99,79.19,79.39,79.49,79.69,79.89,79.99,80.19,80.28,80.48,80.68,80.78,80.98,81.18,81.28,81.48,81.58,81.78,81.88,82.08,82.18,82.38,82.48,82.68,82.77,82.97,83.07,83.27,83.37,83.47,83.67,83.77,83.97,84.07,84.17,84.37,84.47,84.57,84.77,84.87,84.97,85.17,85.27,85.36,85.46,85.56,85.76,85.86,85.96,86.06,86.26,86.36,86.46,86.56,86.66,86.86,86.96,87.06,87.16,87.26,87.46,87.56
nam,Namibia,32.4,32.4,32.4,32.4,32.4,32.4,32.4,32.4,32.4,32.4,32.4,32.4,32.4,32.4,32.4,32.4,32.4,32.4,32.4,32.4,32.4,32.4,32.4,32.4,32.4,32.4,32.4,32.4,32.4,32.4,32.4,32.4,32.4,32.4,32.4,32.4,32.4,32.4,32.4,32.4,32.4,32.4,32.4,32.4,32.4,32.4,32.4,32.4,32.4,32.4,32.4,32.42,32.45,32.47,32.49,32.52,32.54,32.56,32.58,32.61,32.63,32.65,32.68,32.7,32.72,32.75,32.77,32.79,32.82,32.84,32.86,32.88,32.91,32.93,32.95,32.98,33,33.02,33.05,33.07,33.09,33.11,33.14,33.16,33.18,33.21,33.23,33.25,33.28,33.3,33.32,33.35,33.37,33.39,33.41,33.44,33.46,33.48,33.51,33.53,33.55,33.58,33.6,30.09,5.19,10.39,20.8,28.1,33.74,33.76,33.78,33.81,33.83,33.85,33.88,33.9,33.92,33.94,13.14,33.99,34.01,34.04,34.06,34.08,34.11,34.13,34.15,34.18,34.2,34.22,34.24,34.27,34.29,34.31,34.34,34.36,34.38,34.41,34.43,34.45,34.48,35.35,36.22,37.08,37.95,38.83,39.7,40.58,41.44,42.33,43.2,43.5,43.9,44.2,44.6,44.9,45.3,45.7,46.1,46.5,46.9,47.3,47.8,48.3,48.8,49.3,49.1,49.6,50.1,50.6,51.1,51.6,52.1,52.6,53.2,53.7,54.3,54.8,55.3,55.8,55.9,56.4,56.9,57.3,57.8,58.2,58.6,58.9,59,60.1,60.1,60.1,60,59.9,59.4,59.3,58.7,57.9,57,56,55,54.1,53.4,52.9,53.7,55.7,58.1,60.1,61.3,61.8,62.2,62.5,63.1,63.4,63.7,63.8,64,64.4,64.9,65.3,64.2,58.6,65,66.4,66.5,66.7,66.79,66.99,67.09,67.19,67.39,67.48,67.58,67.78,67.88,67.98,68.07,68.27,68.37,68.47,68.57,68.76,68.86,68.96,69.06,69.16,69.36,69.45,69.55,69.65,69.85,69.95,70.05,70.14,70.24,70.44,70.54,70.64,70.73,70.93,71.03,71.13,71.33,71.42,71.52,71.62,71.82,71.92,72.02,72.21,72.31,72.41,72.61,72.71,72.8,72.9,73.1,73.2,73.3,73.49,73.59,73.69,73.89,73.99,74.08,74.28,74.38,74.48,74.68,74.77,74.87,74.97,75.17,75.27,75.36,75.56,75.66,75.76,75.96,76.05,76.15
ner,Niger,30.8,30.8,30.8,30.8,30.8,30.8,30.8,30.8,30.8,30.8,30.8,30.8,30.8,30.8,30.8,30.8,30.8,30.8,30.8,30.8,30.8,30.8,30.8,30.8,30.8,30.8,30.8,30.8,30.8,30.8,30.8,30.8,30.8,30.8,30.8,30.8,30.8,30.8,30.8,30.8,30.8,30.8,30.8,30.8,30.8,30.8,30.8,30.8,30.8,30.8,30.8,30.85,30.9,30.95,31,31.05,31.09,31.14,31.19,31.24,31.29,31.34,31.39,31.44,31.49,31.54,31.59,31.64,31.68,31.73,31.78,31.83,31.88,31.93,31.98,32.03,32.08,32.13,32.18,32.23,32.27,32.32,32.37,32.42,32.47,32.52,32.57,32.62,32.67,32.72,32.77,32.82,32.86,32.91,32.96,33.01,33.06,33.11,33.16,33.21,33.26,33.31,33.36,33.41,33.45,33.5,33.55,33.6,33.65,33.7,33.75,33.8,33.85,33.9,33.95,33.99,34.04,34.09,13.2,34.19,34.24,34.29,34.34,34.39,34.44,34.49,34.54,34.58,34.63,34.68,34.73,34.78,34.83,34.88,34.93,34.98,35.03,35.08,35.13,35.17,35.22,35.34,35.47,35.59,35.72,35.84,36.91,37.97,39.05,40.11,41.2,41.1,41.4,41.1,40.8,41.2,41.1,41,41,41.1,41.3,41.3,41.3,41.4,41.4,41.5,41.4,41.4,41.4,41.3,41.1,40.6,41,40.9,40.8,40.8,40.8,40.8,40.8,41,41.1,41.2,41.2,41.3,41.2,41.3,41.3,41.5,41.8,42,42.5,42.5,43.4,43.8,44.4,44.5,45.6,46.3,47,47.7,48.2,49.1,49.7,50.5,51.4,52.3,53,53.8,54.4,55.1,55.6,56,56.4,56.7,57.1,56.9,57.3,57.6,57.9,58,57.5,58.2,58.8,59.2,59.39,59.68,59.88,60.07,60.26,60.55,60.75,60.94,61.13,61.33,61.52,61.72,61.91,62.1,62.3,62.49,62.68,62.88,63.07,63.17,63.36,63.55,63.65,63.84,64.04,64.13,64.33,64.52,64.62,64.81,64.91,65.1,65.2,65.39,65.49,65.68,65.78,65.97,66.07,66.16,66.36,66.45,66.55,66.75,66.84,66.94,67.13,67.23,67.33,67.42,67.62,67.71,67.81,67.91,68.1,68.2,68.29,68.49,68.58,68.68,68.78,68.97,69.07,69.16,69.26,69.45,69.55,69.65,69.74,69.84,69.94,70.13,70.23,70.32,70.42,70.52,70.71
nga,Nigeria,30.4,30.4,30.4,30.4,30.4,30.4,30.4,30.4,30.4,30.4,30.4,30.4,30.4,30.4,30.4,30.4,30.4,30.4,30.4,30.4,30.4,30.4,30.4,30.4,30.4,30.4,30.4,30.4,30.4,30.4,30.4,30.4,30.4,30.4,30.4,30.4,30.4,30.4,30.4,30.4,30.4,30.4,30.4,30.4,30.4,30.4,30.4,30.4,30.4,30.4,30.4,30.44,30.48,30.53,30.57,30.61,30.65,30.7,30.74,30.78,30.82,30.87,30.91,30.95,30.99,31.04,31.08,31.12,31.16,31.21,31.25,31.29,31.33,31.37,31.42,31.46,31.5,31.54,31.59,31.63,31.67,31.71,31.76,31.8,31.84,31.88,31.93,31.97,32.01,32.05,32.1,32.14,32.18,32.22,32.26,32.31,32.35,32.39,32.43,32.48,32.52,32.56,32.6,32.65,32.69,32.73,32.77,32.82,32.86,32.9,32.94,32.99,33.03,33.07,33.11,33.15,33.2,33.24,15.72,33.32,33.37,33.41,33.45,33.49,33.54,33.58,33.62,33.66,33.71,33.75,33.79,33.83,33.88,33.92,33.96,34,34.05,34.09,34.13,34.17,34.21,34.44,34.66,34.88,35.11,35.33,36.23,37.11,38.01,38.9,39.8,40,40.5,40.8,41,41.5,41.7,42,42.3,42.6,43,43.3,43.7,44,44.3,44.6,44.8,44.5,44.2,44.4,45.7,46.2,46.8,47.3,47.9,48.4,48.9,49.4,49.7,50.2,50.5,50.8,50.9,51.1,51.2,51.3,51.3,51.3,51.3,51.3,51.4,51,51.7,51.8,52,52.2,52,52.5,52.6,52.8,52.9,53.3,53.8,54.6,55.3,56.1,56.8,57.7,58.4,58.9,59.3,59.9,60.3,60.6,61,61.2,61.8,62.3,62.8,63.4,63,63.3,64.3,64.5,64.62,64.86,65.09,65.21,65.45,65.57,65.8,65.92,66.16,66.28,66.51,66.63,66.87,66.99,67.22,67.34,67.58,67.7,67.93,68.05,68.29,68.41,68.52,68.76,68.88,69.12,69.23,69.47,69.59,69.71,69.94,70.06,70.3,70.42,70.54,70.77,70.89,71.13,71.25,71.36,71.6,71.72,71.84,71.96,72.19,72.31,72.43,72.55,72.78,72.9,73.02,73.14,73.38,73.49,73.61,73.73,73.97,74.09,74.2,74.32,74.44,74.56,74.68,74.91,75.03,75.15,75.27,75.39,75.51,75.74,75.86,75.98,76.1,76.22,76.33,76.45,76.57
nic,Nicaragua,25.4,25.4,25.4,25.4,25.4,25.4,25.4,25.4,25.4,25.4,25.4,25.4,25.4,25.4,25.4,25.4,25.4,25.4,25.4,25.4,25.4,25.4,25.4,25.4,25.4,25.4,25.4,25.4,25.4,25.4,25.4,25.4,25.4,25.4,25.4,25.4,25.4,25.4,25.4,25.4,25.4,25.4,25.4,25.4,25.4,25.4,25.4,25.4,25.4,25.4,25.4,25.44,25.47,25.51,25.55,25.58,25.62,25.66,25.69,25.73,25.77,25.81,25.84,25.88,25.92,25.95,25.99,26.03,26.06,26.1,26.14,26.17,26.21,26.25,26.28,26.32,26.36,26.39,26.43,26.47,26.51,26.54,26.58,26.62,26.65,26.69,26.73,26.76,26.8,26.84,26.87,26.91,26.95,26.98,27.02,27.06,27.09,27.13,27.17,27.21,27.24,27.28,27.32,27.35,27.39,27.43,27.46,27.5,27.54,27.57,27.61,27.65,27.68,27.72,27.76,27.79,27.83,27.64,24.47,27.25,27.05,26.86,27.48,28.11,28.74,29.36,29.99,30.63,31.26,31.89,32.52,33.17,33.8,34.44,35.08,35.73,36.37,37.02,37.67,38.32,38.97,39.97,40.99,41.98,42.99,44.01,45.02,46.04,47.06,48.08,49.1,49,50.3,51,51.6,52.1,52.5,52.9,53.2,53.5,53.5,54.4,54.9,55.4,55.7,55.8,55.7,55.5,55.5,55.8,56.3,57.1,50,58.9,59.8,60.5,61.1,61.6,59.9,56.4,63.1,63.7,64.4,62.5,62,62.6,64.1,64.1,67.2,69.9,71,71.5,71.8,72,72.5,72.7,73.1,73.7,70.9,74.5,74.8,74.9,74.8,74.8,74.8,74.9,75.1,75,75,75,75,75,74.9,74.8,74.8,75,75,75.3,75,74.7,71.9,71.5,75.3,76.7,76.9,77.11,77.21,77.42,77.52,77.72,77.93,78.03,78.24,78.44,78.54,78.75,78.85,79.06,79.16,79.36,79.46,79.67,79.77,79.98,80.18,80.28,80.49,80.59,80.8,80.9,81.1,81.21,81.41,81.51,81.72,81.82,82.02,82.13,82.33,82.43,82.64,82.74,82.95,83.05,83.15,83.36,83.46,83.66,83.77,83.97,84.07,84.18,84.38,84.48,84.59,84.79,84.89,84.99,85.2,85.3,85.4,85.61,85.71,85.81,85.92,86.12,86.22,86.33,86.43,86.53,86.74,86.84,86.94,87.04,87.15,87.35,87.45,87.55,87.66,87.76,87.96
nld,Netherlands,39.86,39.86,39.86,39.86,39.86,39.86,39.86,39.86,39.86,39.86,39.86,39.86,39.86,39.86,39.86,39.86,39.86,39.86,39.86,39.86,39.86,39.86,39.86,39.86,39.86,39.86,39.86,39.86,39.86,39.86,39.86,39.86,39.86,39.86,39.86,39.86,39.86,39.86,39.86,39.86,39.86,39.86,39.86,39.86,39.86,39.86,39.86,39.86,39.86,39.86,39.86,40,38.66,38.63,38.63,34.53,38.39,35.46,34.66,30.86,36.91,36.44,38.28,38.33,37.56,36.37,33.64,39.31,37.75,40.47,37.34,32.94,36.49,39.19,41.29,38.23,40.34,42.02,41.09,41.95,40.38,42.86,43.78,42.34,41.33,43.29,41.97,44.98,44.21,44.34,44.39,44.24,43.94,45.79,46.92,46.63,48.55,49.35,49.02,49.34,48.39,48.71,50.6,51.49,50.88,52.09,52.76,53.52,52.74,54.94,55.12,53.15,57.19,57.35,57.18,57.2,56.14,55.65,47.59,54.96,57.82,59.75,59.82,62.03,62.94,63.15,63.01,62.62,63.71,62.16,64.7,64.32,65.41,66.05,66.59,66.51,66.73,66.95,67.37,67.7,65.37,65.3,65.81,64.4,61.23,55.42,67.53,69.48,71,70.23,71.4,71.5,71.8,71.5,72.2,72.4,72.5,72.9,73.1,73.2,73.3,73.4,72.8,73.3,73.5,73.4,73.4,73.6,73.5,73.4,73.5,73.6,73.7,74.1,74.4,74.4,74.6,75,75.2,75.4,75.6,75.8,76,76.1,76.2,76.2,76.3,76.7,76.8,76.8,76.9,77.1,77.2,77.1,77.4,77.5,77.5,77.8,77.9,77.9,78.1,78.3,78.4,78.6,79.1,79.4,79.8,80.1,80.3,80.5,80.7,80.9,81,81.2,81.5,81.4,81.5,81.7,81.7,82,81.2,81.2,81.5,82,82.1,82.2,82.4,82.5,82.7,82.8,83,83.1,83.3,83.4,83.6,83.7,83.8,84,84.09,84.19,84.39,84.49,84.59,84.79,84.89,84.99,85.19,85.29,85.39,85.49,85.69,85.79,85.89,85.99,86.19,86.29,86.39,86.49,86.59,86.69,86.89,86.99,87.09,87.19,87.29,87.39,87.59,87.69,87.79,87.89,87.99,88.09,88.18,88.28,88.48,88.58,88.68,88.78,88.88,88.98,89.08,89.18,89.28,89.38,89.48,89.68,89.78,89.88,89.98,90.08,90.18,90.28,90.38,90.58,90.68,90.78,90.88,90.98,91.08,91.18,91.28
nor,Norway,37.92,35.82,38.37,38.72,40.52,44.27,43.76,41.77,37.26,27.22,36.48,38.05,43.46,33.46,41.74,45.58,46.33,48.87,46.75,45.78,46.96,44.69,46.13,48.76,47.64,49.23,47.63,48.38,46.22,46.29,45.75,45.66,47.62,44.86,41.95,46.1,46.46,44.24,42.93,43.05,45.62,49.51,48.37,48.44,49.71,50.07,48.05,44.77,45.02,48.05,49.53,49.74,48.46,47.93,51.66,50.45,50.38,50.23,51.6,49.95,50.02,45.83,44.72,46.73,48.8,50.45,49.95,47.9,47.19,49.28,50.9,49.73,50.06,49.71,47.81,47.68,46.87,49.82,51.84,53.24,51.97,50.53,47.46,49.7,50.86,51.12,51.79,51.76,50.45,49.13,48.67,49.86,49.76,51.49,50.7,52.89,53.93,53.82,54.05,51.71,53.57,54.69,56.6,55.09,56.2,55.21,57.03,56.61,56.43,57.59,58.12,58.17,57.88,58.45,57.95,58.31,57.39,57.89,50.42,56.96,59.04,61.77,60.95,61.97,62.29,62.69,63.43,63.05,63.58,62.65,64.3,64.33,64.8,65.69,66.42,66.04,66.05,66.25,67.3,67.58,66.11,65.99,65.91,66.35,66.04,68.45,69.77,70.29,71.41,71.82,71.9,72.5,72.8,73,73.2,73.4,73.5,73.5,73.5,73.6,73.6,73.6,73.4,73.3,73.6,73.9,74,74,73.9,73.9,74,74.2,74.4,74.5,74.7,74.9,75.1,75.3,75.4,75.5,75.6,75.8,76,76.1,76.1,76.1,76.1,76.2,76.3,76.5,76.6,77,77.2,77.3,77.6,77.8,78,78.2,78.3,78.4,78.7,78.8,79,79.5,79.9,80.2,80.3,80.4,80.6,80.8,81,81.1,81.4,81.6,82,82.2,82.4,82.6,82.7,83,83.1,83.1,82.5,83,83.2,83.3,83.5,83.6,83.7,83.9,84,84.1,84.3,84.39,84.49,84.59,84.79,84.89,85.09,85.19,85.29,85.39,85.49,85.59,85.79,85.89,85.99,86.09,86.19,86.29,86.49,86.59,86.69,86.79,86.89,86.99,87.09,87.18,87.28,87.38,87.58,87.68,87.78,87.88,87.98,88.08,88.18,88.28,88.38,88.48,88.58,88.68,88.78,88.88,88.98,89.08,89.18,89.38,89.48,89.58,89.68,89.78,89.88,89.97,90.07,90.17,90.27,90.37,90.47,90.57,90.67,90.77,90.97,91.07,91.17,91.27,91.37,91.47,91.57,91.67,91.77
npl,Nepal,32.8,32.8,32.8,32.8,32.8,32.8,32.8,32.8,32.8,32.8,32.8,32.8,32.8,32.8,32.8,32.8,32.8,32.8,32.8,32.8,32.8,32.8,32.8,32.8,32.8,32.8,32.8,32.8,32.8,32.8,32.8,32.8,32.8,32.8,32.8,32.8,32.8,32.8,32.8,32.8,32.8,32.8,32.8,32.8,32.8,32.8,32.8,32.8,32.8,32.8,32.8,32.89,32.99,33.08,33.17,33.27,33.36,33.45,33.55,33.64,33.73,33.83,33.92,34.01,34.11,34.2,34.29,34.39,34.48,34.57,34.67,34.76,34.85,34.95,35.04,35.13,35.23,35.32,35.42,35.51,35.6,35.7,35.79,35.88,35.98,36.07,36.16,36.26,36.35,36.44,36.54,36.63,36.72,36.82,36.91,37,37.1,37.19,37.28,37.38,37.47,37.56,37.66,37.75,37.84,37.94,38.03,38.12,38.22,38.31,38.4,38.5,38.59,38.68,38.78,38.87,38.96,39.06,25.09,39.24,39.34,39.43,39.52,39.62,39.71,39.8,39.9,39.99,40.08,40.18,40.27,40.37,40.46,40.55,40.65,40.74,40.83,40.93,41.02,41.11,41.21,41.39,41.56,41.74,41.92,42.09,42.73,43.38,44.01,44.65,45.3,45.7,46,46.3,46.5,46.7,46.8,47,47.1,47.4,47.6,47.9,48.2,48.4,48.8,49.2,49.5,49.8,50,50.3,50.4,50.6,50.6,50.7,50.7,50.7,50.7,50.9,51.1,51.4,51.8,52.2,52.9,53.5,54.2,54.9,55.6,56.3,56.8,57.5,58.1,58.5,59.3,60.1,60.9,61.6,62.3,63.1,63.8,64.5,65.2,65.9,66.1,66.9,67.4,68.1,68.7,69.3,69.8,70.1,70.6,71,71.3,71.6,71.9,71.5,72.5,72.8,73.1,73.3,72.2,70.1,73.4,73.5,73.71,74.02,74.34,74.54,74.86,75.07,75.27,75.48,75.8,76.01,76.21,76.42,76.63,76.84,77.05,77.26,77.47,77.68,77.88,78.09,78.3,78.41,78.62,78.82,79.03,79.24,79.35,79.56,79.76,79.97,80.08,80.29,80.5,80.7,80.91,81.02,81.23,81.33,81.54,81.75,81.85,82.06,82.17,82.37,82.48,82.69,82.9,83,83.21,83.31,83.52,83.63,83.73,83.94,84.15,84.25,84.36,84.57,84.67,84.88,84.98,85.19,85.3,85.51,85.61,85.82,85.92,86.03,86.24,86.34,86.55,86.65,86.76,86.97,87.07,87.18,87.39
nru,Nauru,,,,,,,,,,,,,,,,,,,,,,,,,,,,,,,,,,,,,,,,,,,,,,,,,,,,,,,,,,,,,,,,,,,,,,,,,,,,,,,,,,,,,,,,,,,,,,,,,,,,,,,,,,,,,,,,,,,,,,,,,,,,,,,,,,,,,,,,,,,,,,,,,,,,,,,48,48.3,48.5,48.8,49,49.3,49.5,49.8,50.1,50.4,50.8,51.1,51.5,51.9,52.3,52.7,53,53.4,53.7,54.1,54.4,54.7,55,55.3,55.6,55.9,56.2,56.5,56.7,56.9,57.1,57.3,57.5,57.7,57.8,57.9,58,58.1,58.1,58.1,58.1,58,57.8,57.7,57.6,57.4,57.3,57.1,57,56.9,56.8,56.7,56.7,56.6,56.6,56.6,56.7,56.7,57,57.2,57.3,57.5,57.8,58.1,58.4,58.6,58.8,58.9,59.1,59.3,58.4,56.2,58.7,59,59.19,59.29,59.48,59.67,59.76,59.95,60.05,60.14,60.33,60.43,60.62,60.71,60.81,61,61.09,61.19,61.38,61.47,61.57,61.66,61.85,61.95,62.04,62.14,62.33,62.42,62.52,62.61,62.8,62.9,62.99,63.09,63.28,63.37,63.47,63.56,63.66,63.75,63.94,64.04,64.13,64.23,64.32,64.51,64.61,64.7,64.8,64.89,64.99,65.08,65.27,65.37,65.46,65.56,65.65,65.75,65.94,66.03,66.13,66.22,66.32,66.41,66.6,66.7,66.79,66.89,67.08,67.17,67.27,67.36,67.46,67.55,67.65,67.84,67.93,68.03,68.12
nzl,New Zealand,34.05,34.05,34.05,34.05,34.05,34.05,34.05,34.05,34.05,34.05,34.05,34.05,34.05,34.05,34.05,34.05,34.05,34.05,34.05,34.05,34.05,34.05,34.05,34.05,34.05,34.05,34.05,34.05,34.05,34.05,34.05,34.05,34.05,34.05,34.05,34.05,34.05,34.05,34.05,34.05,34.05,34.05,34.05,34.05,34.05,34.05,34.05,34.05,34.05,34.05,34.05,34.05,34.05,34.05,34.05,34.05,34.05,34.05,34.05,34.05,34.05,34.06,34.06,34.06,34.06,34.06,34.06,34.06,34.06,34.06,34.06,34.51,34.95,35.4,35.85,36.29,36.74,37.18,37.64,38.09,38.53,38.98,39.43,39.87,40.32,40.76,41.21,41.66,42.1,42.55,43,43.45,43.9,44.34,44.79,45.24,45.68,46.13,46.58,47.02,47.47,47.92,48.37,48.82,49.26,49.71,50.16,50.6,51.05,51.5,51.94,52.4,52.84,53.29,53.74,54.18,54.63,55.08,47.06,55.98,56.42,56.87,57.32,57.76,58.21,58.66,59.1,59.56,60,60.45,60.9,61.34,61.79,62.24,62.69,63.14,63.58,64.03,64.48,64.92,65.37,65.83,66.27,66.72,67.16,67.61,68.06,68.52,68.97,69.09,69.4,69.4,69.7,69.8,70.4,70.6,70.7,70.7,70.9,71.1,71.2,71.2,71.3,71.3,71.4,71.4,71.3,71.4,71.4,71.5,71.6,71.7,71.8,72,72.2,72.4,72.5,72.7,73.1,73,73.4,73.7,74,74.2,74.3,74.2,74.3,74.5,74.7,75.1,75.5,75.8,76,76.3,76.6,76.7,77,77.4,77.9,78.1,78.4,78.6,78.8,79.1,79.4,79.9,80,80.2,80.4,80.6,80.9,81,81.3,81.5,81.5,81.6,81.7,81.7,81.7,81.9,82.3,82.1,81.4,81.6,81.7,81.9,82,82.2,82.3,82.49,82.59,82.79,82.89,82.99,83.19,83.29,83.39,83.59,83.69,83.79,83.89,84.08,84.18,84.28,84.38,84.58,84.68,84.78,84.88,84.98,85.18,85.28,85.38,85.48,85.58,85.68,85.77,85.97,86.07,86.17,86.27,86.37,86.47,86.57,86.67,86.87,86.97,87.07,87.17,87.27,87.36,87.46,87.56,87.66,87.76,87.86,87.96,88.06,88.16,88.26,88.36,88.46,88.56,88.66,88.76,88.86,88.95,89.05,89.25,89.35,89.45,89.55,89.65,89.75,89.85,89.95,90.05,90.15,90.25,90.35,90.45
omn,Oman,32.3,32.3,32.3,32.3,32.3,32.3,32.3,32.3,32.3,32.3,32.3,32.3,32.3,32.3,32.3,32.3,32.3,32.3,32.3,32.3,32.3,32.3,32.3,32.3,32.3,32.3,32.3,32.3,32.3,32.3,32.3,32.3,32.3,32.3,32.3,32.3,32.3,32.3,32.3,32.3,32.3,32.3,32.3,32.3,32.3,32.3,32.3,32.3,32.3,32.3,32.3,32.36,32.43,32.49,32.56,32.62,32.69,32.75,32.82,32.88,32.95,33.01,33.07,33.14,33.2,33.27,33.33,33.4,33.46,33.53,33.59,33.66,33.72,33.78,33.85,33.91,33.98,34.04,34.11,34.17,34.24,34.3,34.37,34.43,34.5,34.56,34.62,34.69,34.75,34.82,34.88,34.95,35.01,35.08,35.14,35.21,35.27,35.33,35.4,35.46,35.53,35.59,35.66,35.72,35.79,35.85,35.92,35.98,36.04,36.11,36.17,36.24,36.3,36.37,36.43,36.5,36.56,36.63,30.42,36.75,36.82,36.88,36.95,37.01,37.08,37.14,37.21,37.27,37.34,37.4,37.47,37.53,37.59,37.66,37.72,37.79,37.85,37.92,37.98,38.05,38.11,38.29,38.48,38.66,38.83,39.02,39.65,40.29,40.94,41.57,42.2,42.7,43.8,44.2,44.6,45.4,46,46.5,47.3,47.9,48.6,49.3,50,50.7,51.3,52,52.6,53.4,54.5,55.5,56.4,57.1,57.3,57.9,58.6,59.2,60.3,60.7,61.5,62.1,62.8,63.4,64.2,65,65.8,66.5,67.1,67.6,68,68.4,68.7,69.3,69.7,70.1,70.6,71,71.5,71.9,72.2,72.6,72.9,73.2,73.3,73.6,73.8,73.8,73.7,73.7,73.9,73.9,73.9,74,74.2,74.5,74.6,74.7,74.9,75.1,75.6,75.9,73.5,72.6,76.3,77,77.19,77.48,77.67,77.87,78.06,78.16,78.35,78.54,78.73,78.93,79.12,79.31,79.5,79.7,79.89,79.98,80.18,80.37,80.47,80.66,80.85,80.95,81.14,81.24,81.43,81.52,81.72,81.81,82.01,82.1,82.2,82.29,82.49,82.58,82.68,82.87,82.97,83.06,83.16,83.35,83.45,83.55,83.64,83.74,83.83,83.93,84.12,84.22,84.32,84.41,84.51,84.6,84.7,84.8,84.89,84.99,85.09,85.18,85.28,85.37,85.47,85.57,85.66,85.76,85.86,85.95,86.05,86.14,86.24,86.34,86.43,86.53,86.63,86.72,86.82,86.91,87.01
pak,Pakistan,25.8,25.8,25.8,25.8,25.8,25.8,25.8,25.8,25.8,25.8,25.8,25.8,23.3,25.8,25.8,25.8,25.8,25.8,25.8,25.8,25.8,25.8,25.8,25.8,25.8,25.8,25.8,25.8,25.8,25.8,25.8,25.8,25.8,25.8,25.8,25.8,25.8,25.8,25.8,25.8,25.8,25.8,25.8,25.8,25.8,25.8,25.8,25.8,25.8,25.8,25.8,25.86,25.92,25.99,26.05,26.11,26.17,26.23,26.29,26.36,26.42,26.48,26.54,26.6,26.66,26.73,26.79,26.85,26.91,26.97,27.03,27.1,27.16,27.22,27.28,27.34,27.41,27.61,27.81,28.01,28.21,28.41,28.62,28.82,29.02,29.23,29.43,29.07,28.71,28.35,27.98,27.62,25.93,26.88,26.5,26.13,25.75,25.59,25.42,25.25,23.58,24.91,24.74,24.56,22.9,22.73,22.57,20.19,24.85,25.25,25.66,26.07,26.48,26.89,27.31,27.72,28.14,28.56,9.55,29.4,29.82,30.24,30.67,31.09,31.52,31.95,32.38,32.88,33.37,33.86,34.36,34.86,35.36,35.86,36.37,36.87,37.38,37.89,38.4,38.91,39.43,39.97,40.51,41.05,41.6,42.15,42.7,13.37,39.08,44.34,44.9,45.4,45.8,46.1,46.5,46.9,47.3,47.7,48.1,48.6,49,49.5,50.1,50.7,51.3,51.6,52.6,53.2,53.8,54.4,55,50.8,55.9,56.3,56.6,57,57.4,57.7,58.1,58.4,58.8,59.2,59.6,60.1,60.5,61,61.3,61.6,61.8,62,62.1,62.2,62.4,62.5,62.7,62.8,63.2,63.4,63.7,64,64.3,64.5,64.8,65,65.2,64,65.7,65.9,66.1,66.3,66.5,66.9,67.1,67.2,67.5,67.8,68.2,68.5,68.9,69.2,66.8,66.4,69.6,70,70.21,70.31,70.52,70.62,70.72,70.93,71.04,71.24,71.35,71.45,71.66,71.76,71.86,72.07,72.17,72.28,72.49,72.59,72.69,72.9,73,73.11,73.31,73.42,73.52,73.62,73.83,73.93,74.04,74.25,74.35,74.45,74.56,74.76,74.87,74.97,75.18,75.28,75.38,75.59,75.7,75.8,76.01,76.11,76.32,76.42,76.52,76.73,76.83,76.94,77.14,77.25,77.46,77.56,77.66,77.87,77.97,78.18,78.28,78.39,78.59,78.7,78.91,79.01,79.11,79.32,79.42,79.63,79.73,79.94,80.04,80.15,80.36,80.46,80.67,80.77,80.98
pan,Panama,32.9,32.9,32.9,32.9,32.9,32.9,32.9,32.9,32.9,32.9,32.9,32.9,32.9,32.9,32.9,32.9,32.9,32.9,32.9,32.9,32.9,32.9,32.9,32.9,32.9,32.9,32.9,32.9,32.9,32.9,32.9,32.9,32.9,32.9,32.9,32.9,32.9,32.9,32.9,32.9,32.9,32.9,32.9,32.9,32.9,32.9,32.9,32.9,32.9,32.9,32.9,32.95,32.99,33.04,33.08,33.13,33.17,33.22,33.27,33.31,33.36,33.4,33.45,33.49,33.54,33.59,33.63,33.68,33.72,33.77,33.81,33.86,33.9,33.95,34,34.04,34.09,34.13,34.18,34.22,34.27,34.32,34.36,34.41,34.45,34.5,34.54,34.59,34.64,34.68,34.73,34.77,34.82,34.86,34.91,34.96,35,35.05,35.09,35.14,35.18,35.23,35.28,35.32,35.37,35.41,35.46,35.5,35.55,35.59,35.64,35.69,35.73,35.78,35.82,35.87,36.13,36.4,32.22,36.93,37.19,37.46,37.73,38,38.26,38.53,38.8,39.07,39.34,39.62,39.89,40.66,41.44,42.21,42.99,43.77,44.55,45.34,46.12,46.91,47.7,49.3,50.92,52.52,54.13,55.75,57.38,59,60.62,62.26,63.9,63.6,63.1,62.8,62.9,63.2,63.6,64.2,64.9,65.5,65.9,66.1,66.4,66.9,67.6,67.9,67.7,67.7,67.6,67.7,68,68.6,69.4,70.1,70.9,71.7,72.4,73,73.5,74,74.4,74.7,74.9,75.1,75.2,75.3,75.5,75.7,75.7,74.8,76.1,76.2,76.2,76.2,76.3,76.4,76.5,76.5,76.9,77.2,77.5,77.6,77.7,77.8,77.8,77.8,77.9,78.1,78.2,78.2,78.1,78.2,78.3,78.3,78.4,78.6,78.7,78.8,78.9,78.9,76.7,77.1,78.6,79.2,79.4,79.6,79.7,79.9,80.1,80.29,80.49,80.69,80.79,80.99,81.19,81.39,81.49,81.69,81.89,81.99,82.18,82.28,82.48,82.68,82.78,82.98,83.08,83.28,83.38,83.48,83.68,83.78,83.98,84.08,84.17,84.37,84.47,84.57,84.77,84.87,84.97,85.17,85.27,85.37,85.47,85.67,85.77,85.87,85.97,86.07,86.26,86.36,86.46,86.56,86.76,86.86,86.96,87.06,87.16,87.26,87.46,87.56,87.66,87.76,87.86,87.96,88.15,88.25,88.35,88.45,88.55,88.65,88.75,88.85,89.05,89.15,89.25,89.35,89.45,89.55,89.65
per,Peru,35.7,35.7,35.7,35.7,35.7,35.7,35.7,35.7,35.7,35.7,35.7,35.7,35.7,35.7,35.7,35.7,35.7,35.7,35.7,35.7,35.7,35.7,35.7,35.7,35.7,35.7,35.7,35.7,35.7,35.7,35.7,35.7,35.7,35.7,35.7,35.7,35.7,35.7,35.7,35.7,35.7,35.7,35.7,35.7,35.7,35.7,35.7,35.7,35.7,35.7,35.7,35.69,35.69,35.68,35.68,35.67,35.67,35.66,35.66,35.65,35.65,35.64,35.64,35.63,35.63,35.62,35.62,35.61,35.61,35.6,35.6,35.59,35.59,35.58,35.57,35.57,35.56,35.56,35.55,35.55,35.54,35.54,35.53,35.53,35.52,35.52,35.51,35.51,35.5,35.5,35.49,35.49,35.48,35.48,35.47,35.46,35.46,35.45,35.45,35.44,35.44,35.43,35.43,35.42,35.42,35.41,35.41,35.4,35.4,35.39,35.39,35.38,35.38,35.37,35.37,35.36,35.36,35.35,31.25,35.34,35.33,35.33,35.32,35.32,35.31,35.31,35.3,35.3,35.29,35.29,35.28,35.28,35.27,35.27,35.26,35.26,35.25,35.25,35.24,35.24,35.23,36.01,36.81,37.59,38.38,39.18,39.96,40.74,41.54,42.32,43.1,44.3,45.7,47,47.8,47.8,47.4,46.9,47,47.6,48.6,50,51.4,53.9,56,57.1,57.5,57.9,58.2,58.4,50,60.4,61.4,62,63.4,65.3,66.9,67.4,67.1,66.5,66.2,66.7,67.1,67,67,67.6,68.5,69.7,70.8,71.8,72.9,71.8,73,72.9,72.9,72.9,73.3,73.9,74.5,75.5,76.3,77,77.3,77.3,77.5,78,78.6,78.8,79,78.8,79,79.5,79.9,80.4,80.8,81.1,80.9,80.2,79.7,79.6,72.4,71,78,77.1,77.3,77.5,77.7,77.89,78.09,78.29,78.39,78.59,78.79,78.99,79.08,79.28,79.48,79.58,79.78,79.98,80.08,80.28,80.47,80.57,80.77,80.87,81.07,81.27,81.37,81.57,81.66,81.86,81.96,82.16,82.26,82.46,82.56,82.76,82.86,82.95,83.15,83.25,83.35,83.55,83.65,83.75,83.95,84.05,84.15,84.34,84.44,84.54,84.64,84.74,84.94,85.04,85.14,85.24,85.34,85.44,85.63,85.73,85.83,85.93,86.03,86.13,86.23,86.33,86.43,86.53,86.63,86.73,86.82,86.92,87.02,87.12,87.22,87.32,87.42,87.52,87.72
phl,Philippines,30.9,30.9,30.9,30.9,30.9,30.9,30.9,30.9,30.9,30.9,30.9,30.9,30.9,30.9,30.9,30.9,30.9,30.9,30.9,30.9,30.9,30.9,30.9,30.9,30.9,30.9,30.9,30.9,30.9,30.9,30.9,30.9,30.9,30.9,30.9,30.9,30.9,30.9,30.9,30.9,30.9,30.9,30.9,30.9,30.9,30.9,30.9,30.9,30.9,30.9,30.9,30.9,30.91,30.91,30.92,30.92,30.92,30.93,30.93,30.93,30.94,30.94,30.95,30.95,30.95,30.96,30.96,30.96,30.97,30.97,30.98,30.98,30.98,30.99,30.99,31,31,31,31.01,31.01,31.01,31.02,31.02,31.03,31.03,31.03,31.04,31.04,31.04,31.05,31.05,31.06,31.06,31.06,31.07,31.07,31.08,31.08,31.08,31.09,31.09,31.09,12.78,20.13,31.11,31.11,31.11,31.12,31.12,31.12,31.13,31.13,31.14,31.14,31.14,31.15,31.15,31.15,25.81,31.16,31.17,31.17,31.17,31.18,31.18,31.19,31.9,32.61,33.32,34.03,34.74,35.45,36.16,36.87,37.58,38.3,39.01,39.72,40.43,41.68,42.93,41.51,35.3,37.67,33.07,30.49,41.78,45.29,48.83,52.36,55.9,55.1,55.3,55.9,56.5,57.4,58.5,59.9,61.5,62.4,62.2,62.4,62.8,63.2,63.3,63.2,63.3,63.4,63.4,63.7,63.8,64.1,63.4,63.5,63.9,64.4,63.9,64.3,65,65.7,66.2,66.4,66.3,66.1,66.2,66.3,66.5,66.6,67.4,68.2,68.8,69.2,69.6,69.7,69.9,70,70,70.2,70.3,70.6,70.5,70.3,70.3,70.6,70.7,70.6,70.6,70.9,70.8,70.7,70.8,70.9,70.9,70.6,71,70.9,70.7,71,71.3,71.6,71.7,67.8,70.8,72.1,72.2,72.41,72.51,72.62,72.72,72.93,73.03,73.13,73.24,73.44,73.55,73.65,73.75,73.96,74.06,74.17,74.27,74.48,74.58,74.68,74.79,74.99,75.1,75.2,75.41,75.51,75.61,75.82,75.92,76.03,76.23,76.34,76.44,76.64,76.75,76.85,77.06,77.16,77.37,77.47,77.57,77.78,77.88,77.99,78.19,78.3,78.5,78.61,78.81,78.92,79.12,79.23,79.33,79.54,79.64,79.85,79.95,80.16,80.26,80.47,80.57,80.67,80.88,80.98,81.19,81.4,81.5,81.6,81.81,81.91,82.12,82.22,82.43,82.53,82.74,82.84,83.05
plw,Palau,,,,,,,,,,,,,,,,,,,,,,,,,,,,,,,,,,,,,,,,,,,,,,,,,,,,,,,,,,,,,,,,,,,,,,,,,,,,,,,,,,,,,,,,,,,,,,,,,,,,,,,,,,,,,,,,,,,,,,,,,,,,,,,,,,,,,,,,,,,,,,,,,,,,,,,48.5,49.1,49.7,50.3,50.9,51.6,52.2,52.8,53.4,54.1,54.7,55.3,55.8,56.4,56.9,57.5,58,58.5,59,59.5,60,60.4,60.8,61.1,61.5,61.8,62.1,62.4,62.8,63.1,63.4,63.7,64.1,64.4,64.8,65.1,65.4,65.7,65.9,66.1,66.3,66.5,66.6,66.7,66.8,66.8,66.8,67,67,67.1,67.1,67.2,67.3,67.4,67.5,67.6,67.7,67.9,68.1,68.1,68.2,68.3,68.3,68.4,68.4,68.4,68.6,68.8,68.9,69,68.3,66.7,68.5,68.9,69,69.1,69.2,69.3,69.4,69.5,69.6,69.79,69.89,69.99,70.09,70.19,70.29,70.39,70.49,70.59,70.69,70.89,70.99,71.09,71.19,71.29,71.39,71.48,71.68,71.78,71.88,71.98,72.08,72.28,72.38,72.48,72.58,72.68,72.88,72.98,73.08,73.18,73.37,73.47,73.57,73.77,73.87,73.97,74.17,74.27,74.37,74.57,74.67,74.77,74.96,75.06,75.16,75.36,75.46,75.56,75.76,75.86,75.96,76.16,76.26,76.36,76.56,76.65,76.75,76.85,77.05,77.15,77.25,77.45,77.55,77.65,77.75,77.95,78.05,78.15,78.25
png,Papua New Guinea,31.5,31.5,31.5,31.5,31.5,31.5,31.5,31.5,31.5,31.5,31.5,31.5,31.5,31.5,31.5,31.5,31.5,31.5,31.5,31.5,31.5,31.5,31.5,31.5,31.5,31.5,31.5,31.5,31.5,31.5,31.5,31.5,31.5,31.5,31.5,31.5,31.5,31.5,31.5,31.5,31.5,31.5,31.5,31.5,31.5,31.5,31.5,31.5,31.5,31.5,31.5,31.6,31.71,31.81,31.92,32.02,32.12,32.23,32.33,32.43,32.54,32.64,32.75,32.85,32.95,33.06,33.16,33.26,33.37,33.47,33.58,33.68,33.78,33.89,33.99,34.1,34.2,34.3,34.41,34.51,34.61,34.72,34.82,34.93,35.03,35.13,35.24,35.34,35.45,35.55,35.65,35.76,35.86,35.96,36.07,36.17,36.28,36.38,36.48,36.59,36.69,36.79,36.9,37,37.11,37.21,37.31,37.42,37.52,37.63,37.73,37.83,37.94,38.04,38.14,38.25,38.35,38.46,38.56,38.66,38.77,38.87,38.97,39.08,39.18,39.29,39.39,39.49,39.6,39.7,39.81,39.91,40.01,40.12,40.22,40.32,40.43,40.53,40.64,40.74,40.84,40.96,40.43,39.23,38.02,36.82,41.53,42.38,43.21,44.06,44.9,42.8,45.6,46,46.3,46.7,47.1,47.5,47.9,48.4,48.9,49.4,49.9,50.4,50.9,51.5,52.1,52.7,53.3,53.9,54.5,55.1,55.7,56.2,56.7,57.2,57.7,58.1,58.5,58.8,59.2,59.5,59.8,60.1,60.5,60.8,61.1,61.3,61.5,61.8,62,61.9,62.2,62.4,62.6,62.8,63,63.2,62.4,63.3,63.4,63.5,63.4,63.6,63.7,63.8,64,64,64.3,64.4,64.4,64.5,64.6,65.1,65.3,65.4,65.8,66,66.2,66.3,66.5,65.9,66.2,66.3,66.5,66.6,66.7,66.8,67,67.1,67.2,67.3,67.5,67.6,67.7,67.8,67.9,68.01,68.11,68.31,68.41,68.51,68.61,68.71,68.81,68.91,69.01,69.11,69.21,69.31,69.41,69.51,69.61,69.71,69.81,69.91,70.01,70.11,70.31,70.41,70.51,70.61,70.71,70.81,70.91,71.01,71.11,71.21,71.32,71.42,71.52,71.62,71.72,71.92,72.02,72.12,72.22,72.32,72.42,72.52,72.62,72.72,72.82,72.92,73.12,73.22,73.32,73.42,73.52,73.72,73.82,73.92,74.02,74.12,74.22,74.42,74.52,74.63,74.73,74.83,75.03
pol,Poland,35.9,35.9,35.9,35.9,35.9,35.9,35.9,35.9,35.9,35.9,35.9,35.9,35.9,35.9,35.9,35.9,35.9,35.9,35.9,35.9,35.9,35.9,35.9,35.9,35.9,35.9,35.9,35.9,35.9,35.9,35.9,35.9,35.9,35.9,35.9,35.9,35.9,35.9,35.9,35.9,35.9,35.9,35.9,35.9,35.9,35.9,35.9,35.9,35.9,35.9,35.9,35.9,35.91,35.91,35.92,35.92,35.93,35.93,35.94,35.94,35.94,35.95,35.95,35.96,35.96,35.97,35.97,35.97,35.98,35.98,35.99,35.99,36,36,36.01,36.01,36.01,36.02,36.02,36.03,36.03,36.04,36.04,36.04,36.05,36.05,36.36,36.66,36.98,37.29,37.59,37.9,38.21,38.52,38.83,39.13,39.44,39.76,40.06,40.37,40.68,40.98,41.3,41.61,41.91,42.22,42.54,42.85,43.15,43.46,43.77,44.09,44.39,44.7,45.01,45.33,45.63,45.94,38.96,46.56,46.88,47.18,47.49,47.8,48.11,48.43,48.74,49.05,49.35,49.67,49.98,50.29,50.79,51.28,51.78,52.29,52.78,53.28,53.78,45.49,45.19,41.56,33.78,23.88,15.59,34.72,47.57,54.66,57.7,58.73,59.8,60,61.1,62.4,63.2,64,64.6,64.9,65.8,66.5,67.5,68,68.3,68.8,69.2,69.7,70.1,70.2,70.4,70.3,70.3,70.5,71.1,71.4,71.5,71.3,71.1,71.1,71,71,70.9,71.4,71.6,71.4,71.2,71,71.1,71.3,71.5,71.4,71.2,71,71.4,71.7,72.1,72.3,72.5,72.8,73.1,73.3,73.9,74.3,74.7,74.9,75.1,75.3,75.4,75.5,75.7,76,76.4,76.8,76.9,77.2,77.6,77.6,77.9,77.9,77.8,78,76.7,75.7,77.5,78.6,78.8,79,79.2,79.3,79.5,79.7,79.8,80,80.2,80.4,80.5,80.7,80.9,81,81.2,81.3,81.5,81.7,81.8,82,82.1,82.3,82.4,82.6,82.7,82.9,83,83.2,83.3,83.4,83.6,83.7,83.8,84,84.1,84.2,84.4,84.5,84.6,84.7,84.9,85,85.1,85.2,85.3,85.5,85.6,85.7,85.8,86,86.1,86.2,86.3,86.5,86.6,86.7,86.8,86.9,87,87.2,87.3,87.4,87.5,87.6,87.7,87.8,87.9,88,88.1,88.2,88.4,88.5,88.6,88.7,88.8,88.9,89
prk,North Korea,26,26,26,26,26,26,26,26,26,26,26,26,26,26,26,26,26,26,26,26,26,26,26,26,26,26,26,26,26,26,26,26,26,26,26,26,26,26,26,26,26,26,26,26,26,26,26,26,26,26,26,25.94,25.88,25.81,25.75,25.69,25.63,25.56,25.5,25.44,25.38,25.31,25.25,25.19,25.13,25.06,25,24.94,24.88,24.81,24.75,24.69,24.63,24.56,24.5,24.44,24.38,24.31,24.25,24.19,24.13,24.06,24,23.94,23.88,23.81,23.75,23.69,23.63,23.56,23.5,23.44,23.38,23.31,23.25,23.19,23.13,23.06,23,22.94,22.88,22.81,22.75,22.69,22.19,21.7,21.2,20.72,20.23,20.43,20.63,20.82,21.01,21.2,21.56,21.92,22.28,22.64,14.25,22.93,23.29,23.65,24,24.35,24.95,25.55,26.14,26.72,27.31,27.84,28.37,28.89,29.41,29.93,30.67,31.4,32.13,32.85,33.57,33.92,34.28,34.61,34.94,33.35,32.45,32.72,34.53,35.94,36.26,36.48,27.2,33.4,51.6,57.2,59,59.5,59.9,60.3,60.7,61.1,61.5,61.9,62.3,62.7,63.1,63.5,63.8,64.2,64.5,64.8,65.2,65.5,65.9,66.3,66.7,67.2,67.6,67.9,68.3,68.6,69,69.3,69.6,70,70.2,70.5,70.8,71,71.2,71.4,71.5,71.5,71.5,71.5,71.5,65.3,65.2,65.2,65.1,69,69.1,69.1,69.2,71.9,71.9,72,72.2,72.2,72.5,72.6,72.7,72.8,72.9,72.9,73.1,73.2,73.3,73.4,73.5,73.6,73.6,73.8,73.7,73.7,73.8,74,74.1,74.2,74.3,74.4,74.6,74.7,74.8,74.9,75.1,75.2,75.3,75.4,75.6,75.7,75.8,76,76.1,76.2,76.4,76.5,76.6,76.8,76.9,77,77.2,77.3,77.41,77.61,77.71,77.81,78.01,78.11,78.21,78.41,78.51,78.71,78.81,78.91,79.11,79.21,79.31,79.51,79.61,79.81,79.91,80.01,80.21,80.31,80.41,80.61,80.71,80.91,81.01,81.11,81.31,81.41,81.51,81.71,81.81,81.91,82.11,82.21,82.41,82.51,82.61,82.71,82.91,83.01,83.11,83.21,83.41,83.51,83.61,83.81,83.91
prt,Portugal,35.6,35.6,35.6,35.6,35.6,35.6,35.6,35.6,35.6,35.6,35.6,35.6,35.6,35.6,35.6,35.6,35.6,35.6,35.6,35.6,35.6,35.6,35.6,35.6,35.6,35.6,35.6,35.6,35.6,35.6,35.6,35.6,35.6,35.6,35.6,35.6,35.6,35.6,35.6,35.6,35.6,35.6,35.6,35.6,35.6,35.6,35.6,35.6,35.6,35.6,35.6,35.6,35.61,35.61,35.62,35.62,35.63,35.63,35.64,35.64,35.65,35.65,35.66,35.66,35.67,35.67,35.68,35.68,35.69,35.69,35.69,35.7,35.7,35.71,35.71,35.72,35.72,35.73,35.73,35.74,35.74,35.75,35.75,35.76,35.76,35.77,35.77,35.78,35.78,35.79,35.79,35.79,35.8,35.8,35.81,35.81,35.82,35.82,35.83,35.83,35.84,35.84,35.85,35.85,35.86,35.86,35.87,35.87,35.88,35.88,35.88,35.89,35.89,35.9,35.9,35.91,35.91,35.92,20.57,35.93,35.93,35.94,35.94,35.95,35.95,35.96,37.03,38.1,39.17,40.24,41.32,42.38,43.46,44.53,45.6,46.67,47.75,48.82,49.9,50.97,52.05,48.53,50.48,51.68,53.08,54.49,54.37,56.74,57.49,56.1,59.3,59.6,60.6,61.6,62.2,62,61.7,62.4,63.6,63.9,64.1,64.1,64.5,64.9,65.3,65.7,65.7,66.1,66.6,66.7,67.4,67.8,68.6,68.9,69,69.1,69.3,70.1,70.9,71.5,71.6,72,72.5,72.6,72.9,73.2,73.5,73.9,74.1,74.3,74.2,74.2,74.6,74.8,75.4,75.5,75.5,75.9,76.1,76.4,76.8,77.2,77.4,77.7,78.4,78.8,79.1,79.3,79.6,79.8,80.1,80.5,80.6,80.9,81.3,81.4,81.5,81.7,81.8,82,81.4,81.4,81.3,82,82.2,82.3,82.5,82.7,82.8,83,83.09,83.29,83.39,83.59,83.69,83.79,83.99,84.09,84.19,84.39,84.49,84.69,84.79,84.89,84.99,85.18,85.28,85.38,85.48,85.68,85.78,85.88,85.98,86.08,86.28,86.38,86.48,86.58,86.68,86.78,86.98,87.08,87.17,87.27,87.37,87.47,87.67,87.77,87.87,87.97,88.07,88.17,88.27,88.47,88.57,88.67,88.77,88.87,88.97,89.07,89.26,89.36,89.46,89.56,89.66,89.76,89.86,89.96,90.06,90.16,90.36,90.46,90.56,90.66,90.76,90.86,90.96,91.06,91.25,91.35,91.45
pry,Paraguay,35.5,35.5,35.5,35.5,35.5,35.5,35.5,35.5,35.5,35.5,35.5,35.5,35.5,35.5,35.5,35.5,35.5,35.5,35.5,35.5,35.5,35.5,35.5,35.5,35.5,35.5,35.5,35.5,35.5,35.5,35.5,35.5,35.5,35.5,35.5,35.5,35.5,35.5,35.5,35.5,35.5,35.5,35.5,35.5,35.5,35.5,35.5,35.5,35.5,35.5,35.5,35.5,35.5,35.5,35.5,35.5,35.5,35.5,35.5,35.5,35.5,35.5,35.5,35.5,35.5,35.5,35.5,35.5,35.5,35.5,35.5,35.5,35.5,35.5,35.5,35.5,35.5,35.5,35.5,35.5,35.5,35.49,35.49,35.49,35.49,35.49,35.49,35.49,35.49,35.49,35.49,35.49,35.49,35.49,35.49,35.49,35.49,35.49,35.49,35.49,35.49,35.49,35.49,35.49,35.49,35.49,35.49,35.49,35.49,35.49,35.49,35.49,35.49,35.49,35.49,35.49,35.49,35.49,31.37,35.49,35.49,35.49,35.49,35.49,35.49,35.49,35.49,35.49,35.49,35.49,35.49,35.49,35.49,37,38.5,40.01,41.52,43.03,44.54,46.05,47.56,49.19,50.83,52.46,54.1,55.74,57.36,59,60.63,62.26,63.9,64.5,65.2,65.8,66.2,66.3,66.4,66.4,66.5,66.6,66.8,67.1,67.3,67.6,67.7,67.6,67.5,67.4,67.3,67.4,67.5,67.6,67.8,68.1,68.4,68.7,69.1,69.5,70,70.4,70.9,71.5,71.9,72.2,72.6,73.2,73.7,74.2,74.5,74.6,75,75.2,75.1,74.9,74.6,74.5,74.4,74.5,74.5,74.6,74.6,74.8,74.7,74.6,74.1,74.2,74.1,74.1,74.1,73.9,73.8,73.9,74,73.9,74,73.8,73.6,73.7,73.7,73.5,72.4,67.3,72.4,73,73.2,73.3,73.4,73.59,73.69,73.79,73.99,74.09,74.19,74.38,74.48,74.58,74.78,74.88,75.08,75.18,75.28,75.47,75.57,75.77,75.87,75.97,76.17,76.26,76.36,76.56,76.66,76.86,76.96,77.15,77.25,77.45,77.55,77.65,77.85,77.95,78.14,78.24,78.44,78.54,78.64,78.84,78.93,79.13,79.23,79.43,79.53,79.63,79.83,79.92,80.02,80.22,80.32,80.42,80.62,80.72,80.81,80.91,81.11,81.21,81.31,81.51,81.61,81.7,81.8,82,82.1,82.2,82.4,82.5,82.59,82.69,82.89,82.99,83.09,83.19,83.29
pse,Palestine,32.1,32.1,32.1,32.1,32.1,32.1,32.1,32.1,32.1,32.1,32.1,32.1,32.1,32.1,32.1,32.1,32.1,32.1,32.1,32.1,32.1,32.1,32.1,32.1,32.1,32.1,32.1,32.1,32.1,32.1,32.1,32.1,32.1,32.1,32.1,32.1,32.1,32.1,32.1,32.1,32.1,32.1,32.1,32.1,32.1,32.1,32.1,32.1,32.1,32.1,32.1,32.13,32.16,32.19,32.22,32.25,32.28,32.31,32.34,32.37,32.4,32.43,32.46,32.5,32.53,32.56,32.59,32.62,32.65,32.68,32.71,32.74,32.77,32.8,32.83,32.86,32.89,32.92,32.95,32.98,33.01,33.04,33.07,33.1,33.13,33.16,33.19,33.23,33.26,33.29,33.32,33.35,33.38,33.41,33.44,33.47,33.5,33.53,33.56,33.59,33.62,33.65,33.68,33.71,33.74,33.77,33.8,33.83,33.86,33.89,33.92,33.96,33.99,34.02,34.05,34.08,34.11,34.14,28.32,34.2,34.23,34.26,34.29,34.32,34.35,34.38,34.41,34.44,34.47,34.5,34.53,34.56,34.59,34.62,34.65,34.69,35.72,36.77,37.81,38.86,39.91,41.04,42.17,43.31,44.44,45.58,46.73,47.87,49.01,50.16,51.3,51.8,52.2,52.8,53.4,54,47.6,55,55.6,56.3,56.9,57.5,58,58.7,59.3,59.9,60.5,33.4,57.8,58.4,59,63.2,63.8,36.8,64.9,65.4,65.9,66.4,66.9,67.4,67.8,68.2,43.6,68.9,69.2,69.5,69.7,70,70.1,70.6,70.8,71,71.1,71.3,71.5,71.7,71.9,72.1,72.4,72.6,72.7,72.7,72.7,73,73,73.4,73.3,73.5,73.6,73.8,74.4,74.7,75,75.6,74.4,75.9,76.2,76.4,76.6,76.8,76,74.6,76.6,65.9,69.94,73.88,78.23,78.43,78.53,78.74,78.94,79.14,79.24,79.44,79.54,79.75,79.95,80.05,80.25,80.45,80.56,80.76,80.86,81.06,81.16,81.36,81.57,81.67,81.87,81.97,82.17,82.27,82.48,82.58,82.78,82.88,83.08,83.18,83.28,83.49,83.59,83.79,83.89,83.99,84.19,84.3,84.5,84.6,84.7,84.8,85,85.1,85.21,85.31,85.51,85.61,85.71,85.91,86.01,86.11,86.22,86.32,86.42,86.62,86.72,86.82,86.92,87.02,87.13,87.33,87.43,87.53,87.63,87.73,87.83,87.93,88.04,88.14,88.24,88.34,88.44
qat,Qatar,30.8,30.8,30.8,30.8,30.8,30.8,30.8,30.8,30.8,30.8,30.8,30.8,30.8,30.8,30.8,30.8,30.8,30.8,30.8,30.8,30.8,30.8,30.8,30.8,30.8,30.8,30.8,30.8,30.8,30.8,30.8,30.8,30.8,30.8,30.8,30.8,30.8,30.8,30.8,30.8,30.8,30.8,30.8,30.8,30.8,30.8,30.8,30.8,30.8,30.8,30.8,30.77,30.74,30.71,30.68,30.65,30.62,30.59,30.56,30.53,30.5,30.47,30.44,30.41,30.38,30.35,30.32,30.29,30.26,30.23,30.2,30.17,30.14,30.12,30.09,30.06,30.03,30,29.97,29.94,29.91,29.88,29.85,29.82,29.79,29.76,29.73,29.7,29.67,29.64,29.61,29.58,29.55,29.52,29.49,29.46,29.43,29.4,29.37,29.34,29.31,29.28,29.25,29.22,29.19,29.16,29.13,29.1,29.07,29.04,29.01,28.98,28.95,28.92,28.89,28.86,28.83,28.8,23.85,28.75,28.72,28.69,28.66,28.63,28.6,28.57,28.54,28.51,28.48,28.45,28.42,28.39,28.36,28.33,28.3,28.27,28.24,28.21,28.18,28.15,28.12,30.16,32.19,34.22,36.24,38.26,40.27,42.28,44.28,46.3,48.3,49.1,49.9,50.8,51.8,52.6,53.5,54.3,55.2,56.1,56.9,57.8,58.6,59.5,60.3,61,61.8,62.5,63.2,63.9,64.5,65.1,65.6,66.1,66.5,66.9,67.3,67.6,67.8,68.1,68.4,68.7,69,69.4,69.8,70.2,70.6,70.9,71.2,71.5,71.7,71.9,72,72.1,72.5,72.9,72.9,72.9,73.1,73.3,73.6,73.8,73.9,74.2,74.5,74.8,75.1,75.5,76.1,76.6,77.4,78.2,78.9,79.7,80.2,80.8,81.3,81.5,81.7,81.8,80.5,80.7,81.3,81.4,81.5,81.7,81.8,81.99,82.09,82.29,82.39,82.59,82.68,82.88,82.98,83.18,83.28,83.38,83.57,83.67,83.77,83.97,84.07,84.17,84.26,84.36,84.46,84.66,84.76,84.76,84.86,84.96,85.06,85.15,85.25,85.35,85.45,85.55,85.65,85.75,85.85,85.94,86.04,86.14,86.14,86.24,86.34,86.44,86.54,86.54,86.64,86.73,86.83,86.93,87.03,87.23,87.33,87.43,87.52,87.62,87.72,87.82,87.92,88.02,88.12,88.22,88.32,88.41,88.61,88.71,88.81,88.91,89.01,89.11,89.2,89.3,89.4,89.5,89.6,89.7,89.8
rou,Romania,35.7,35.7,35.7,35.7,35.7,35.7,35.7,35.7,35.7,35.7,35.7,35.7,35.7,35.7,35.7,35.7,35.7,35.7,35.7,35.7,35.7,35.7,35.7,35.7,35.7,35.7,35.7,35.7,35.7,35.7,35.7,35.7,35.7,35.7,35.7,35.7,35.7,35.7,35.7,35.7,35.7,35.7,35.7,35.7,35.7,35.7,35.7,35.7,35.7,35.7,35.7,35.7,35.7,35.7,35.7,35.7,35.7,35.7,35.7,35.71,35.71,35.71,35.71,35.71,35.71,35.71,35.71,35.71,35.71,35.71,35.71,35.71,35.71,35.71,35.71,35.71,35.72,35.72,35.72,35.72,35.72,35.72,35.72,35.72,35.72,35.72,35.72,35.72,35.72,35.72,35.72,35.72,35.72,35.73,35.73,35.73,35.73,35.73,35.73,35.73,35.73,35.73,35.73,35.73,35.73,35.73,35.73,35.73,35.73,35.73,35.74,35.74,35.74,35.74,35.74,35.74,35.74,35.74,26.48,35.74,35.74,36.27,36.79,37.32,37.85,38.38,38.91,39.43,39.96,40.48,41.01,41.53,42.07,43.13,44.19,45.25,46.31,47.39,48.45,49.51,50.57,45.48,44.79,42.49,41.3,45.52,54.14,58.09,59.16,60.23,61.3,61.8,62.3,62.6,62.8,63.1,63.4,63.9,64.5,64.8,65.7,66.2,66.4,67.1,67.8,67.9,67.6,67,67.2,67.6,68.1,68.7,69.1,69.2,69.7,69.8,69.8,69.6,69.8,69.6,69.4,69.7,70,70,69.9,69.7,69.6,69.4,69.5,69.7,70.1,69.9,69.7,69.6,69.6,69.3,69.1,69.4,70,70.6,71.1,71.2,71.2,71.5,72.1,72.4,72.8,73.2,73.4,73.6,73.9,74.4,74.8,75.1,75.2,75.2,75.3,75.4,75.4,75.7,74.3,73,75.3,76.3,76.5,76.6,76.8,76.9,77.1,77.31,77.41,77.61,77.71,77.91,78.01,78.21,78.31,78.51,78.61,78.81,78.91,79.11,79.32,79.42,79.62,79.72,79.92,80.02,80.22,80.32,80.52,80.62,80.82,81.02,81.13,81.33,81.43,81.63,81.73,81.93,82.03,82.23,82.33,82.53,82.63,82.73,82.93,83.04,83.24,83.34,83.54,83.64,83.74,83.94,84.04,84.24,84.34,84.44,84.64,84.74,84.84,85.05,85.15,85.25,85.35,85.55,85.65,85.75,85.85,86.05,86.15,86.25,86.35,86.55,86.65,86.75,86.86,87.06,87.16,87.26,87.36
rus,Russia,29.57,29.57,29.57,29.57,29.57,29.57,29.57,29.57,29.57,29.57,29.57,29.57,29.57,29.57,29.57,29.57,29.57,29.57,29.57,29.57,29.57,29.57,29.57,29.57,29.57,29.57,29.57,29.57,29.57,29.57,29.57,29.57,29.57,29.57,29.57,29.57,29.57,29.57,29.57,29.57,29.57,29.57,29.57,29.57,29.57,29.57,29.57,29.57,18,29.57,29.57,29.61,29.65,29.61,27.64,27.68,29.22,29.83,29.87,29.91,29.95,29.99,30.02,30.06,30.1,30.14,30.18,30.21,28.49,28.61,31.92,28.86,26.65,30.35,31.41,32.12,31.96,32.39,28.77,31.98,31.36,33.44,27.8,30.28,34.18,32.22,35.84,34.81,34.75,32.58,31.46,27.77,22.4,29.12,29.68,28.5,29.93,32.3,29.65,33.57,32.72,30.95,31.83,33.94,34.38,32.61,34.26,36.1,36.15,34.8,33.81,37.83,38.33,36.03,35.7,34.12,34.16,31.49,25,27.21,22.34,25.96,26.98,36.74,39.52,38.58,42.14,41.2,42.78,41.18,40.24,38.63,36.24,19.19,42.31,43.91,45.62,44.34,46.06,48.57,45.95,25.68,20.11,17.89,30.24,38.11,51.74,45.39,58.71,61.94,64.6,64.7,65.2,65.4,65.5,65.9,66.1,66.5,67.1,67.7,68.5,68.7,68.7,69.2,69.7,69.6,69.5,69.4,69.3,69,69,69.1,69.1,69.1,69,68.5,68.2,68.1,68,67.7,67.7,68,68.3,68.2,67.9,68.6,69.9,70.1,69.9,69.7,69.4,69.1,68,65.7,64.4,65,66.2,67.1,67.4,66.4,65.8,65.7,65.5,65.4,65.7,65.9,67.1,67.9,68.3,69,69.2,70.1,70.6,71,71.2,71.4,71.9,72.7,73.1,73.5,72,70.6,72.8,73.2,73.3,73.5,73.7,73.9,74.1,74.2,74.4,74.6,74.8,75,75.1,75.3,75.5,75.7,75.9,76,76.2,76.4,76.6,76.7,76.9,77.1,77.3,77.4,77.6,77.8,77.9,78.1,78.3,78.4,78.6,78.8,78.9,79.1,79.2,79.4,79.6,79.7,79.9,80,80.2,80.3,80.5,80.6,80.8,80.9,81.1,81.2,81.3,81.5,81.6,81.8,81.9,82,82.2,82.3,82.4,82.6,82.7,82.8,83,83.1,83.2,83.4,83.5,83.6,83.8,83.9,84,84.1,84.2,84.4,84.5,84.6,84.7,84.9,85
rwa,Rwanda,31.8,25,25,31.8,31.8,31.8,31.8,31.8,31.8,31.8,31.8,31.8,31.8,31.8,31.8,31.8,31.8,31.8,31.8,31.8,31.8,31.8,31.8,31.8,31.8,31.8,31.8,31.8,31.8,31.8,31.8,31.8,31.8,31.8,31.8,31.8,31.8,31.8,31.8,31.8,31.8,31.8,31.8,31.8,31.8,31.8,31.8,31.8,31.8,31.8,31.8,32,32.2,32.4,32.6,32.8,33,33.2,33.4,33.6,33.81,34.01,34.21,34.41,34.61,34.81,35.01,35.21,35.41,35.61,35.81,36.01,36.21,36.41,36.61,36.81,37.01,37.21,37.42,37.62,37.82,38.02,38.22,38.42,38.62,38.82,39.02,39.22,39.42,39.62,39.82,40.02,40.22,40.42,40.62,40.82,41.03,36.3,35.17,34.03,32.88,31.72,30.54,29.35,42.63,42.83,35.18,33.99,32.78,43.63,43.83,44.03,44.23,44.43,44.64,44.84,36.82,34.14,17.57,45.64,45.84,46.04,46.24,46.44,38.13,36.82,35.5,47.24,38.79,35.96,47.84,48.04,48.87,49.71,50.54,51.4,52.24,53.1,53.96,54.83,55.7,56.64,57.58,54.13,31.25,60.3,61.21,62.13,63.06,63.97,64.9,65.1,65.2,65,63.5,64.8,64.8,36.5,36.9,37.2,37.6,38,38.2,38.3,38.4,38.6,38.8,39.1,39.3,39.7,40,40.1,40.3,40.5,40.8,41,41.3,41.5,41.8,42,42.3,42.7,43.1,43.5,44,44.4,45,45.5,46,46.5,46.9,47.3,47.6,47.9,48,47.8,47.4,46.2,45.6,44.7,43.8,11.1,40.7,41.3,40.7,42.9,44.6,46.4,48.1,50.4,52.4,54.5,56.6,58.2,59.6,60.7,61.6,62.4,63,63.4,63.7,64,64.3,64.7,64.89,65.08,65.37,65.56,65.75,65.94,66.13,66.32,66.51,66.7,66.89,66.99,67.18,67.37,67.56,67.75,67.85,68.04,68.23,68.42,68.52,68.71,68.9,68.99,69.19,69.38,69.47,69.66,69.76,69.95,70.14,70.23,70.43,70.52,70.71,70.81,71,71.19,71.28,71.48,71.57,71.76,71.86,72.05,72.14,72.33,72.43,72.62,72.72,72.91,73,73.19,73.29,73.48,73.57,73.77,73.86,73.96,74.15,74.24,74.43,74.53,74.72,74.82,75.01,75.1,75.29,75.39,75.48,75.67,75.77,75.96,76.06,76.25,76.34,76.44,76.63
sau,Saudi Arabia,32.1,32.1,32.1,32.1,32.1,32.1,32.1,32.1,32.1,32.1,32.1,32.1,32.1,32.1,32.1,32.1,32.1,32.1,32.1,32.1,32.1,32.1,32.1,32.1,32.1,32.1,32.1,32.1,32.1,32.1,32.1,32.1,32.1,32.1,32.1,32.1,32.1,32.1,32.1,32.1,32.1,32.1,32.1,32.1,32.1,32.1,32.1,32.1,32.1,32.1,32.1,32.05,32,31.95,31.9,31.85,31.79,31.74,31.69,31.64,31.59,31.54,31.49,31.44,31.39,31.34,31.28,31.23,31.18,31.13,31.08,31.03,30.98,30.93,30.88,30.83,30.78,30.72,30.67,30.62,30.57,30.52,30.47,30.42,30.37,30.32,30.27,30.21,30.16,30.11,30.06,30.01,29.96,29.91,29.86,29.81,29.76,29.71,29.65,29.6,29.55,29.5,29.45,29.4,29.35,29.3,29.25,29.2,29.14,29.09,29.04,28.99,28.94,28.89,28.84,28.79,28.74,28.69,23.74,28.58,28.53,28.48,28.43,28.38,28.33,28.28,28.23,28.18,28.13,28.07,28.02,27.97,27.92,27.87,27.82,27.77,27.72,27.67,27.62,27.57,27.51,27.55,27.58,27.62,27.65,27.68,29.21,30.75,32.27,33.79,35.3,36,36.7,37.3,38.1,39.1,39.9,40.8,41.7,42.7,43.8,44.8,45.8,46.9,47.9,49,50,50.9,51.9,52.8,53.8,54.7,55.7,56.6,57.5,58.3,59.2,60,60.8,61.5,62.2,63,63.9,64.6,65.4,66,66.6,67.2,67.7,68.2,68.4,69.1,69.7,70.2,70.7,71.2,71.7,72.1,72.6,72.9,73,73.1,73,72.8,72.6,72.4,72.1,71.9,71.7,71.6,71.6,71.9,72.2,72.7,73.1,73.2,73.9,74.1,74.3,74.3,72.4,73.5,74.2,74.5,74.78,74.97,75.16,75.35,75.54,75.73,76.01,76.2,76.39,76.58,76.77,76.96,77.15,77.34,77.53,77.72,77.91,78.1,78.19,78.38,78.57,78.76,78.85,79.04,79.23,79.33,79.52,79.71,79.8,79.99,80.09,80.27,80.37,80.56,80.65,80.84,80.94,81.13,81.22,81.32,81.51,81.6,81.79,81.88,81.98,82.17,82.26,82.36,82.55,82.64,82.74,82.83,83.02,83.11,83.21,83.3,83.4,83.59,83.68,83.78,83.87,83.97,84.06,84.16,84.34,84.44,84.53,84.63,84.72,84.82,84.91,85.01,85.1,85.2,85.29,85.39,85.48
sdn,Sudan,31.4,31.4,31.4,31.4,31.4,31.4,31.4,31.4,31.4,31.4,31.4,31.4,31.4,31.4,31.4,31.4,31.4,31.4,31.4,31.4,31.4,31.4,31.4,31.4,31.4,31.4,31.4,31.4,31.4,31.4,31.4,31.4,31.4,31.4,31.4,31.4,31.4,31.4,31.4,31.4,31.4,31.4,31.4,31.4,31.4,31.4,31.4,31.4,31.4,31.4,31.4,31.37,31.34,31.32,31.29,31.26,31.23,31.21,31.18,31.15,31.12,31.1,31.07,31.04,31.01,30.98,30.96,30.93,30.9,30.87,30.85,30.82,30.79,30.76,30.74,30.71,30.68,30.65,30.62,30.6,30.57,30.54,30.51,30.49,30.46,30.43,30.4,30.37,30.35,30.32,30.29,30.26,30.24,30.21,30.18,30.15,30.13,30.1,30.07,30.04,30.01,29.99,29.96,29.93,29.9,29.88,29.85,29.82,29.79,29.77,29.74,29.71,29.68,29.65,29.63,29.6,29.57,29.54,11.41,29.49,29.46,29.43,29.41,29.38,29.35,29.32,29.29,29.27,29.24,29.21,29.18,29.16,29.13,29.1,29.07,29.05,29.02,28.99,28.96,28.93,28.91,30.05,31.19,32.31,33.45,34.59,35.72,36.83,37.96,39.08,40.2,41.1,42,42.8,43.6,44.4,45.1,45.7,46.2,46.7,47.1,47.4,47.8,47.7,48,48.2,48.5,48.6,48.8,49,49.1,49.3,49.5,49.9,50.1,50.5,50.8,51.3,51.8,52.2,52.6,53.1,53.6,50.5,50,50.4,55,55.2,55.5,55.3,55.9,56.4,56.8,56.9,57.9,58.2,58.4,58.7,58.7,59.7,60.1,60.7,61.2,61.7,61.8,63.1,63.5,64.2,64.8,65.1,65.6,66.1,66.6,66.9,67.4,67.6,68.1,68.5,68.9,69.2,67.6,68.2,69.3,68.9,69.11,69.32,69.52,69.73,69.84,70.04,70.25,70.46,70.67,70.77,70.98,71.19,71.29,71.5,71.71,71.81,72.02,72.23,72.33,72.54,72.64,72.85,73.06,73.16,73.37,73.47,73.68,73.78,73.99,74.1,74.3,74.41,74.62,74.72,74.82,75.03,75.14,75.34,75.45,75.65,75.76,75.97,76.07,76.17,76.38,76.49,76.69,76.8,77.01,77.11,77.32,77.42,77.63,77.73,77.84,78.05,78.15,78.36,78.46,78.56,78.77,78.98,79.08,79.19,79.4,79.5,79.71,79.81,80.02,80.12,80.23,80.44,80.54,80.75,80.85,81.06,81.16
sen,Senegal,25.2,25.2,25.2,25.2,25.2,25.2,25.2,25.2,25.2,25.2,25.2,25.2,25.2,25.2,25.2,25.2,25.2,25.2,25.2,25.2,25.2,25.2,25.2,25.2,25.2,25.2,25.2,25.2,25.2,25.2,25.2,25.2,25.2,25.2,25.2,25.2,25.2,25.2,25.2,25.2,25.2,25.2,25.2,25.2,25.2,25.2,25.2,25.2,25.2,25.2,25.2,25.29,25.38,25.47,25.56,25.65,25.74,25.83,25.91,26,26.09,26.18,26.27,26.36,26.45,26.54,26.63,26.72,26.81,26.9,26.99,27.08,27.16,27.25,27.34,27.43,27.52,27.61,27.7,27.79,27.88,27.97,28.06,28.15,28.24,28.33,28.41,28.5,28.59,28.68,28.77,28.86,28.95,29.04,29.13,29.22,29.31,29.4,29.49,29.58,29.66,29.75,29.84,29.93,30.02,30.11,30.2,30.29,30.38,30.47,30.56,30.65,30.74,30.83,30.91,31,31.09,31.18,14.77,31.36,31.45,31.54,31.63,31.39,31.15,30.91,30.67,30.42,30.82,31.23,31.64,32.05,32.46,32.87,33.28,33.7,34.12,34.54,35.03,35.51,36.01,36.51,37.02,37.55,38.06,38.57,40.22,41.87,43.54,45.22,46.9,47.3,47.5,47.4,47.5,47.8,47.9,48.1,48.1,48.2,48.3,48.3,48.2,48.1,47.9,47.8,47.7,47.8,47.9,48,48.1,48.3,48.5,48.7,48.8,49,49.3,49.6,50.1,50.7,51.2,51.8,52.5,53.2,53.8,54.4,55.1,55.7,56.4,56.9,57.5,57.8,58,58.3,58.5,58.9,59.1,59.6,59.9,60.5,61.7,60.4,60.6,62.5,63.1,63.7,64.5,65.3,65.9,66.3,67.1,67.5,68,68.4,68.6,69.1,69.2,69.4,69.9,69.7,68.4,67.1,69.7,70.1,70.3,70.61,70.81,71.02,71.22,71.53,71.73,71.94,72.14,72.34,72.55,72.75,72.86,73.06,73.26,73.47,73.67,73.77,73.98,74.18,74.28,74.49,74.69,74.79,75,75.1,75.3,75.41,75.61,75.71,75.92,76.02,76.22,76.32,76.53,76.63,76.83,76.94,77.14,77.24,77.45,77.55,77.75,77.85,77.96,78.16,78.26,78.47,78.57,78.77,78.88,78.98,79.18,79.28,79.49,79.59,79.79,79.9,80,80.2,80.3,80.41,80.61,80.71,80.81,81.02,81.12,81.32,81.43,81.53,81.73,81.83,81.94,82.14,82.24,82.34,82.55
sgp,Singapore,29.1,29.1,29.1,29.1,29.1,29.1,29.1,29.1,29.1,29.1,29.1,29.1,29.1,29.1,29.1,29.1,29.1,29.1,29.1,29.1,30.08,31.06,32.04,33.02,34,34,34,34,34,34,34,34,34,34,34,34,34,34,34,34,34,34,34,34,34,34,34,34,34,34,34,33.99,33.99,33.98,33.97,33.96,33.96,33.95,33.94,33.93,33.93,33.92,33.91,33.9,33.9,33.89,33.88,33.87,33.87,33.86,33.85,33.85,33.84,33.83,33.82,33.82,33.81,33.8,33.79,33.79,33.78,33.77,33.76,33.76,33.75,33.74,33.73,33.73,33.72,33.71,33.71,33.7,33.69,33.68,33.68,33.67,33.66,33.65,33.65,33.64,33.63,33.62,33.62,33.61,33.6,33.59,33.59,33.58,33.57,33.57,33.56,33.55,33.54,33.54,33.53,33.52,33.51,33.51,21.47,33.49,33.48,34.27,35.07,35.86,36.65,37.44,38.24,39.03,39.82,40.61,41.4,42.19,42.98,43.77,44.55,45.34,46.13,46.92,47.7,48.5,49.28,48.01,34.35,35.99,35.28,34.07,42.95,51.73,54.63,55.96,56.9,57.6,58.5,59.8,61,62,62.7,63.2,63.8,64.5,65.1,65.5,65.9,66.3,66.6,67,67.3,67.6,67.9,68.4,68.6,68.8,69,69.3,69.7,70.1,70.5,70.7,71,71.2,71.4,71.7,72,72.4,72.9,73.4,74.1,74.5,74.8,75.2,75.6,76.1,76.4,76.7,76.8,77.1,77.4,77.9,78.4,78.7,79.2,79.5,79.9,80.1,80.4,80.9,81.1,81.4,81.9,82.4,82.8,83.1,83.4,83.7,84,84.3,84.6,84.8,85.1,85.4,85.7,85.3,84.6,85.4,85.6,85.71,85.81,86.01,86.11,86.22,86.42,86.52,86.62,86.73,86.93,87.03,87.13,87.34,87.44,87.54,87.64,87.75,87.85,88.05,88.15,88.26,88.36,88.46,88.66,88.77,88.87,88.97,89.07,89.18,89.28,89.48,89.58,89.69,89.79,89.89,89.99,90.09,90.2,90.4,90.5,90.6,90.71,90.81,90.91,91.01,91.11,91.22,91.42,91.52,91.62,91.73,91.83,91.93,92.03,92.13,92.24,92.34,92.44,92.54,92.75,92.85,92.95,93.05,93.15,93.26,93.36,93.46,93.66,93.77,93.87,93.97,94.07,94.17,94.38,94.48,94.58
slb,Solomon Islands,25.1,25.1,25.1,25.1,25.1,25.1,25.1,25.1,25.1,25.1,25.1,25.1,25.1,25.1,25.1,25.1,25.1,25.1,25.1,25.1,25.1,25.1,25.1,25.1,25.1,25.1,25.1,25.1,25.1,25.1,25.1,25.1,25.1,25.1,25.1,25.1,25.1,25.1,25.1,25.1,25.1,25.1,25.1,25.1,25.1,25.1,25.1,25.1,25.1,25.1,25.1,25.13,25.16,25.2,25.23,25.26,25.29,25.32,25.36,25.39,25.42,25.45,25.48,25.51,25.55,25.58,25.61,25.64,25.67,25.71,25.74,25.77,25.8,25.83,25.87,25.9,25.93,25.96,25.99,26.03,26.06,26.09,26.12,26.15,26.18,26.22,26.25,26.28,26.31,26.34,26.38,26.41,26.44,26.47,26.5,26.54,26.57,26.6,26.63,26.66,26.7,26.73,26.76,26.79,26.82,26.86,26.89,26.92,26.95,26.98,27.01,27.05,27.08,27.11,27.14,27.17,27.21,27.24,26.62,27.3,27.33,27.37,27.4,27.43,27.46,27.49,27.53,27.56,27.59,27.62,27.65,27.68,27.72,27.75,27.78,29.14,30.52,31.89,33.27,34.64,36.03,37.49,31.43,29.31,35.02,39.61,43.1,45.47,47.74,49.22,50.8,51,51.3,51.5,51.8,52,50.1,52.5,52.8,53,53.3,53.5,53.8,54,54.3,54.5,54.7,54.9,55.3,55.6,55.8,56.1,56.3,56.6,56.9,55.6,57.4,57.5,58.1,58.4,58.8,59.1,59.5,59.8,60.1,60.4,60.1,60.9,61.1,61.3,61.4,61.2,61.7,61.9,62,62.4,62.6,62.6,62.8,63.2,63.2,63.5,63.6,63.8,64,64,63.9,64,64.5,64.1,64.4,63.9,63.7,63.6,63.4,63.6,63.9,64,64,64,63.6,63.1,63.5,63.7,63.88,63.97,64.15,64.24,64.42,64.51,64.6,64.78,64.87,65.06,65.15,65.24,65.42,65.51,65.6,65.78,65.87,65.96,66.14,66.23,66.32,66.41,66.59,66.68,66.77,66.95,67.04,67.13,67.22,67.4,67.49,67.59,67.77,67.86,67.95,68.13,68.22,68.31,68.4,68.58,68.67,68.76,68.94,69.03,69.12,69.3,69.39,69.48,69.66,69.75,69.84,70.02,70.12,70.21,70.39,70.48,70.57,70.75,70.84,70.93,71.11,71.2,71.29,71.47,71.56,71.65,71.83,71.92,72.01,72.1,72.28,72.37,72.46,72.65,72.74,72.83,72.92
sle,Sierra Leone,25.1,25.1,25.1,25.1,25.1,25.1,25.1,25.1,25.1,25.1,25.1,25.1,25.1,25.1,25.1,25.1,25.1,25.1,25.1,25.1,25.1,25.1,25.1,25.1,25.1,25.1,25.1,25.1,25.1,25.1,25.1,25.1,25.1,25.1,25.1,25.1,25.1,25.1,25.1,25.1,25.1,25.1,25.1,25.1,25.1,25.1,25.1,25.1,25.1,25.1,25.1,25.17,25.25,25.32,25.4,25.47,25.54,25.62,25.69,25.77,25.84,25.91,25.99,26.06,26.14,26.21,26.29,26.36,26.43,26.51,26.58,26.66,26.73,26.8,26.88,26.95,27.03,27.1,27.17,27.25,27.32,27.4,27.47,27.54,27.62,27.69,27.77,27.84,27.92,27.99,28.06,28.14,28.21,28.29,28.36,28.43,28.51,28.58,28.66,28.73,28.8,28.88,28.95,29.03,29.1,29.17,29.25,29.32,29.4,29.47,29.55,29.62,29.69,29.77,29.84,29.92,29.99,30.06,14.24,30.21,30.29,30.36,30.43,30.51,30.58,30.66,30.73,30.66,30.58,30.51,30.43,30.36,30.48,30.61,30.74,30.86,30.98,31.12,31.24,31.37,31.5,31.99,32.48,32.97,33.47,33.97,35.25,36.57,37.87,39.19,40.5,40.8,40.9,41,41.1,41.2,41.4,41.5,41.6,41.7,41.9,42,42.2,42.4,42.6,42.8,43,43.2,43.4,43.7,43.9,44.2,44.5,44.7,45,45.2,45.4,45.6,45.7,45.9,45.9,46,46.1,46.1,46.1,46,46,46.2,46.5,46.7,47,46.9,47.2,47.4,46.7,46.4,47.8,48,46.4,46.7,48.4,49.4,49.9,50.3,50.9,51.3,51.6,52.1,52.8,53.4,53.9,54.3,54.5,55.1,54.1,55.3,56.6,56.7,57.5,57.8,57.3,58.1,58.6,58.9,59.09,59.28,59.38,59.57,59.76,59.85,60.04,60.23,60.33,60.52,60.71,60.81,61,61.19,61.28,61.47,61.57,61.66,61.85,61.95,62.14,62.24,62.43,62.52,62.62,62.81,62.9,63,63.09,63.28,63.38,63.47,63.67,63.76,63.86,63.95,64.14,64.24,64.33,64.52,64.62,64.71,64.81,65,65.09,65.19,65.29,65.38,65.57,65.67,65.76,65.86,66.05,66.14,66.24,66.33,66.43,66.52,66.62,66.81,66.91,67,67.1,67.19,67.29,67.38,67.57,67.67,67.76,67.86,67.95,68.05,68.24,68.34,68.43,68.53,68.62
slv,El Salvador,28.7,28.7,28.7,28.7,28.7,28.7,28.7,28.7,28.7,28.7,28.7,28.7,28.7,28.7,28.7,28.7,28.7,28.7,28.7,28.7,28.7,28.7,28.7,28.7,28.7,28.7,28.7,28.7,28.7,28.7,28.7,28.7,28.7,28.7,28.7,28.7,28.7,28.7,28.7,28.7,28.7,28.7,28.7,28.7,28.7,28.7,28.7,28.7,28.7,28.7,28.7,28.73,28.76,28.78,28.81,28.84,28.87,28.89,28.92,28.95,28.98,29,29.03,29.06,29.09,29.11,29.14,29.17,29.2,29.22,29.25,29.28,29.31,29.33,29.36,29.39,29.42,29.44,29.47,29.5,29.53,29.55,29.58,29.61,29.64,29.66,29.69,29.72,29.75,29.77,29.8,29.83,29.86,29.88,29.91,29.94,29.97,29.99,30.02,30.05,30.08,30.1,30.13,30.16,30.19,30.21,30.24,30.27,30.3,30.32,30.35,30.38,30.41,30.43,30.46,30.49,30.52,30.54,27.02,30.6,30.63,30.65,30.68,30.71,30.74,30.76,30.79,30.82,30.85,30.87,30.9,31.71,32.53,33.34,34.15,34.97,35.8,36.62,37.43,38.26,39.08,39.95,40.82,41.68,42.55,43.42,44.29,45.17,46.04,46.92,47.8,46.5,47.2,47.5,48.1,48.9,49.7,50.3,51.2,52.5,53.6,54.5,55,55.5,56,56.4,56.9,57.2,57.2,56.6,57.4,58.1,58.6,59.5,60.2,60.8,61.3,61.5,61.5,60.8,60,54.9,59.4,59.5,62.5,64.8,65.1,66.6,67.9,66.3,68.5,68.7,69.4,69.6,69.7,70.1,70.4,70.6,70.7,71.5,71.9,71.8,72.6,72.5,72.5,72.5,72.6,72.8,73,72.9,73.5,73.9,72.1,71.9,71.3,70.7,72.5,72.6,72.7,72.8,71.3,70.5,72.7,73.1,73.3,73.51,73.71,74.01,74.22,74.42,74.62,74.82,75.03,75.23,75.43,75.63,75.84,76.04,76.24,76.45,76.65,76.85,77.05,77.26,77.46,77.66,77.87,77.97,78.17,78.37,78.57,78.78,78.98,79.08,79.28,79.49,79.69,79.89,79.99,80.2,80.4,80.6,80.81,80.91,81.11,81.31,81.41,81.62,81.82,81.92,82.12,82.22,82.43,82.63,82.73,82.93,83.04,83.24,83.34,83.54,83.64,83.85,83.95,84.15,84.25,84.46,84.56,84.76,84.86,85.06,85.17,85.27,85.47,85.57,85.67,85.87,85.98,86.08,86.28,86.38,86.48
smr,San Marino,,,,,,,,,,,,,,,,,,,,,,,,,,,,,,,,,,,,,,,,,,,,,,,,,,,,,,,,,,,,,,,,,,,,,,,,,,,,,,,,,,,,,,,,,,,,,,,,,,,,,,,,,,,,,,,,,,,,,,,,,,,,,,,,,,,,,,,,,,,,,,,,,,,,,,,69.7,70,70.3,70.6,70.8,71.1,71.3,71.5,71.7,72,72.1,72.3,72.5,72.6,72.7,72.8,72.9,73.1,73.2,73.4,73.5,73.7,73.9,74.1,74.4,74.6,74.8,74.9,75.1,75.3,75.5,75.8,76,76.3,76.5,76.8,77.1,77.4,77.7,78.1,78.4,78.7,79,79.3,79.6,79.8,80,80.2,80.4,80.6,80.9,81.1,81.3,81.6,82,82.3,82.7,83.1,83.5,83.9,84.2,84.6,84.9,85.2,85.4,85.6,85.8,85.9,86.1,86.3,84,84.7,84,85.1,85.2,85.3,85.4,85.5,85.7,85.8,85.89,85.99,86.09,86.19,86.29,86.39,86.49,86.69,86.79,86.89,86.99,87.09,87.19,87.28,87.38,87.48,87.68,87.78,87.88,87.98,88.08,88.18,88.28,88.38,88.48,88.67,88.77,88.87,88.97,89.07,89.17,89.27,89.37,89.47,89.57,89.77,89.87,89.97,90.06,90.16,90.26,90.36,90.46,90.56,90.66,90.76,90.86,90.96,91.06,91.16,91.26,91.36,91.46,91.55,91.65,91.75,91.85,91.95,92.05,92.15,92.25,92.35,92.45,92.55,92.75,92.85,92.94,93.04,93.14,93.24,93.34
som,Somalia,29.4,29.4,29.4,29.4,29.4,29.4,29.4,29.4,29.4,29.4,29.4,29.4,29.4,29.4,29.4,29.4,29.4,29.4,29.4,29.4,29.4,29.4,29.4,29.4,29.4,29.4,29.4,29.4,29.4,29.4,29.4,29.4,29.4,29.4,29.4,29.4,29.4,29.4,29.4,29.4,29.4,29.4,29.4,29.4,29.4,29.4,29.4,29.4,29.4,29.4,29.4,29.56,29.72,29.88,30.04,30.2,30.36,30.51,30.67,30.83,30.99,31.15,31.31,31.47,31.63,31.79,31.95,32.11,32.27,32.43,32.58,32.74,32.9,33.06,33.22,33.38,33.54,33.7,33.86,34.02,34.18,34.34,34.5,34.66,34.81,34.97,35.13,35.29,35.45,35.61,35.77,35.93,36.09,36.25,36.41,36.57,36.73,36.88,37.04,37.2,37.36,37.52,37.68,37.84,38,38.16,38.32,38.48,38.64,38.8,38.95,39.11,39.27,39.43,39.59,39.75,39.91,40.07,21.21,40.39,40.55,40.71,40.87,41.02,41.18,41.34,41.5,41.66,41.82,41.98,42.14,42.3,42.46,42.62,42.78,42.94,43.09,43.25,43.41,43.57,43.73,44,44.26,44.51,44.78,45.04,46.47,47.87,49.31,50.74,52.2,52.2,52.2,52.3,52.3,52.3,52.3,52.3,52.3,52.4,52.3,52.3,52.4,52.4,52.4,52.5,52.5,52.5,52.5,52.6,53.2,53.7,54.6,54.7,54.4,52.4,52.6,55.5,55.6,55.6,55.2,54.8,54.3,53.1,52.2,52.1,52.1,52.2,50.3,52.5,52.2,51,51.8,53.8,53,53.6,53.7,53.4,54.1,54.3,54.4,54.7,54.8,55.2,55,55.5,56.5,57.1,58.1,58.7,52.4,42.6,53.5,61,61.4,62,62.5,63.1,63.7,64.1,63,59.6,64.4,64.8,65.02,65.13,65.35,65.46,65.68,65.79,66.01,66.12,66.23,66.45,66.56,66.78,66.89,67,67.22,67.33,67.44,67.67,67.78,67.89,68.11,68.22,68.33,68.55,68.66,68.77,68.99,69.1,69.21,69.43,69.54,69.65,69.87,69.98,70.09,70.2,70.42,70.53,70.64,70.75,70.97,71.08,71.19,71.3,71.41,71.52,71.74,71.85,71.96,72.07,72.29,72.4,72.51,72.62,72.73,72.84,72.96,73.18,73.29,73.4,73.51,73.62,73.84,73.95,74.06,74.17,74.28,74.39,74.5,74.61,74.83,74.94,75.05,75.16,75.27,75.49,75.6
srb,Serbia,35.5,35.5,35.5,35.5,35.5,35.5,35.5,35.5,35.5,35.5,35.5,35.5,35.5,35.5,35.5,35.5,35.5,35.5,35.5,35.5,35.5,35.5,35.5,35.5,35.5,35.5,35.5,35.5,35.5,35.5,35.5,35.5,35.5,35.5,35.5,35.5,35.5,35.5,35.5,35.5,35.5,35.5,35.5,35.5,35.5,35.5,35.5,35.5,35.5,35.5,35.5,35.47,35.44,35.41,35.38,35.35,35.32,35.29,35.26,35.23,35.2,35.17,35.14,35.11,35.08,35.05,35.02,34.99,34.95,34.92,34.89,34.86,34.83,34.8,34.77,34.74,34.71,34.68,34.65,34.62,34.59,34.56,34.53,34.5,34.47,34.44,34.41,34.38,34.35,34.32,34.29,34.26,34.23,34.2,34.17,34.14,34.11,34.08,34.05,34.02,33.99,33.96,33.93,33.9,33.86,33.83,33.8,33.77,33.74,33.71,33.68,33.65,33.62,33.59,23.64,15.11,19.82,18.86,9.33,33.41,33.38,34.06,34.74,35.42,36.09,36.77,37.44,38.11,38.79,39.45,40.12,40.78,41.45,42.12,42.78,43.44,44.1,44.76,45.42,46.07,46.73,40.68,38.57,37.17,35.79,39.92,46.93,50.76,52.02,52.72,53.4,54.4,55.8,57.3,58.1,59,59.9,60.8,61.6,62.1,62.5,62.8,63.3,63.7,64,64.4,64.8,65.1,65.3,65.6,65.9,66.2,66.5,66.8,67.1,67.4,67.6,67.9,68,68.1,68.3,68.3,68.3,68.3,68.4,68.6,68.8,69,69.3,69.7,70.1,69.4,70,70.6,70.5,70.5,70.5,70.6,70.6,68.6,71.4,71.8,72.1,72.3,72.5,72.8,73,73.3,73.5,73.8,74.1,74.4,74.6,74.8,75,75.2,75.4,75.6,75.7,75.8,74.7,73.3,75.3,76,76.1,76.3,76.49,76.69,76.89,77.09,77.29,77.39,77.58,77.78,77.98,78.18,78.28,78.47,78.67,78.87,78.97,79.17,79.36,79.46,79.66,79.86,79.96,80.16,80.35,80.55,80.65,80.85,80.95,81.15,81.34,81.44,81.64,81.74,81.94,82.04,82.23,82.33,82.53,82.63,82.73,82.93,83.03,83.22,83.32,83.42,83.62,83.72,83.82,84.02,84.11,84.21,84.41,84.51,84.61,84.81,84.91,85.01,85.2,85.3,85.4,85.6,85.7,85.8,85.9,85.99,86.19,86.29,86.39,86.59,86.69,86.79,86.89,86.98,87.18,87.28,87.38
ssd,South Sudan,26.67,26.67,26.67,26.67,26.67,26.67,26.67,26.67,26.67,26.67,26.67,26.67,26.67,26.67,26.67,26.67,26.67,26.67,26.67,26.67,26.67,26.67,26.67,26.67,26.67,26.67,26.67,26.67,26.67,26.67,26.67,26.67,26.67,26.67,26.67,26.67,26.67,26.67,26.67,26.67,26.67,26.67,26.67,26.67,26.67,26.67,26.67,26.67,26.67,26.67,26.67,26.84,27.01,27.19,27.36,27.53,27.7,27.87,28.05,28.22,28.39,28.56,28.74,28.91,29.08,29.25,29.42,29.6,29.77,29.94,30.11,30.28,30.46,30.63,30.8,30.97,31.14,31.32,31.49,31.66,31.83,32.01,32.18,32.35,32.52,32.69,32.87,33.04,33.21,33.38,33.55,33.73,33.9,34.07,34.24,34.42,34.59,34.76,34.93,35.1,35.28,35.45,35.62,35.79,35.96,36.14,36.31,36.48,36.65,36.82,37,37.17,37.34,37.51,37.69,37.86,38.03,38.2,14.83,38.55,38.72,38.89,39.06,39.23,39.41,39.58,39.75,39.92,40.09,40.27,40.44,40.61,40.78,40.96,41.13,41.3,41.47,41.64,41.82,41.99,42.16,42.57,42.97,43.38,43.8,44.21,44.62,45.04,45.46,45.89,46.3,46.5,46.7,46.9,47.1,47.2,47.4,47.6,47.7,47.8,48,48.1,48.2,47.5,47.6,47.7,47.8,47.9,48,48.1,48.2,48.3,48.4,49.1,49.1,49.2,49.2,49.2,49.2,49.2,49.2,49.2,49.2,48.5,48.5,48.5,48.6,48.8,49,49.8,50.1,50.4,50.6,50.9,51.2,51.3,51.7,50.6,51.3,52.3,52.8,53.7,54,54.2,54.5,54.8,54.4,54.9,55.4,55.3,56,56.2,56.2,56.1,56.1,56.3,56.2,56.2,56.2,56.4,55.8,56,56.3,56.4,56.5,56.69,56.79,56.89,56.99,57.09,57.28,57.38,57.48,57.58,57.67,57.77,57.87,58.06,58.16,58.26,58.36,58.55,58.65,58.75,58.85,58.95,59.04,59.24,59.34,59.44,59.53,59.63,59.73,59.83,59.93,60.02,60.22,60.32,60.41,60.51,60.61,60.71,60.81,61,61.1,61.2,61.3,61.39,61.49,61.59,61.69,61.88,61.98,62.08,62.18,62.28,62.37,62.47,62.57,62.67,62.76,62.86,62.96,63.16,63.16,63.25,63.35,63.55,63.65,63.74,63.84,63.94,64.04,64.04,64.23,64.33,64.43,64.53,64.63,64.72,64.82
stp,Sao Tome and Principe,31,31,31,31,31,31,31,31,31,31,31,31,31,31,31,31,31,31,31,31,31,31,31,31,31,31,31,31,31,31,31,31,31,31,31,31,31,31,31,31,31,31,31,31,31,31,31,31,31,31,31,31.01,31.02,31.03,31.04,31.05,31.06,31.07,31.08,31.09,31.1,31.11,31.12,31.13,31.14,31.16,31.17,31.18,31.19,31.2,31.21,31.22,31.23,31.24,31.25,31.26,31.27,31.28,31.29,31.3,31.31,31.32,31.33,31.34,31.35,31.36,31.37,31.38,31.39,31.4,31.41,31.42,31.43,31.44,31.45,31.47,31.48,31.49,31.5,31.51,31.52,31.53,31.54,31.55,31.56,31.57,31.58,31.59,31.6,31.61,31.62,31.63,31.64,31.65,31.66,31.67,31.68,31.69,12.26,31.71,31.72,31.73,31.74,31.75,31.77,31.78,31.79,31.8,31.81,31.82,31.83,31.84,31.85,31.86,31.87,31.88,32.89,33.9,34.91,35.92,36.93,37.97,39.01,40.07,41.11,42.15,43.2,44.25,45.29,46.35,47.4,47.6,47.6,47.5,47.4,47.3,47.4,47.7,48.2,48.8,49.6,50.4,51.3,52.2,53,53.8,54.6,55.4,56.2,57,57.8,58.5,59.2,59.8,60.4,60.9,61.4,61.8,62.2,62.6,62.8,62.9,63.1,63,63.1,63.2,60.6,63.4,63.6,63.2,63.6,63.9,63.9,64,64,64.3,64.2,64.1,63.9,63.8,64.4,64.5,64.6,64.9,65,64.6,65,65.2,65.5,66.4,66.5,67,67.5,67.7,67.8,68.1,68.5,68.9,69.3,69.5,67,67,69.1,70.3,70.5,70.7,70.91,71.01,71.21,71.41,71.61,71.71,71.91,72.12,72.22,72.42,72.62,72.82,72.92,73.12,73.22,73.43,73.63,73.73,73.93,74.03,74.23,74.44,74.54,74.74,74.84,75.04,75.24,75.34,75.54,75.65,75.85,75.95,76.15,76.35,76.45,76.65,76.76,76.96,77.06,77.26,77.36,77.56,77.66,77.86,77.97,78.17,78.27,78.47,78.57,78.77,78.87,79.07,79.18,79.28,79.48,79.68,79.78,79.88,80.08,80.18,80.39,80.49,80.69,80.79,80.89,81.09,81.19,81.39,81.5,81.7,81.8,81.9,82.1,82.2,82.3
sur,Suriname,32.9,32.9,32.9,32.9,32.9,32.9,32.9,32.9,32.9,32.9,32.9,32.9,32.9,32.9,32.9,32.9,32.9,32.9,32.9,32.9,32.9,32.9,32.9,32.9,32.9,32.9,32.9,32.9,32.9,32.9,32.9,32.9,32.9,32.9,32.9,32.9,32.9,32.9,32.9,32.9,32.9,32.9,32.9,32.9,32.9,32.9,32.9,32.9,32.9,32.9,32.9,32.94,32.98,33.01,33.05,33.09,33.13,33.17,33.2,33.24,33.28,33.32,33.36,33.4,33.43,33.47,33.51,33.55,33.59,33.62,33.66,33.7,33.74,33.78,33.81,33.85,33.89,33.93,33.97,34,34.04,34.08,34.12,34.16,34.19,34.23,34.27,34.31,34.35,34.39,34.42,34.46,34.5,34.54,34.58,34.61,34.65,34.69,34.73,34.77,34.8,34.84,34.88,34.92,34.96,34.99,35.03,35.07,35.11,35.15,35.18,35.22,35.26,35.3,35.34,35.38,35.41,35.45,31.37,35.53,35.57,35.6,35.64,35.68,35.72,35.76,36.74,37.73,38.72,39.71,40.7,41.69,42.69,43.69,44.69,45.7,46.71,47.72,48.72,49.73,50.75,51.82,52.88,53.95,55.02,56.1,57.18,58.25,59.33,60.42,61.5,61.6,61.7,61.8,61.9,62,62.1,62.2,62.3,62.4,62.6,62.8,63.1,63.5,63.9,64.3,64.8,65.3,65.8,66.3,66.7,67.2,67.6,67.9,68.1,68.3,68.4,68.6,68.8,68.9,69,69.1,69.3,69.5,69.8,70.1,69.9,70,70.2,69.5,70.7,70.7,70.6,70.5,70.6,70.8,70.8,70.8,70.7,70.7,70.9,70.9,70.9,71,71.2,71.5,71.7,71.9,72,72.2,72.4,72.6,72.6,72.7,72.7,72.8,72.9,73,73,73,72.2,67.9,72.1,73.1,73.3,73.4,73.5,73.7,73.8,73.99,74.09,74.29,74.39,74.49,74.69,74.79,74.99,75.09,75.29,75.38,75.58,75.68,75.88,75.98,76.18,76.28,76.48,76.58,76.68,76.87,76.97,77.17,77.27,77.47,77.57,77.77,77.97,78.07,78.26,78.36,78.56,78.66,78.86,78.96,79.16,79.26,79.46,79.56,79.75,79.85,79.95,80.15,80.25,80.45,80.55,80.65,80.85,80.95,81.14,81.24,81.34,81.54,81.64,81.74,81.94,82.04,82.14,82.34,82.44,82.54,82.63,82.83,82.93,83.03,83.23,83.33,83.43,83.53,83.73,83.83,83.93
svk,Slovak Republic,36.4,36.4,36.4,36.4,36.4,36.4,36.4,36.4,36.4,36.4,36.4,36.4,36.4,36.4,36.4,36.4,36.4,36.4,36.4,36.4,36.4,36.4,36.4,36.4,36.4,36.4,36.4,36.4,36.4,36.4,36.4,36.4,36.4,36.4,36.4,36.4,36.4,36.4,36.4,36.4,36.4,36.4,36.4,36.4,36.4,36.4,36.4,36.4,36.4,36.4,36.4,36.41,36.42,36.42,36.43,36.44,36.45,36.46,36.47,36.47,36.48,36.49,36.5,36.51,36.52,36.52,36.53,36.54,36.55,36.56,36.56,36.57,36.58,36.59,36.6,36.61,36.61,36.62,36.63,36.64,36.65,36.66,36.66,36.67,36.68,36.69,36.7,36.71,36.71,36.72,36.73,36.74,36.75,36.75,36.76,36.77,37.08,37.39,37.71,38.02,38.33,38.64,38.95,39.27,39.58,39.89,40.2,40.52,40.83,41.14,41.46,41.77,42.08,42.4,42.71,43.02,43.34,43.65,32.35,44.28,44.6,44.91,45.56,46.22,46.87,47.52,48.19,48.84,49.49,50.15,50.8,51.29,51.78,52.27,52.78,53.27,53.76,54.25,54.86,55.19,55.1,54.91,53.09,48.51,43.42,41.39,55.19,59.29,60.34,61.68,62.3,63.2,64.5,65.6,66.5,67.2,67.8,68.3,68.9,69.3,69.8,70.2,70.3,70.5,70.6,70.6,70.6,70.6,70.4,70.1,69.9,70,70.2,70.2,70.2,70.3,70.4,70.5,70.5,70.6,70.6,70.7,70.7,70.7,70.7,70.8,71,71.1,71.1,71.1,71,71.2,71.5,71.9,72.3,72.5,72.7,72.8,72.9,73,73.3,73.6,73.8,74,74.2,74.3,74.4,74.6,74.9,75.2,75.5,75.9,76.3,76.5,76.8,76.9,77.1,77.2,77.4,77.7,76.9,74.6,76.9,78.2,78.4,78.6,78.7,78.9,79,79.2,79.4,79.5,79.7,79.9,80.1,80.2,80.4,80.5,80.7,80.8,81,81.2,81.3,81.5,81.6,81.8,81.9,82.1,82.19,82.39,82.49,82.69,82.79,82.99,83.09,83.19,83.39,83.49,83.69,83.79,83.89,84.09,84.19,84.29,84.49,84.59,84.69,84.79,84.89,85.09,85.19,85.29,85.39,85.59,85.69,85.79,85.89,85.99,86.19,86.29,86.39,86.49,86.59,86.69,86.89,86.99,87.09,87.19,87.29,87.49,87.59,87.69,87.79,87.89,87.99,88.09,88.19,88.29,88.39,88.59,88.69
svn,Slovenia,36.6,36.6,36.6,36.6,36.6,36.6,36.6,36.6,36.6,36.6,36.6,36.6,36.6,36.6,36.6,36.6,36.6,36.6,36.6,36.6,36.6,36.6,36.6,36.6,36.6,36.6,36.6,36.6,36.6,36.6,36.6,36.6,36.6,36.6,36.6,36.6,36.6,36.6,36.6,36.6,36.6,36.6,36.6,36.6,36.6,36.6,36.6,36.6,36.6,36.6,36.6,36.57,36.55,36.52,36.5,36.47,36.44,36.42,36.39,36.36,36.34,36.31,36.29,36.26,36.23,36.21,36.18,36.15,36.13,36.1,36.08,36.05,36.02,36,35.97,35.94,35.92,35.89,35.87,35.84,35.81,35.79,35.76,35.73,35.71,35.68,35.66,35.63,35.6,35.58,35.55,35.52,35.5,35.47,35.45,35.42,35.39,35.37,35.34,35.31,35.29,35.26,35.24,35.21,35.18,35.16,35.13,35.1,35.08,35.05,35.03,35,34.97,34.95,34.92,34.89,34.87,34.84,19.11,34.79,34.76,35.62,36.47,37.33,38.17,39.02,39.87,40.72,41.57,42.41,43.25,44.09,44.93,45.77,46.61,47.45,48.28,49.11,49.95,50.78,51.61,48.79,47.08,45.51,44.13,45.73,51.19,56.74,58.08,58.97,59.8,60.4,61.2,62.1,62.9,63.5,64,64.7,65.3,65.8,66.1,66.5,66.8,67.2,67.4,67.6,67.9,68.1,68.3,68.3,68.4,68.6,69,69.4,69.8,70,70.2,70.3,70.4,70.6,70.9,71,71,71.1,71.3,71.5,71.9,72.2,72.6,73,73.3,73.3,73.4,73.6,74,74.3,74.6,74.9,75.2,75.5,75.9,76.1,76.4,76.6,77,77.5,77.9,78.3,78.6,79,79.3,79.6,79.9,80.1,80.4,80.6,80.9,81,81.3,81.5,80.4,80.6,81.1,81.6,81.8,81.9,82.1,82.3,82.4,82.6,82.7,82.9,83,83.2,83.3,83.5,83.6,83.7,83.9,84,84.1,84.3,84.4,84.5,84.7,84.8,84.9,85,85.2,85.3,85.4,85.5,85.6,85.8,85.9,86,86.1,86.2,86.4,86.5,86.6,86.7,86.8,87,87.1,87.2,87.3,87.4,87.5,87.7,87.8,87.9,88,88.1,88.2,88.3,88.4,88.6,88.7,88.8,88.9,89,89.1,89.2,89.3,89.5,89.6,89.7,89.8,89.9,90,90.1,90.2,90.4,90.5,90.6,90.7,90.8,90.9,91,91.1
swe,Sweden,32.16,36.9,40.2,40.28,39.7,41.05,36.17,38.76,30.15,26.9,31.99,34.58,35.07,36.49,38.57,40.42,41.74,40.29,40.02,36.97,40.23,38.14,42.76,45.19,44.97,45.24,43.08,42.64,37.74,36.18,40.97,38.98,40.84,42.5,38.53,47.14,45.13,39.57,39.98,39.88,43.98,45.17,42.8,42.82,44.03,45.99,42.04,40.12,45.13,44.5,44.69,43.62,41.35,39.99,44.55,43.08,42.14,34.64,42,44.27,48.47,47.12,42.55,45.38,44.77,45.4,44.73,46.18,43.23,40.96,45.01,48.98,50.08,48.68,44.28,44.61,44.82,46.04,46.72,48.91,47.61,48.49,48.58,49.04,49.16,48.93,50.59,51.45,52.34,52.29,50.47,51.08,50.6,51.35,52.09,54.15,53.48,54.13,54.68,50.94,52.26,52.91,54.75,55.08,55.39,54.54,56.69,56.97,56.41,58.41,57.79,58.02,57.77,58.66,58.24,57.18,58.2,58.88,49.8,56.55,58.79,61.01,61.03,62.98,61.98,62.54,62.77,61.57,62.25,62.3,63.17,62.67,63.93,64.81,64.96,64.84,64.59,64.61,65.55,66.38,66.71,67,68.94,68.69,67.7,68.3,69.47,69.43,70.69,70.76,71.1,71.5,71.8,72.1,72.3,72.6,72.7,72.7,73.1,73.4,73.3,73.5,73.6,73.7,73.9,74,74.1,74.2,74.2,74.3,74.6,74.7,74.8,74.9,75,75,75.1,75.4,75.5,75.6,75.8,76,76.4,76.7,76.8,76.8,77,77.1,77.2,77.6,77.7,77.9,78.1,78.3,78.7,78.9,79.1,79.3,79.4,79.5,79.8,79.9,80,80.2,80.5,80.6,80.8,81,81.2,81.4,81.6,81.7,81.8,82,82.2,82.3,82.4,82.5,82.7,83,82.4,83,83.1,83.3,83.4,83.6,83.7,83.9,84,84.1,84.3,84.4,84.5,84.7,84.8,84.9,85.1,85.2,85.3,85.4,85.6,85.7,85.8,85.9,86,86.2,86.3,86.4,86.5,86.6,86.8,86.9,87,87.1,87.2,87.3,87.4,87.5,87.7,87.8,87.9,88,88.1,88.2,88.3,88.4,88.5,88.6,88.8,88.9,89,89.1,89.2,89.3,89.4,89.5,89.7,89.8,89.9,90,90.1,90.2,90.3,90.4,90.5,90.6,90.7,90.8,90.9,91,91.2,91.2,91.3,91.4,91.6,91.7,91.8,91.9,92,92.1,92.2
swz,Eswatini,32.3,32.3,32.3,32.3,32.3,32.3,32.3,32.3,32.3,32.3,32.3,32.3,32.3,32.3,32.3,32.3,32.3,32.3,32.3,32.3,32.3,32.3,32.3,32.3,32.3,32.3,32.3,32.3,32.3,32.3,32.3,32.3,32.3,32.3,32.3,32.3,32.3,32.3,32.3,32.3,32.3,32.3,32.3,32.3,32.3,32.3,32.3,32.3,32.3,32.3,32.3,32.28,32.25,32.23,32.21,32.18,32.16,32.14,32.11,32.09,32.07,32.04,32.02,32,31.97,31.95,31.93,31.9,31.88,31.86,31.83,31.81,31.79,31.76,31.74,31.72,31.69,31.67,31.65,31.62,31.6,31.58,31.55,31.53,31.5,31.48,31.46,31.43,31.41,31.39,31.36,31.34,31.32,31.29,31.27,31.25,31.22,31.2,31.18,31.15,31.13,31.11,31.08,31.06,31.04,31.01,30.99,30.97,30.94,30.92,30.9,30.87,30.85,30.83,30.8,30.78,30.76,30.73,11.88,30.69,30.66,30.64,30.62,30.59,30.57,30.55,30.52,30.5,30.48,30.45,30.43,30.41,30.38,30.36,30.34,30.31,30.29,30.27,30.24,30.22,30.2,30.19,30.2,30.19,30.2,30.19,31.72,33.24,34.77,36.28,37.8,38,38.2,38.4,38.6,38.8,39,39.3,39.5,39.7,40,40.4,40.9,41.3,41.9,42.4,42.9,43.5,43.9,44.4,44.9,45.5,46.1,46.7,47.3,48,48.6,49.2,49.8,50.3,50.9,51.4,52,51.5,52.9,53.6,54.1,54.7,55.3,55.9,56.4,56.7,56.9,57.2,57.2,57,56.3,55.5,54.2,52.4,50,47.3,45.2,42.7,40.7,40.4,41.8,43.5,44.5,45.5,48.1,50.8,52,53.3,54.7,56.1,57.5,58.4,58.9,59.2,57,55.6,59.3,60.8,60.99,61.08,61.18,61.37,61.46,61.56,61.75,61.84,61.94,62.13,62.22,62.32,62.41,62.51,62.7,62.79,62.89,62.98,63.17,63.27,63.36,63.46,63.55,63.74,63.84,63.93,64.02,64.12,64.21,64.4,64.5,64.59,64.69,64.78,64.88,64.97,65.07,65.16,65.26,65.45,65.54,65.64,65.73,65.83,65.92,66.02,66.11,66.21,66.4,66.49,66.59,66.68,66.78,66.87,66.97,67.16,67.25,67.34,67.44,67.53,67.63,67.72,67.82,68.01,68.1,68.2,68.29,68.39,68.58,68.67,68.77,68.86,68.96,69.15,69.24,69.34,69.43
syc,Seychelles,37,37,37,37,37,37,37,37,37,37,37,37,37,37,37,37,37,37,37,37,37,37,37,37,37,37,37,37,37,37,37,37,37,37,37,37,37,37,37,37,37,37,37,37,37,37,37,37,37,37,37,37.02,37.04,37.05,37.07,37.09,37.11,37.12,37.14,37.16,37.18,37.19,37.21,37.23,37.25,37.27,37.28,37.3,37.32,37.34,37.35,37.63,37.92,38.21,38.49,38.77,39.05,39.34,39.62,39.91,40.19,40.48,40.77,41.05,41.33,41.63,41.91,42.19,42.48,42.77,43.06,43.34,43.63,43.93,44.21,44.5,44.79,45.08,45.37,45.66,45.94,46.24,46.53,46.82,47.11,47.4,47.7,47.98,48.27,48.56,48.86,49.16,49.45,49.74,50.04,50.33,50.62,50.91,51.22,51.51,51.8,52.09,52.4,52.69,52.98,53.28,53.58,53.88,54.17,54.47,54.77,55.07,55.36,55.66,55.96,56.26,56.56,56.85,57.15,57.46,57.76,58.02,58.28,58.56,58.81,59.08,59.34,59.62,59.87,60.14,60.4,60.7,60.9,61.2,61.4,61.5,61.7,61.8,61.9,62,62,62,62,62.1,62.4,62.7,63,63.3,63.6,64,64.3,64.7,65.2,65.8,66.3,66.8,67.4,67.9,68.4,69,69.4,69.8,69.7,70.3,70.5,70.5,70.5,70.5,70.7,70.5,70.5,70.4,70.4,70.3,70.6,71,71.2,71.2,71.6,71.8,72,72.1,72.2,72.3,72.3,72.4,72.5,72.6,72.8,72.9,73.2,73.4,73.5,73.8,74,74.3,74.6,74.9,75.4,75.9,75.8,72.2,75,75.1,75.2,75.31,75.51,75.62,75.82,75.92,76.13,76.23,76.44,76.54,76.75,76.85,77.06,77.16,77.37,77.47,77.68,77.78,77.98,78.09,78.29,78.4,78.6,78.71,78.91,79.01,79.22,79.32,79.53,79.63,79.84,79.94,80.15,80.35,80.46,80.66,80.77,80.97,81.08,81.28,81.49,81.59,81.8,81.9,82.11,82.21,82.41,82.62,82.72,82.93,83.03,83.24,83.34,83.55,83.65,83.86,84.06,84.17,84.27,84.47,84.58,84.78,84.89,85.09,85.2,85.3,85.5,85.61,85.71,85.92,86.02,86.12,86.33,86.43,86.53,86.64,86.84
syr,Syria,31.1,31.1,31.1,31.1,31.1,31.1,31.1,31.1,31.1,31.1,31.1,31.1,31.1,31.1,31.1,31.1,31.1,31.1,31.1,31.1,31.1,31.1,31.1,31.1,31.1,31.1,31.1,31.1,31.1,31.1,31.1,31.1,31.1,31.1,31.1,31.1,31.1,31.1,31.1,31.1,31.1,31.1,31.1,31.1,31.1,31.1,31.1,31.1,31.1,31.1,31.1,31.15,31.2,31.25,31.3,31.35,31.4,31.45,31.5,31.55,31.6,31.65,31.7,31.75,31.8,31.85,31.9,31.95,32,32.05,32.1,32.15,32.2,32.25,32.3,32.35,32.4,32.45,32.5,32.55,32.6,32.65,32.7,32.75,32.8,32.85,32.9,32.95,33,33.05,33.1,33.15,33.2,33.25,33.3,33.35,33.4,33.45,33.5,33.55,33.6,33.65,33.7,33.75,33.8,33.85,33.9,33.95,34,34.05,34.1,34.15,34.2,34.25,34.3,34.35,34.4,34.45,28.6,34.55,34.6,34.65,34.7,34.75,34.8,34.85,34.9,34.95,35,35.05,35.1,35.15,35.2,35.25,35.3,35.35,36.64,37.94,39.24,40.55,41.86,43.19,44.5,45.83,47.16,48.49,49.83,51.17,52.51,53.86,55.2,55.5,56.1,56.6,57.1,57.6,58,58.5,58.8,59.2,59.5,59.9,60.3,60.6,60.9,61.2,61.4,61.6,62.1,62.4,62.7,63,63.4,62.5,64.1,64.5,64.9,65.2,65.6,65.8,66.2,66.5,63.7,67.4,67.7,68,68.3,68.5,68.8,68.9,69.1,69.2,69.3,69.5,69.8,70,70.2,70.5,70.8,71.1,71.3,71.6,71.9,72.2,72.6,73,73.2,73.6,73.9,74.2,74.5,74.2,68.9,66.4,65.5,67,67.6,69.7,72.3,74.1,74.4,74.2,76.1,75.4,75.92,76.34,76.76,76.97,77.07,77.28,77.39,77.6,77.81,77.91,78.12,78.22,78.43,78.54,78.64,78.85,79.06,79.16,79.37,79.48,79.69,79.79,80,80.11,80.21,80.42,80.52,80.73,80.84,81.05,81.15,81.26,81.47,81.57,81.78,81.88,82.09,82.2,82.3,82.51,82.62,82.82,82.93,83.14,83.24,83.45,83.56,83.66,83.87,83.98,84.18,84.29,84.5,84.6,84.81,84.92,85.13,85.23,85.33,85.54,85.65,85.75,85.96,86.07,86.17,86.38,86.49,86.59,86.8,86.9,87.01,87.22,87.32,87.43,87.53,87.74,87.84
tcd,Chad,30.9,30.9,30.9,30.9,30.9,30.9,30.9,30.9,30.9,30.9,30.9,30.9,30.9,30.9,30.9,30.9,30.9,30.9,30.9,30.9,30.9,30.9,30.9,30.9,30.9,30.9,30.9,30.9,30.9,30.9,30.9,30.9,30.9,30.9,30.9,30.9,30.9,30.9,30.9,30.9,30.9,30.9,30.9,30.9,30.9,30.9,30.9,30.9,30.9,30.9,30.9,30.96,31.02,31.08,31.14,31.2,31.26,31.32,31.38,31.44,31.5,31.56,31.62,31.68,31.74,31.8,31.86,31.92,31.98,32.04,32.1,32.16,32.22,32.28,32.34,32.4,32.46,32.52,32.58,32.64,32.7,32.76,32.82,32.88,32.94,33,33.06,33.12,33.18,33.24,33.3,33.36,33.42,33.48,33.54,33.6,33.66,33.72,33.78,33.84,33.9,33.96,34.02,34.08,34.14,34.2,34.26,34.32,34.38,34.44,34.5,34.56,34.62,34.68,34.74,34.8,34.86,34.92,20.49,35.04,35.1,35.16,35.21,35.27,35.33,35.39,35.45,35.51,35.57,35.63,35.69,35.75,35.81,35.87,35.93,35.99,36.05,36.11,36.17,36.23,36.29,36.53,36.76,36.99,37.23,37.46,38.8,40.14,41.49,42.84,44.2,44.4,44.4,44.6,44.7,44.6,44.8,44.9,45,45.1,45.2,45.3,45.4,45.5,45.5,45.6,44.9,45,45.1,45.2,45.2,44.7,45.3,46,46.1,46.3,45.9,46,46.1,46.2,46.3,46.2,46.1,46.2,46.3,47,46.8,45.6,47.6,48.1,48.1,48.3,48.6,48.9,49.1,49.5,49.5,49.5,49.5,49.8,49.7,50.1,50.4,50.7,51.1,51.6,51.8,52.8,53.3,54,54.4,54.7,55.2,55.5,55.8,56,56.5,56.8,57,57.3,56.5,57.8,57.7,58,58.11,58.32,58.53,58.63,58.84,59.05,59.16,59.37,59.47,59.68,59.79,60,60.11,60.32,60.53,60.63,60.74,60.95,61.16,61.26,61.37,61.58,61.68,61.89,62,62.21,62.32,62.53,62.63,62.74,62.95,63.05,63.16,63.37,63.47,63.58,63.79,63.89,64,64.21,64.32,64.42,64.53,64.74,64.84,64.95,65.16,65.26,65.37,65.47,65.58,65.68,65.89,66,66.11,66.21,66.32,66.42,66.63,66.74,66.84,66.95,67.05,67.16,67.26,67.47,67.58,67.68,67.79,67.89,68,68.21,68.32,68.42,68.53,68.63,68.74
tgo,Togo,31.3,31.3,31.3,31.3,31.3,31.3,31.3,31.3,31.3,31.3,31.3,31.3,31.3,31.3,31.3,31.3,31.3,31.3,31.3,31.3,31.3,31.3,31.3,31.3,31.3,31.3,31.3,31.3,31.3,31.3,31.3,31.3,31.3,31.3,31.3,31.3,31.3,31.3,31.3,31.3,31.3,31.3,31.3,31.3,31.3,31.3,31.3,31.3,31.3,31.3,31.3,31.36,31.41,31.47,31.52,31.58,31.63,31.69,31.74,31.8,31.86,31.91,31.97,32.02,32.08,32.13,32.19,32.24,32.3,32.36,32.41,32.47,32.52,32.58,32.63,32.69,32.74,32.8,32.86,32.91,32.97,33.02,33.08,33.13,33.19,33.24,33.3,33.36,33.41,33.47,33.52,33.58,33.63,33.69,33.74,33.8,33.86,33.91,33.97,34.02,34.08,34.13,34.19,34.24,34.3,34.36,34.41,34.47,34.52,34.58,34.63,34.69,34.74,34.8,34.86,34.91,34.97,35.02,13.56,35.13,35.19,35.24,35.3,35.36,35.41,35.47,35.52,35.58,35.63,35.69,35.74,35.8,35.86,35.91,35.97,36.02,36.08,36.13,36.19,36.24,36.3,36.4,36.5,36.59,36.7,36.8,37.52,38.24,38.96,39.67,40.4,40.8,41.1,41.1,41.4,41.7,41.8,42,42.1,42.3,42.6,42.8,43,43.2,43.6,44,44.6,45.1,45.6,46.1,46.6,47.1,47.6,48.1,48.7,49.1,49.7,50.2,50.9,51.5,52,52.5,53,53.4,53.8,54.1,54.5,54.8,55.1,55.4,55.8,55.9,56.1,56.1,56.1,56.1,56,55.8,55.8,55.9,55.8,55.9,56.2,56.7,57.2,57.5,58,58.4,58.6,59,59.5,60.2,60.7,61.3,61.7,61.9,62.3,62.6,63.1,63.5,63.4,63.3,64.1,64.5,64.71,64.91,65.12,65.32,65.53,65.73,65.94,66.04,66.25,66.45,66.66,66.87,66.97,67.17,67.38,67.48,67.69,67.89,68.1,68.2,68.41,68.51,68.72,68.82,69.03,69.13,69.33,69.44,69.64,69.75,69.95,70.06,70.26,70.36,70.47,70.67,70.78,70.88,71.08,71.19,71.29,71.5,71.6,71.7,71.91,72.01,72.11,72.32,72.42,72.52,72.63,72.83,72.94,73.04,73.24,73.35,73.45,73.55,73.66,73.86,73.96,74.07,74.17,74.38,74.48,74.58,74.68,74.89,74.99,75.1,75.2,75.4,75.51,75.61,75.71,75.92,76.02
tha,Thailand,30.4,30.4,30.4,30.4,30.4,30.4,30.4,30.4,30.4,30.4,30.4,30.4,30.4,30.4,30.4,30.4,30.4,30.4,30.4,30.4,30.4,30.4,30.4,30.4,30.4,30.4,30.4,30.4,30.4,30.4,30.4,30.4,30.4,30.4,30.4,30.4,30.4,30.4,30.4,30.4,30.4,30.4,30.4,30.4,30.4,30.4,30.4,30.4,30.4,30.4,30.4,30.42,30.44,30.46,30.48,30.51,30.53,30.55,30.57,30.59,30.61,30.63,30.65,30.67,30.69,30.72,30.74,30.76,30.78,30.8,30.82,30.84,30.86,30.88,30.91,30.93,30.95,30.97,30.99,31.01,31.03,31.05,31.07,31.09,31.12,31.14,31.16,31.18,31.2,31.22,31.24,31.26,31.28,31.31,31.33,31.35,31.37,31.39,31.41,31.43,31.45,31.47,31.49,31.52,31.54,31.56,31.58,31.6,31.62,31.64,31.66,31.68,31.71,31.73,31.75,31.77,31.79,31.81,20.4,31.85,31.87,31.89,31.92,31.94,31.96,31.98,32,32.02,32.04,32.06,32.08,33.59,35.12,36.63,38.16,39.68,41.21,42.73,42.76,42.78,41.75,40.72,40.76,40.8,40.62,41.98,43.34,44.69,53.38,53.94,54.5,55,56,57.1,57.7,57.9,57.7,57.6,58.3,59,59.4,59.9,59.8,59.7,60.2,60.7,60.7,60.9,61.2,61.7,62.6,63.1,63,62.9,63.3,64.3,65.6,66,66.2,66.2,66.4,67,67.6,68.4,69.8,70.8,71.5,71.7,71.8,71.8,71.9,71.8,71.6,71.4,70.9,70.6,71.2,72.4,72.3,71.3,71,71.2,71.4,71.8,71.7,72.5,73.2,73.7,74.3,74.9,75.1,75.5,75.9,76.2,76.4,76.6,76.7,77.4,77.8,77.7,77.8,76.8,76.5,77.5,77.7,77.91,78.21,78.41,78.62,78.82,79.02,79.22,79.43,79.63,79.83,80.04,80.24,80.44,80.64,80.85,81.05,81.25,81.46,81.66,81.86,81.96,82.17,82.37,82.57,82.77,82.88,83.08,83.28,83.38,83.59,83.69,83.89,83.99,84.2,84.3,84.5,84.6,84.8,84.91,85.11,85.21,85.31,85.51,85.62,85.82,85.92,86.02,86.12,86.33,86.43,86.63,86.73,86.83,86.93,87.14,87.24,87.34,87.44,87.64,87.75,87.85,87.95,88.15,88.25,88.35,88.46,88.66,88.76,88.86,88.96,89.06,89.17,89.37,89.47,89.57,89.67
tjk,Tajikistan,24.24,24.24,24.24,24.24,24.24,24.24,24.24,24.24,24.24,24.24,24.24,24.24,24.24,24.24,24.24,24.24,24.24,24.24,24.24,24.24,24.24,24.24,24.24,24.24,24.24,24.24,24.24,24.24,24.24,24.24,24.24,24.24,24.24,24.24,24.24,24.24,24.24,24.24,24.24,24.24,24.24,24.24,24.24,24.24,24.24,24.24,24.24,24.24,24.24,24.24,24.24,24.23,24.22,24.21,24.2,24.19,24.17,24.16,24.15,24.14,24.13,24.12,24.11,24.1,23.56,23.03,22.5,21.97,21.44,21.47,21.5,21.54,21.57,21.61,21.8,21.99,22.18,22.36,22.55,22.74,22.93,23.11,23.3,23.48,23.67,23.86,24.04,24.23,24.41,24.6,24.78,24.97,25.15,25.34,25.52,25.71,25.89,26.07,25.9,25.72,25.55,25.78,26.01,26.25,26.48,26.71,26.94,27.17,27.4,27.63,27.86,30.72,31.12,29,28.59,28.19,28.17,25.25,15.55,20.84,16.47,19.66,20.52,29.12,31.52,30.64,33.71,33.05,34.49,33.28,32.6,27.01,19.3,15.44,34.82,36.29,37.88,36.91,38.52,40.8,38.41,28.53,24.72,23.8,31.49,38.7,45.27,37.64,45.39,48.09,50.3,50.5,50.8,51.2,51.4,51.7,52.1,52.6,53.1,53.6,54.2,54.8,55.5,56.1,56.7,57.4,58,58.7,59.3,59.9,60.5,61,61.6,62.1,62.7,63.2,63.6,64.1,64.6,65,65.3,65.5,65.6,65.6,65.8,66.2,66.5,66.6,66.6,66.6,66.5,66,63,58.1,64,64.4,64.3,66.4,66.9,67.7,68.1,68.2,68.5,68.7,69.1,69.6,70.1,70.6,71.1,71.4,71.7,72,72.4,72.8,72.9,72.7,72.6,72.9,73.3,73.3,71.9,70.8,71.3,71.8,71.9,72.1,72.2,72.3,72.5,72.6,72.7,72.9,73,73.1,73.3,73.4,73.5,73.7,73.8,73.9,74.1,74.2,74.3,74.5,74.6,74.7,74.9,75,75.1,75.3,75.4,75.5,75.7,75.8,75.9,76.1,76.2,76.4,76.5,76.6,76.7,76.9,77,77.1,77.3,77.4,77.6,77.7,77.8,78,78.1,78.2,78.4,78.5,78.6,78.8,78.9,79,79.2,79.3,79.4,79.6,79.7,79.8,79.9,80.1,80.2,80.3,80.5,80.6,80.7,80.8,81,81.1,81.2,81.3,81.4,81.6,81.7,81.8,81.9
tkm,Turkmenistan,24,24,24,24,24,24,24,24,24,24,24,24,24,24,24,24,24,24,24,24,24,24,24,24,24,24,24,24,24,24,24,24,24,24,24,24,24,24,24,24,24,24,24,24,24,24,24,24,24,24,24,24.01,24.01,24.02,24.03,24.04,24.04,24.05,24.06,24.07,24.07,24.08,24.09,24.09,23.27,22.43,21.6,20.78,19.95,19.99,20.04,20.1,20.14,20.2,20.41,20.62,20.82,21.03,21.24,21.45,21.66,21.86,22.07,22.28,22.49,22.7,22.91,23.12,23.33,23.54,23.75,23.95,24.16,24.37,24.58,24.79,25,25.22,25.05,24.89,24.73,24.99,25.25,25.51,25.78,26.04,26.3,26.56,26.82,27.09,27.35,30.36,30.81,28.61,28.2,27.8,27.81,24.75,14.55,20.14,15.55,18.93,19.86,28.96,31.52,30.61,33.9,33.22,34.78,33.52,32.82,26.91,18.72,14.62,35.29,36.89,38.61,37.61,39.36,41.83,39.31,28.28,24.21,23.21,31.46,39.21,46.72,38.52,46.87,49.78,52.2,52.4,52.9,53.3,53.5,54,54.5,55,55.5,56,56.7,57.4,58,58.5,59.2,59.8,60.3,60.8,61.2,61.5,61.8,62,62.1,62.3,62.5,62.6,62.8,63,63.2,63.4,63.6,63.9,64.2,64.4,64.6,64.7,64.9,65.2,65.5,65.8,66,65.7,65.4,64.9,64.7,64.6,64.6,64.9,65.4,66.1,66.5,66.8,66.8,66.8,66.9,67.1,67.4,67.7,68.3,69,69.4,69.6,69.6,69.6,69.5,69.5,69.6,69.7,69.9,70.2,69.1,68.7,70.5,71.1,71.2,71.3,71.51,71.61,71.71,71.81,72.01,72.11,72.22,72.42,72.52,72.62,72.72,72.93,73.03,73.13,73.33,73.43,73.53,73.64,73.84,73.94,74.14,74.24,74.35,74.45,74.65,74.75,74.95,75.06,75.16,75.36,75.46,75.66,75.77,75.87,76.07,76.17,76.27,76.48,76.58,76.68,76.88,76.98,77.19,77.29,77.49,77.59,77.69,77.9,78,78.1,78.3,78.4,78.61,78.71,78.91,79.01,79.11,79.32,79.42,79.62,79.72,79.82,80.03,80.13,80.23,80.43,80.53,80.63,80.84,80.94,81.14,81.24,81.34,81.55,81.65
tls,Timor-Leste,28.95,28.95,28.95,28.95,28.95,28.95,28.95,28.95,28.95,28.95,28.95,28.95,28.95,28.95,28.95,28.95,28.95,28.95,28.95,28.95,28.95,28.95,28.95,28.95,28.95,28.95,28.95,28.95,28.95,28.95,28.95,28.95,28.95,28.95,28.95,28.95,28.95,28.95,28.95,28.95,28.95,28.95,28.95,28.95,28.95,28.95,28.95,28.95,28.95,28.95,28.95,29.01,29.07,29.14,29.2,29.26,29.32,29.38,29.45,29.51,29.57,29.63,29.7,29.76,29.82,29.88,29.94,30.01,30.07,30.13,30.19,30.25,30.32,30.38,30.44,30.5,30.56,30.63,30.69,30.75,30.81,30.87,30.94,31,31.06,31.12,31.19,31.25,31.31,31.37,31.43,31.5,31.56,31.62,31.68,31.74,31.81,31.87,31.93,31.99,32.05,32.12,32.18,32.24,32.3,32.36,32.43,32.49,32.55,32.61,32.68,32.74,32.8,32.86,32.92,32.99,33.05,33.11,10.77,33.23,33.3,33.36,33.42,33.48,33.54,33.61,33.67,33.73,33.79,33.86,33.92,33.98,34.04,34.1,34.17,34.23,34.29,34.35,34.41,34.48,34.54,34.84,25.62,23.51,20.19,19.27,25.58,33.11,36.98,37.29,37.6,37.7,38.8,38.6,38.4,39.4,39.7,40,40.3,40.6,41.2,41.6,42,42.5,42.9,43.4,43.9,44.5,45,45.6,46.1,46.7,47.2,47.8,48.3,43.7,45.7,46.2,46,45.8,48.8,50.4,51.4,52,53.3,54.1,54.9,55.8,56.3,56.6,57.4,57.6,58.3,58.6,59.5,59.9,61.6,61,61.5,56.7,63.6,64.1,64.8,65.4,66.3,66.6,67,67.5,68.1,68.3,68.5,68.4,68.4,68.6,68.8,68.9,69,69.1,69.1,69.3,69.3,69.1,69.7,69.9,70.11,70.31,70.52,70.73,70.93,71.14,71.35,71.55,71.76,71.96,72.07,72.27,72.48,72.69,72.79,73,73.1,73.31,73.51,73.62,73.82,73.93,74.13,74.24,74.44,74.55,74.75,74.86,75.06,75.17,75.37,75.48,75.58,75.79,75.89,75.99,76.2,76.3,76.51,76.61,76.71,76.92,77.02,77.13,77.23,77.44,77.54,77.75,77.85,77.95,78.16,78.26,78.37,78.47,78.68,78.78,78.88,79.09,79.19,79.3,79.5,79.61,79.71,79.92,80.02,80.12,80.33,80.43,80.53,80.64,80.84,80.95,81.05,81.15,81.36,81.46,81.57
ton,Tonga,28.2,28.2,28.2,28.2,28.2,28.2,28.2,28.2,28.2,28.2,28.2,28.2,28.2,28.2,28.2,28.2,28.2,28.2,28.2,28.2,28.2,28.2,28.2,28.2,28.2,28.2,28.2,28.2,28.2,28.2,28.2,28.2,28.2,28.2,28.2,28.2,28.2,28.2,28.2,28.2,28.2,28.2,28.2,28.2,28.2,28.2,28.2,28.2,28.2,28.2,28.2,28.2,28.2,28.2,28.2,28.2,28.2,28.2,28.19,28.19,28.19,28.19,28.19,28.19,28.19,28.19,28.19,28.19,28.19,28.19,28.19,28.19,28.19,28.19,28.18,28.18,28.18,28.18,28.18,28.18,28.18,28.18,28.18,28.18,28.18,28.18,28.18,28.18,28.18,28.18,28.17,28.17,28.17,7.99,28.17,28.17,28.17,28.17,28.17,28.17,28.17,28.17,28.17,28.17,28.17,28.17,28.16,28.16,28.16,28.16,28.16,28.16,28.16,28.16,28.16,28.16,28.16,28.16,5.83,28.16,28.16,28.15,28.15,28.15,28.15,28.15,29.34,30.53,31.71,32.9,34.09,35.27,36.45,37.64,38.83,40.01,41.2,42.39,43.57,44.76,45.95,47.12,48.29,49.47,50.64,51.82,53,54.17,55.35,56.52,57.7,58.1,58.4,58.8,59.2,59.5,59.9,60.3,60.6,61,61.3,61.6,61.9,62.2,62.5,62.8,63.1,63.3,63.6,63.8,64,64.3,64.5,64.6,64.9,65.1,65.3,65.5,65.8,66.1,66.5,66.9,67.3,67.9,68.5,69.1,69.6,70,70.2,70.4,70.6,70.7,70.8,70.9,70.9,71.1,71.1,71.1,71.1,71.1,71.2,71.3,71.4,71.4,71.5,71.6,71.7,71.7,71.7,69.1,71.7,71.7,71.7,71.7,71.8,71.9,71.9,72,72.1,72.2,71.6,69.6,71.4,71.7,71.9,72,72.19,72.29,72.49,72.59,72.78,72.88,73.08,73.18,73.37,73.57,73.67,73.86,73.96,74.16,74.36,74.45,74.65,74.75,74.95,75.14,75.24,75.44,75.54,75.73,75.93,76.03,76.22,76.32,76.52,76.72,76.81,77.01,77.11,77.21,77.4,77.5,77.7,77.8,77.9,78.09,78.19,78.29,78.39,78.58,78.68,78.78,78.88,78.98,79.17,79.27,79.37,79.47,79.57,79.67,79.77,79.86,80.06,80.16,80.26,80.36,80.45,80.55,80.75,80.85,80.95,81.04,81.14,81.34,81.44,81.54,81.63,81.83,81.93,82.03,82.13
tto,Trinidad and Tobago,32.9,32.9,32.9,32.9,32.9,32.9,32.9,32.9,32.9,32.9,32.9,32.9,32.9,32.9,32.9,32.9,32.9,32.9,32.9,32.9,32.9,32.9,32.9,32.9,32.9,32.9,32.9,32.9,32.9,32.9,32.9,32.9,32.9,32.9,32.9,32.9,32.9,32.9,32.9,33.88,34.87,35.85,36.83,37.82,38.8,38.8,38.8,38.8,38.8,38.8,38.8,38.81,38.82,38.83,38.84,38.85,38.86,38.88,38.89,38.9,38.91,38.92,38.93,38.94,38.95,38.96,38.97,38.98,38.99,39.01,39.02,39.03,39.04,39.05,39.06,39.07,39.08,39.09,39.1,39.11,39.12,39.13,39.15,39.16,39.17,39.18,39.19,39.2,39.21,39.22,39.23,39.24,39.25,39.26,39.28,39.29,39.3,39.31,39.32,39.33,39.34,39.35,39.36,39.37,39.38,39.39,39.4,39.42,39.43,39.44,39.45,39.46,39.47,39.48,39.49,39.5,39.51,39.52,25.64,39.55,39.56,39.57,40.28,41,41.71,42.43,43.14,43.86,44.58,45.29,46.01,46.73,47.35,47.95,48.57,49.19,49.79,50.41,51.03,51.64,52.26,52.9,53.53,54.18,54.82,55.45,56.09,56.74,57.39,58.05,58.7,59.2,59.7,60.3,60.8,61.3,61.9,62.3,62.7,63.2,63.6,63.9,64.2,64.3,64.5,64.6,64.7,64.8,64.9,65,65.1,65.2,65.4,65.6,66,66.3,66.6,66.9,67.2,67.4,67.7,67.8,68,68.1,68.2,68.4,68.6,68.8,68.9,69,69,69.1,69.1,69.1,69,69.1,69,69.1,69.2,69.3,69.6,69.9,70.3,70.5,70.9,71.3,71.7,72.1,72.4,72.8,73.1,73.5,73.8,73.9,73.9,73.8,73.7,73.7,73.8,73.7,72.8,69.5,71.5,73.2,73.3,73.4,73.6,73.7,73.9,74,74.1,74.3,74.4,74.49,74.69,74.79,74.99,75.09,75.19,75.39,75.49,75.69,75.79,75.89,76.09,76.19,76.39,76.49,76.69,76.79,76.98,77.08,77.28,77.38,77.58,77.68,77.88,77.98,78.18,78.28,78.38,78.58,78.68,78.88,78.98,79.08,79.28,79.37,79.57,79.67,79.87,79.97,80.07,80.27,80.37,80.57,80.67,80.77,80.97,81.07,81.27,81.37,81.47,81.67,81.76,81.86,82.06,82.16,82.26,82.46,82.56,82.66,82.76,82.96,83.06,83.16,83.26,83.46,83.56,83.66,83.76
tun,Tunisia,28.8,28.8,28.8,28.8,28.8,28.8,28.8,28.8,28.8,28.8,28.8,28.8,28.8,28.8,28.8,28.8,28.8,28.8,5.5,1.5,6.5,28.8,28.8,28.8,28.8,28.8,28.8,28.8,28.8,28.8,28.8,28.8,28.8,28.8,28.8,28.8,28.8,28.8,28.8,28.8,28.8,28.8,28.8,28.8,28.8,28.8,28.8,28.8,28.8,15,14,28.84,28.88,28.92,28.96,29,29.04,29.08,29.12,29.16,29.2,29.24,29.27,29.31,29.35,29.39,29.43,29.47,10.04,29.55,29.59,29.63,29.67,29.71,29.75,29.79,29.83,29.87,29.91,29.95,29.99,30.03,30.07,30.11,30.15,30.19,30.22,30.26,30.3,30.34,30.38,30.42,30.46,30.5,30.54,30.58,30.62,30.66,30.7,30.74,30.78,30.82,30.86,30.9,30.94,30.98,31.02,31.06,31.1,31.13,31.17,31.21,31.25,31.29,31.33,31.37,31.41,31.45,24.1,31.53,31.57,31.61,31.65,31.69,31.99,32.3,32.61,32.92,33.23,33.53,33.84,34.16,34.47,34.78,35.28,35.78,36.28,36.8,37.3,37.81,38.32,37.19,30.55,28.4,29.63,31.43,40.02,42.41,43,43.6,44.2,44.6,45.2,45.6,45.7,46.4,46.9,47.5,48.1,48.5,49.1,49.6,50.2,50.9,51.5,52.2,52.9,53.6,54.4,54.9,55.9,56.7,57.6,58.4,59.3,60.1,60.9,61.7,62.4,63.2,63.7,64.6,65.2,65.9,66.5,67.1,67.6,68,68.4,68.7,69,69.2,69.5,69.8,70.1,70.3,70.5,70.8,71,71.2,71.5,71.7,72,72.2,72.5,72.7,72.9,73.1,73.4,73.6,73.8,74,74.3,74.5,74.7,74.9,75.1,75.3,75.5,75.8,72.7,70.4,74.9,75.6,75.8,76,76.19,76.39,76.59,76.79,76.98,77.18,77.38,77.58,77.68,77.87,78.07,78.27,78.47,78.66,78.86,79.06,79.16,79.36,79.55,79.75,79.95,80.05,80.24,80.44,80.54,80.74,80.94,81.04,81.23,81.43,81.53,81.73,81.83,82.02,82.12,82.32,82.42,82.62,82.72,82.91,83.01,83.21,83.31,83.41,83.6,83.7,83.9,84,84.1,84.3,84.4,84.49,84.69,84.79,84.89,84.99,85.19,85.28,85.38,85.58,85.68,85.78,85.88,85.98,86.17,86.27,86.37,86.47,86.57,86.77,86.87,86.96,87.06,87.16,87.26
tur,Turkey,35,35,35,35,35,35,35,35,35,35,35,35,35,35,35,35,35,35,35,35,35,35,35,35,35,35,35,35,35,35,35,35,35,35,35,35,35,35,35,35,35,35,35,35,35,35,35,35,35,35,35,35.07,35.14,35.21,35.28,35.34,35.41,35.48,35.55,35.62,35.69,35.76,35.83,35.9,35.96,36.03,36.1,36.17,36.24,36.31,36.38,36.45,36.52,36.58,36.65,36.72,36.79,36.86,36.93,37,37.07,37.14,37.2,37.27,37.34,37.41,37.48,37.55,37.62,37.69,37.76,37.83,37.89,37.96,38.03,38.1,38.17,38.24,38.31,38.38,38.45,38.51,38.58,38.65,38.72,38.79,38.86,38.93,39,39.07,39.13,39.2,39.27,39.34,30.4,7.9,21.47,24.9,21.62,34.08,33,33.05,37.68,40.03,40.1,40.17,40.24,40.31,40.37,40.44,40.51,40.65,40.79,40.93,41.08,41.22,41.36,41.5,40.61,39.71,38.82,38.02,37.19,38.95,40.71,42.47,44.24,46.02,47,48,49,49.8,50.3,50.8,51.1,51.6,51.9,52.3,52.7,53.1,53.6,54.2,54.8,55.4,56.1,56.7,57.2,58,58.6,59.2,59.8,60.4,60.9,61.3,61.7,61.9,62.2,62.7,63,63,63.1,63.5,64.3,65.1,65.8,66.6,67.4,67.9,68.1,67.9,68.1,68.4,68.6,68.8,69,69.3,69.9,70.4,70.9,70.9,72.2,72.9,73.5,73.9,74.4,74.6,74.7,75,75.8,76.9,77.3,77.2,77.2,76.8,76.5,76.4,76.3,76.7,77.1,77.4,76.2,75.4,76.9,76.1,76.3,76.69,77.28,77.48,77.68,77.87,77.97,78.17,78.37,78.56,78.76,78.86,79.06,79.25,79.35,79.55,79.75,79.85,80.04,80.24,80.34,80.54,80.73,80.83,81.03,81.13,81.32,81.42,81.62,81.72,81.92,82.01,82.21,82.31,82.41,82.61,82.7,82.8,83,83.1,83.2,83.39,83.49,83.59,83.69,83.89,83.99,84.08,84.18,84.38,84.48,84.58,84.68,84.77,84.97,85.07,85.17,85.27,85.37,85.46,85.66,85.76,85.86,85.96,86.06,86.15,86.25,86.35,86.55,86.65,86.75,86.84,86.94,87.04,87.14,87.24,87.34
tuv,Tuvalu,,,,,,,,,,,,,,,,,,,,,,,,,,,,,,,,,,,,,,,,,,,,,,,,,,,,,,,,,,,,,,,,,,,,,,,,,,,,,,,,,,,,,,,,,,,,,,,,,,,,,,,,,,,,,,,,,,,,,,,,,,,,,,,,,,,,,,,,,,,,,,,,,,,,,,,46.1,46.4,46.8,47.2,47.5,47.8,48.2,48.5,48.8,49.1,49.5,49.8,50.2,50.5,50.9,51.3,51.6,52,52.3,52.7,53.1,53.4,52.3,54.1,54.4,54.6,54.9,55.1,55.4,55.6,55.8,56.1,56.4,56.7,57.1,57.5,57.9,58.4,58.9,59.3,59.7,60,60.3,60.5,60.7,60.9,61,61.2,61.3,61.5,58.4,61.8,62,62.2,62.3,62.4,62.6,62.7,62.8,62.9,62.9,63,63,63,63.1,63.2,63.2,63.4,63.4,63.6,63.1,61.6,63.1,63.3,63.49,63.58,63.77,63.87,64.05,64.15,64.24,64.43,64.53,64.62,64.81,64.9,65,65.19,65.28,65.38,65.47,65.56,65.75,65.85,65.94,66.13,66.22,66.32,66.41,66.6,66.7,66.79,66.98,67.07,67.17,67.36,67.45,67.64,67.73,67.83,68.02,68.11,68.21,68.39,68.49,68.68,68.77,68.87,69.05,69.15,69.24,69.43,69.53,69.71,69.81,70,70.09,70.28,70.38,70.47,70.66,70.75,70.94,71.04,71.22,71.32,71.41,71.6,71.7,71.88,71.98,72.07,72.26,72.36,72.45,72.64,72.73,72.92,73.02,73.11,73.3
tza,Tanzania,32.2,32.2,32.2,32.2,32.2,32.2,32.2,32.2,32.2,32.2,32.2,32.2,32.2,32.2,32.2,32.2,32.2,32.2,32.2,32.2,32.2,32.2,32.2,32.2,32.2,32.2,32.2,32.2,32.2,32.2,32.2,32.2,32.2,32.2,32.2,32.2,32.2,32.2,32.2,32.2,32.2,32.2,32.2,32.2,32.2,32.2,32.2,32.2,32.2,32.2,32.2,32.23,32.26,32.29,32.32,32.35,32.38,32.41,32.44,32.47,32.5,32.53,32.56,32.59,32.62,32.65,32.68,32.71,32.74,32.77,32.8,32.83,32.86,32.89,32.92,32.95,32.98,33.01,33.04,33.07,33.1,33.13,33.16,33.19,33.22,33.25,33.28,33.31,33.34,33.37,33.4,33.43,33.46,33.49,33.52,33.55,33.58,33.61,33.64,33.67,33.7,33.73,33.76,33.79,33.82,33.85,33.88,33.91,33.94,33.97,34,34.03,34.06,34.09,34.12,34.15,34.18,34.21,13.24,34.27,34.3,34.33,34.36,34.39,34.42,34.45,34.49,34.52,34.55,34.58,34.61,34.64,34.67,34.7,34.73,34.76,34.79,34.82,34.85,34.88,34.91,35.03,35.17,35.3,35.44,35.57,37.48,39.41,41.34,43.27,45.2,45.5,45.8,46.1,46.3,46.4,46.6,46.9,47.1,47.3,47.5,47.7,48,48.2,48.5,48.8,49.2,49.5,49.9,50.3,50.7,51.1,51.5,51.9,52.3,52.7,53.2,53.6,53.9,54.5,54.8,55.1,55.4,55.6,55.8,56,56.1,55.9,55.7,55.4,55,54.6,53.9,53.6,53.2,53,52.8,52.8,53.1,53.7,54.3,55,55.5,56.1,56.8,57.9,59.2,60.6,61.4,61.9,62.4,62.8,63.6,64.6,65.4,66,66.5,67.1,67.7,68.3,67.2,65.2,68.9,69.4,69.61,69.81,70.02,70.23,70.44,70.64,70.85,71.06,71.26,71.47,71.68,71.89,72.09,72.3,72.4,72.61,72.82,72.92,73.13,73.23,73.44,73.65,73.75,73.96,74.06,74.27,74.37,74.58,74.68,74.89,75.1,75.2,75.41,75.51,75.72,75.82,76.03,76.13,76.34,76.44,76.65,76.75,76.96,77.07,77.17,77.38,77.48,77.69,77.79,78,78.1,78.31,78.41,78.62,78.72,78.93,79.03,79.24,79.34,79.55,79.65,79.76,79.97,80.07,80.28,80.38,80.59,80.69,80.79,81,81.1,81.31,81.42,81.62,81.73,81.83,82.04
uga,Uganda,25.3,25.3,25.3,25.3,25.3,25.3,25.3,25.3,25.3,25.3,25.3,25.3,25.3,25.3,25.3,25.3,25.3,25.3,25.3,25.3,25.3,25.3,25.3,25.3,25.3,25.3,25.3,25.3,25.3,25.3,25.3,25.3,25.3,25.3,25.3,25.3,25.3,25.3,25.3,25.3,25.3,25.3,25.3,25.3,25.3,25.3,25.3,25.3,25.3,25.3,25.3,25.34,25.38,25.42,25.46,25.49,25.53,25.57,25.61,25.65,25.69,25.73,25.77,25.8,25.84,25.88,25.92,25.96,26,26.04,26.08,26.11,26.15,26.19,26.23,26.27,26.31,26.35,26.39,26.42,26.46,26.5,26.54,26.58,26.62,26.66,26.7,26.73,26.77,26.81,26.85,26.89,26.93,26.97,27.01,27.04,27.08,27.12,27.16,27.2,27.24,27.28,27.32,27.35,27.39,27.43,27.47,27.51,27.55,27.59,27.63,27.66,27.7,27.74,27.78,27.82,27.86,27.9,10.8,27.97,28.01,28.05,28.09,27.82,27.54,27.27,26.99,26.72,27.04,27.35,27.67,27.99,28.31,28.63,28.95,29.27,29.59,29.92,30.3,30.68,31.06,31.52,31.98,32.43,32.9,33.36,35.81,38.27,40.74,43.21,45.7,45.9,45.9,46.2,46.4,46.2,46.4,46.6,46.7,46.8,46.9,47,47.1,47.3,47.5,47.7,47.9,48.1,48.3,48.5,48.8,49,49.3,49.6,49.8,50.1,50.4,50.7,50.8,51.1,49.4,49.5,49.6,49.5,49.2,48.7,48.1,48.7,48.1,47.4,46.9,46.3,46.2,46.1,46.1,46.4,46.6,47.1,47.6,48.1,48.5,49.5,50.4,51.7,53.3,55.2,55.9,56.4,57.4,58.4,59.3,60,60.6,61.4,62.1,62.7,63.3,63.9,64.4,64.9,64.6,61.6,65.1,65.6,65.79,65.98,66.18,66.37,66.66,66.85,67.04,67.23,67.42,67.62,67.81,68,68.1,68.29,68.48,68.67,68.87,69.06,69.15,69.35,69.54,69.73,69.83,70.02,70.21,70.4,70.5,70.69,70.88,70.98,71.17,71.27,71.46,71.65,71.75,71.94,72.13,72.23,72.42,72.61,72.71,72.9,73,73.19,73.28,73.48,73.67,73.76,73.96,74.05,74.24,74.34,74.53,74.63,74.82,75.01,75.11,75.3,75.4,75.59,75.68,75.78,75.97,76.07,76.26,76.36,76.55,76.65,76.84,76.93,77.13,77.22,77.32,77.51,77.61,77.8,77.89
ukr,Ukraine,36.6,36.6,36.6,36.6,36.6,36.6,36.6,36.6,36.6,36.6,36.6,36.6,36.6,36.6,36.6,36.6,36.6,36.6,36.6,36.6,36.6,36.6,36.6,36.6,36.6,36.6,36.6,36.6,36.6,36.6,36.6,36.6,36.6,36.6,36.6,36.6,36.6,36.6,36.6,36.6,36.6,36.6,36.6,36.6,36.6,36.6,36.6,36.6,36.6,36.6,36.6,36.62,36.65,36.67,36.69,36.72,36.74,36.76,36.78,36.81,36.83,36.85,36.88,36.9,36.92,36.95,36.97,36.99,37.01,37.04,37.06,37.08,37.11,37.13,37.15,37.18,37.2,37.22,37.25,37.27,37.29,37.31,37.34,37.36,37.38,37.41,37.43,37.45,37.48,37.5,37.52,37.55,37.57,37.59,37.61,37.64,37.66,37.68,37.71,37.73,37.75,38.19,38.62,39.05,39.49,39.93,40.37,40.8,41.23,41.67,42.11,42.55,43,43.44,42.18,36.43,36.45,34.39,30.24,32.35,29.29,32.75,33.71,43.04,45.68,44.77,48.15,47.23,48.94,46.98,46.95,48.03,38.86,9.52,41.85,52.26,53.02,51.74,53.09,52.91,52.73,26.37,20.66,19.29,30.62,37.62,58.58,47.95,61.4,64.4,66.5,66.8,67.1,67.4,67.7,68,68.2,68.4,68.9,69.6,70.6,70.9,70.8,71.3,71.8,71.7,71.7,71.6,71.5,71.1,70.9,71,70.9,71,70.9,70.5,70.3,70.1,70,69.8,69.8,69.9,70.1,70,69.9,70.3,71.2,71.3,71.2,71.1,70.6,69.9,69.2,68.4,67.8,67.1,67.3,67.9,68.5,68.3,68.1,68.2,68.1,68,67.9,67.7,67.9,68,68.4,69.6,70.4,71,71.2,71.4,71.7,72.8,73.2,73.1,73.4,73.4,72.3,70.8,68.4,72.5,73.78,73.98,74.08,74.28,74.38,74.57,74.77,74.87,75.07,75.17,75.36,75.46,75.66,75.86,75.96,76.15,76.25,76.45,76.65,76.75,76.94,77.04,77.24,77.34,77.54,77.64,77.83,77.93,78.13,78.33,78.43,78.62,78.72,78.92,79.02,79.22,79.32,79.41,79.61,79.71,79.91,80.01,80.2,80.3,80.4,80.6,80.7,80.9,80.99,81.09,81.29,81.39,81.59,81.69,81.78,81.88,82.08,82.18,82.28,82.48,82.57,82.67,82.87,82.97,83.07,83.27,83.37,83.46,83.56,83.66,83.86,83.96,84.06,84.16,84.25,84.45,84.55
ury,Uruguay,32.9,32.9,32.9,32.9,32.9,32.9,32.9,32.9,32.9,32.9,32.9,32.9,32.9,32.9,32.9,32.9,32.9,32.9,32.9,32.9,32.9,32.9,32.9,32.9,32.9,32.9,32.9,32.9,32.9,32.9,32.9,32.9,32.9,32.9,32.9,32.9,32.9,32.9,32.9,32.9,32.9,32.9,32.9,32.9,32.9,32.9,32.9,32.9,32.9,32.9,32.9,32.9,32.9,32.91,32.91,32.91,32.91,32.91,32.92,32.92,32.92,32.92,32.92,32.93,32.93,32.93,32.93,32.93,32.94,32.94,32.94,32.94,32.95,32.95,32.95,32.95,32.95,32.96,32.96,32.96,32.96,32.96,32.97,32.97,32.97,32.97,32.97,32.98,32.98,32.98,32.98,32.98,32.99,32.99,32.99,32.99,32.99,33,33,33,33,33,33.01,33.01,33.01,33.01,33.01,33.02,33.02,33.02,33.02,33.02,33.03,33.03,33.03,33.03,33.04,33.04,30.73,33.04,33.04,33.05,33.05,33.05,33.05,33.05,34.38,35.7,37.03,38.35,39.68,41.01,42.32,43.65,44.98,46.3,47.63,48.95,50.28,51.61,52.93,54.28,55.61,56.95,58.28,59.61,60.95,62.29,63.63,64.97,66.3,66.8,67.2,67.6,67.8,67.8,68,68,68,68,68.2,68.5,68.7,68.6,68.5,68.4,68.4,68.3,68.3,68.2,68.2,68.2,68.2,68.7,69.1,69.5,69.6,69.8,70.2,70.4,70.7,71.3,71.8,71.8,71.9,72.3,72.5,72.5,72.5,72.8,73.1,73.3,73.4,73.3,73.6,73.6,73.8,74.1,74.1,74.2,74.7,74.9,75,75,75.3,75.6,75.8,75.8,76.2,76.5,76.4,76.4,76.5,76.8,77,77,77,77.2,77.2,77.5,77.9,75.1,76.2,77.4,77.6,77.8,77.9,78.09,78.29,78.39,78.59,78.69,78.89,79.08,79.18,79.38,79.58,79.68,79.88,79.98,80.17,80.27,80.47,80.67,80.77,80.87,81.07,81.17,81.36,81.46,81.56,81.76,81.86,82.06,82.16,82.26,82.45,82.55,82.65,82.85,82.95,83.05,83.25,83.35,83.45,83.54,83.74,83.84,83.94,84.04,84.24,84.34,84.44,84.54,84.73,84.83,84.93,85.03,85.23,85.33,85.43,85.53,85.63,85.72,85.92,86.02,86.12,86.22,86.32,86.42,86.52,86.62,86.72,86.91,87.01,87.11,87.21,87.31,87.41,87.51,87.71
usa,USA,39.41,39.41,39.41,39.41,39.41,39.41,39.41,39.41,39.41,39.41,39.41,39.41,39.41,39.41,39.41,39.41,39.41,39.41,39.41,39.41,39.41,39.41,39.41,39.41,39.41,39.41,39.41,39.41,39.41,39.41,39.41,39.41,39.41,39.41,39.41,39.41,39.41,39.41,39.41,39.41,39.41,39.41,39.41,39.41,39.41,39.41,39.41,39.41,39.41,39.41,39.41,39.41,39.41,39.42,39.42,39.42,39.42,39.43,39.43,39.43,39.43,38.02,34.52,34.02,31.02,38.03,39.45,39.45,39.45,39.45,39.45,39.46,39.46,39.46,39.46,39.46,39.47,39.47,39.47,39.47,39.48,40.06,40.64,41.23,41.81,42.39,42.98,43.56,44.14,44.73,45.31,45.68,46.06,46.44,46.81,47.19,47.56,47.94,48.31,48.69,49.07,49.44,50.65,50.75,49.75,50.45,50.26,50.36,52.07,52.97,51.97,53.58,54.29,53.69,54.79,55.3,54.4,54.2,47.38,55.51,55.62,58.43,58.33,57.73,58.74,58.74,58.15,59.66,58.55,58.76,59.87,60.57,61.28,61.24,60.57,61.23,60.69,61.4,62.74,63.43,63.6,64.16,64.96,64.67,65.47,65.98,66.69,67.09,67.67,68.05,68.5,68.5,68.7,69,69.7,69.8,69.8,69.6,69.8,70,69.9,70.3,70.2,70,70.2,70.3,70.2,70.5,70.2,70.5,70.8,71.2,71.3,71.5,72.1,72.6,72.9,73.3,73.5,73.8,73.8,74.1,74.5,74.6,74.7,74.7,74.8,75,75,75.3,75.5,75.6,75.8,75.6,75.8,75.9,76.2,76.5,76.7,76.7,76.8,76.9,77,77.2,77.6,77.6,77.8,78.1,78.2,78.5,78.7,78.8,78.9,78.9,78.9,78.8,78.7,78.7,78.8,78.9,77.1,76.4,77.6,78.5,78.7,78.8,78.99,79.09,79.29,79.39,79.59,79.69,79.89,79.98,80.18,80.28,80.48,80.58,80.68,80.88,80.97,81.17,81.27,81.47,81.57,81.67,81.87,81.96,82.16,82.26,82.36,82.56,82.66,82.86,82.95,83.05,83.25,83.35,83.45,83.55,83.75,83.85,83.94,84.14,84.24,84.34,84.44,84.64,84.74,84.84,84.93,85.03,85.13,85.23,85.43,85.53,85.63,85.73,85.83,85.92,86.12,86.22,86.32,86.42,86.52,86.62,86.72,86.82,87.01,87.11,87.21,87.31,87.41,87.51,87.61,87.71,87.81,88,88.1,88.2,88.3
uzb,Uzbekistan,26.93,26.93,26.93,26.93,26.93,26.93,26.93,26.93,26.93,26.93,26.93,26.93,26.93,26.93,26.93,26.93,26.93,26.93,26.93,26.93,26.93,26.93,26.93,26.93,26.93,26.93,26.93,26.93,26.93,26.93,26.93,26.93,26.93,26.93,26.93,26.93,26.93,26.93,26.93,26.93,26.93,26.93,26.93,26.93,26.93,26.93,26.93,26.93,26.93,26.93,26.93,26.94,26.95,26.96,26.96,26.97,26.98,26.99,27,27.01,27.01,27.02,27.03,27.04,26.51,26,25.48,24.96,24.45,24.49,24.54,24.6,24.65,24.71,24.91,25.12,25.33,25.54,25.75,25.96,26.17,26.38,26.59,26.8,27.01,27.22,27.43,27.64,27.85,28.07,28.28,28.49,28.7,28.91,29.12,29.33,29.55,29.76,29.59,29.43,29.28,29.54,29.8,30.07,30.33,30.59,30.86,31.12,31.39,31.65,31.91,34.93,35.38,33.18,32.77,32.37,32.38,29.33,19.13,24.72,20.13,23.51,24.43,33.54,36.11,35.2,38.49,37.81,39.37,38.11,37.42,31.5,23.31,19.21,39.89,41.5,43.22,42.22,43.97,46.45,43.92,31.07,26.78,24.75,34.46,42.21,51.34,43.13,51.48,54.39,56.8,57.1,57.4,57.9,58.2,58.5,59,59.5,60,60.6,61.2,61.9,62.5,63,63.6,64.2,64.7,65.1,65.5,65.8,66,66.2,66.2,66.3,66.3,66.4,66.4,66.5,66.6,66.7,66.9,67,67.1,67.2,67.3,67.3,67.4,67.6,67.9,68.2,68.3,68.1,67.7,67.3,67,67,67.1,67.4,67.7,68.1,68.3,68.4,68.6,68.8,69,69,68.9,69.2,69.6,69.9,70.1,70.2,70.4,70.7,70.9,71.1,71.2,71.4,71.6,71.7,71.2,71.6,72.1,72.5,72.6,72.8,72.9,73,73.1,73.3,73.4,73.5,73.7,73.8,73.9,74.1,74.2,74.3,74.5,74.6,74.7,74.9,75,75.2,75.3,75.4,75.6,75.7,75.8,76,76.1,76.21,76.41,76.51,76.71,76.81,76.91,77.11,77.21,77.41,77.51,77.71,77.81,78.01,78.11,78.21,78.41,78.51,78.71,78.81,79.01,79.11,79.31,79.41,79.51,79.71,79.81,80.01,80.11,80.21,80.41,80.51,80.71,80.81,80.91,81.11,81.21,81.41,81.51,81.61,81.81,81.91,82.01,82.21,82.31,82.41,82.61,82.71,82.81,83.01,83.11
vct,St. Vincent and the Grenadines,25.99,25.99,25.99,25.99,25.99,25.99,25.99,25.99,25.99,25.99,25.99,25.99,25.99,25.99,25.99,25.99,25.99,25.99,25.99,25.99,25.99,25.99,25.99,25.99,25.99,25.99,25.99,25.99,25.99,25.99,25.99,25.99,25.99,25.99,25.99,25.99,25.99,25.99,25.99,25.99,25.99,25.99,25.99,25.99,25.99,25.99,25.99,25.99,25.99,25.99,25.99,26.04,26.08,26.13,26.17,26.22,26.26,26.31,26.35,26.4,26.44,26.49,26.53,26.58,26.62,26.67,26.72,26.76,26.81,26.85,26.9,26.94,26.99,27.03,27.08,27.12,27.17,27.21,27.26,27.3,27.35,27.39,27.44,27.49,27.53,27.58,27.62,27.67,27.71,27.76,27.8,27.85,27.89,27.94,27.98,28.03,28.07,28.12,28.17,28.21,28.26,28.3,28.35,28.39,28.44,28.48,28.53,28.57,28.62,28.66,28.71,28.75,28.8,28.84,28.89,28.94,28.98,29.03,18.85,29.12,29.16,29.21,30.18,31.16,32.14,33.13,34.11,35.1,36.1,37.1,38.09,39.1,40.11,41.12,42.12,43.14,44.16,45.18,46.19,47.22,48.25,49.28,50.3,51.32,52.35,53.4,54.43,55.46,56.51,57.55,58.6,58.5,58.3,58,57.4,54,56,55.6,55.8,56.5,57.6,58.9,59.9,60.5,60.9,61.3,62,62.8,63.6,64,64.2,64.5,65.1,65.9,66.7,67.3,67.8,68.1,68.4,68.6,68.9,69.2,69.6,70.1,70.5,70.9,71.2,71.2,71.6,71.7,71.7,71.6,71.3,71.1,71,71,71.2,71.4,71.5,71.7,71.8,72.1,72.1,72.4,72.6,72.9,73.3,73.5,73.6,73.8,73.8,73.7,73.6,73.5,73.9,74.2,74.3,74.4,74.5,74.5,74.2,74.1,74.9,75.1,75.31,75.42,75.63,75.73,75.84,76.05,76.15,76.37,76.47,76.58,76.79,76.89,77,77.21,77.32,77.53,77.63,77.84,77.95,78.05,78.26,78.37,78.58,78.69,78.9,79,79.11,79.32,79.42,79.53,79.74,79.85,80.06,80.16,80.27,80.48,80.58,80.8,80.9,81.01,81.22,81.32,81.53,81.64,81.75,81.96,82.06,82.17,82.38,82.48,82.69,82.8,82.91,83.12,83.22,83.43,83.54,83.64,83.85,83.96,84.17,84.28,84.38,84.59,84.7,84.8,85.01,85.12,85.23,85.44,85.54,85.65,85.86,85.96,86.07,86.18,86.39
ven,Venezuela,32.2,32.2,32.2,32.2,32.2,32.2,32.2,32.2,32.2,32.2,32.2,32.2,32.2,32.2,32.2,32.2,32.2,32.2,32.2,32.2,32.2,32.2,32.2,32.2,32.2,32.2,32.2,32.2,32.2,32.2,32.2,32.2,32.2,32.2,32.2,32.2,32.2,32.2,32.2,32.2,32.2,32.2,32.2,32.2,32.2,32.2,32.2,32.2,32.2,32.2,32.2,32.23,32.26,32.28,32.31,32.34,32.37,32.39,32.42,32.45,32.48,32.5,32.53,32.56,32.59,32.62,32.64,32.67,32.7,32.73,32.75,32.78,32.81,32.84,32.86,32.89,32.92,32.95,32.97,33,33.03,33.06,33.09,33.11,33.14,33.17,33.2,33.22,33.25,33.28,33.31,33.33,33.36,33.39,33.42,33.45,33.47,33.5,33.53,33.56,33.58,33.61,33.64,33.67,33.69,33.72,33.75,33.78,33.81,33.83,33.86,33.89,33.92,33.94,33.97,34,34.03,34.05,30.84,34.11,34.14,34.17,34.19,34.22,34.25,34.28,34.3,34.51,34.72,34.93,35.14,35.35,35.56,35.77,35.98,36.19,36.41,37.72,39.05,40.37,41.69,43.05,44.81,46.57,48.34,50.11,51.89,53.66,55.44,57.21,59,59.3,59.7,60.2,60.5,60.8,61.1,61.7,62.4,63.4,64.3,65,65.2,65.4,65.4,65.6,65.7,65.8,65.8,65.8,65.9,66,66,66.2,66.5,67,67.5,68.1,68.6,68.9,69.1,69.3,69.7,70.2,70.6,70.9,71.2,71.4,71.5,71.6,71.7,71.8,71.8,71.9,71.9,72.2,72.6,73,73.4,69.2,73.6,73.5,73.6,73.5,73.9,74.3,74.4,74.4,74.3,74.4,74.6,74.7,74.8,74.7,74.3,73.8,73.2,72.9,72.7,72.4,71.8,70.9,71.6,71.8,72,72.1,72.3,72.49,72.59,72.79,72.99,73.09,73.29,73.48,73.58,73.78,73.88,74.08,74.28,74.37,74.57,74.67,74.87,75.07,75.17,75.37,75.56,75.66,75.86,76.06,76.16,76.36,76.45,76.65,76.75,76.95,77.15,77.25,77.44,77.54,77.74,77.84,78.04,78.24,78.34,78.53,78.63,78.83,78.93,79.13,79.23,79.43,79.52,79.72,79.82,80.02,80.12,80.32,80.42,80.52,80.71,80.81,81.01,81.11,81.31,81.41,81.51,81.7,81.8,81.9,82.1,82.2,82.3,82.5,82.59,82.69,82.89,82.99,83.09,83.19,83.39
vnm,Vietnam,32,32,32,32,32,32,32,32,32,32,32,32,32,32,32,32,32,32,32,32,32,32,32,32,32,32,32,32,32,32,32,32,32,32,32,32,32,32,32,32,32,32,32,32,32,32,32,32,32,32,32,32,31.99,31.99,31.98,31.98,31.97,31.97,31.97,31.96,31.96,31.95,31.95,31.95,31.94,31.94,31.93,31.93,31.92,31.92,31.92,31.91,31.91,31.9,31.9,31.89,31.89,31.89,31.88,31.88,31.87,31.87,31.87,31.86,31.86,31.85,31.85,31.84,31.84,31.84,31.83,31.83,31.82,31.82,31.81,31.81,31.81,31.8,31.8,31.79,31.79,31.78,31.78,31.78,31.77,31.77,31.76,31.76,31.76,31.75,31.75,31.74,31.74,31.73,31.73,31.73,31.72,31.72,20.33,31.71,31.7,31.7,31.7,31.69,31.69,31.68,31.68,31.68,31.67,31.67,31.66,31.83,31.98,32.14,32.31,32.46,32.63,33.96,35.28,36.61,35.57,34.65,34.03,32.52,26.56,16.66,35.39,41.28,46.18,49.11,50.9,50.7,51,51.5,52,54.8,55.2,55.7,56.1,56.6,57,57.3,56.9,55.4,56.2,55.8,56.2,56.5,52.6,54.8,55,55.7,52.2,55.4,55.2,61.4,63.8,64.2,64.7,65,65.4,65.9,66.4,66.8,67.3,67.8,68.2,68.5,68.7,68.9,69.2,69.5,69.8,70.1,70.5,70.9,71.2,71.5,71.9,72.3,72.7,72.9,73,73.2,73.4,73.5,73.7,73.8,73.9,74,74.2,74.4,74.6,74.7,74.9,75.1,75.2,75.4,75.6,75.7,75.9,75.1,75.7,76.1,76.2,76.41,76.51,76.71,76.92,77.02,77.22,77.32,77.53,77.73,77.83,78.04,78.14,78.34,78.55,78.65,78.85,79.06,79.16,79.36,79.47,79.67,79.87,79.98,80.18,80.38,80.49,80.69,80.79,81,81.2,81.3,81.51,81.61,81.81,81.91,82.12,82.22,82.42,82.63,82.73,82.93,83.04,83.14,83.34,83.44,83.65,83.75,83.95,84.06,84.26,84.36,84.57,84.67,84.77,84.97,85.08,85.28,85.38,85.48,85.69,85.79,85.89,86.1,86.2,86.3,86.51,86.61,86.71,86.91,87.02,87.12,87.22,87.42,87.53,87.73,87.83
vut,Vanuatu,24.3,24.3,24.3,24.3,24.3,24.3,24.3,24.3,24.3,24.3,24.3,24.3,24.3,24.3,24.3,24.3,24.3,24.3,24.3,24.3,24.3,24.3,24.3,24.3,24.3,24.3,24.3,24.3,24.3,24.3,24.3,24.3,24.3,24.3,24.3,24.3,24.3,24.3,24.3,24.3,24.3,24.3,24.3,24.3,24.3,24.3,24.3,24.3,24.3,24.3,24.3,24.37,24.45,24.52,24.6,24.67,24.75,24.82,24.9,24.97,25.05,25.12,25.2,25.27,25.35,25.42,25.5,25.57,25.65,25.72,25.8,25.87,25.95,26.02,26.1,26.17,26.25,26.32,26.4,26.47,26.55,26.62,26.69,26.77,26.84,26.92,26.99,27.07,27.14,27.22,27.29,27.37,27.44,27.52,27.59,27.67,27.74,27.82,27.89,27.97,28.04,28.12,28.19,28.27,28.34,28.42,28.49,28.57,28.64,28.72,28.79,28.87,28.94,29.02,29.09,29.16,29.24,29.31,29.39,29.46,29.54,29.61,29.69,29.76,29.84,29.91,29.99,30.06,30.14,30.21,30.29,30.36,30.44,30.51,30.59,31.96,33.34,34.72,36.11,37.51,38.92,40.3,41.67,43.07,44.48,45.87,47.29,48.7,50.12,51.56,53,50.7,53.6,53.9,54.1,54.4,54.8,55.1,55.4,55.7,56,56.3,56.7,57,57.4,57.7,58,58.4,58.7,59,59.4,59.7,59.9,60.3,60.8,61.2,61.6,62,62.4,62.8,63.2,63.6,64.1,64.5,65,65.3,65.8,65.3,66.2,66.2,66.5,66.4,66.4,66.4,66.4,66.7,66.7,66.9,67.1,66.7,67.8,67.8,68.5,69.2,69.3,69,69,69,69,69.3,69.4,69.3,69.4,69.4,69.3,69.4,69.6,69.7,69.9,70.1,69.8,69.1,70,70.3,70.5,70.59,70.79,70.99,71.18,71.28,71.48,71.68,71.77,71.97,72.07,72.27,72.46,72.56,72.76,72.86,73.05,73.15,73.35,73.45,73.64,73.84,73.94,74.13,74.23,74.43,74.53,74.72,74.82,75.02,75.12,75.31,75.51,75.61,75.81,75.9,76.1,76.2,76.4,76.49,76.69,76.79,76.99,77.08,77.28,77.38,77.58,77.67,77.87,77.97,78.17,78.26,78.36,78.56,78.66,78.85,78.95,79.05,79.25,79.35,79.54,79.64,79.74,79.94,80.03,80.13,80.33,80.43,80.53,80.72,80.82,81.02,81.12,81.21,81.31,81.51,81.61
wsm,Samoa,25.4,25.4,25.4,25.4,25.4,25.4,25.4,25.4,25.4,25.4,25.4,25.4,25.4,25.4,25.4,25.4,25.4,25.4,25.4,25.4,25.4,25.4,25.4,25.4,25.4,25.4,25.4,25.4,25.4,25.4,25.4,25.4,25.4,25.4,25.4,25.4,25.4,25.4,25.4,25.4,25.4,25.4,25.4,25.4,25.4,25.4,25.4,25.4,25.4,25.4,25.4,25.48,25.55,25.63,25.71,25.79,25.86,25.94,26.02,26.09,26.17,26.25,26.32,26.4,26.48,26.56,26.63,26.71,26.79,26.86,26.94,27.02,27.09,27.17,27.25,27.33,27.4,27.48,27.56,27.63,27.71,27.79,27.87,27.94,28.02,28.1,28.17,28.25,28.33,28.4,28.48,28.56,28.64,28.71,28.79,28.87,28.94,29.02,29.1,29.17,29.25,29.33,29.41,29.48,29.56,29.64,29.71,29.79,29.87,29.95,30.02,30.1,30.18,30.25,30.33,30.41,30.48,30.56,1.21,30.72,30.79,30.87,30.95,31.02,31.1,31.18,31.25,31.33,31.41,31.49,31.56,31.64,31.72,31.79,31.87,33.48,35.1,36.72,38.35,39.99,41.64,43.4,45.16,46.95,48.73,50.52,52.32,54.14,55.95,57.77,59.6,59.9,60.2,60.6,60.9,61.2,61.5,61.8,62.1,62.4,62.7,63,63.4,63.7,60,64.3,64.4,64.9,65.2,65.5,65.8,66.2,66.5,66.9,67.2,67.4,67.7,68,68.3,68.6,68.9,69.2,69.5,69.8,70.1,70.5,70.7,71,71.2,71.3,71.3,71.3,71.6,71.6,71.6,71.7,71.7,71.7,71.7,71.7,71.7,71.8,71.9,71.9,72,72,72.2,72.4,72.5,70.6,72.7,72.8,72.7,72.9,72.9,73,73,73.1,73.2,72,72.5,71.1,72.5,72.6,72.7,72.8,73.01,73.11,73.21,73.41,73.51,73.61,73.71,73.92,74.02,74.12,74.22,74.42,74.52,74.63,74.83,74.93,75.03,75.23,75.33,75.44,75.64,75.74,75.84,76.04,76.14,76.25,76.35,76.55,76.65,76.85,76.95,77.06,77.26,77.36,77.46,77.66,77.76,77.87,77.97,78.17,78.27,78.37,78.57,78.68,78.78,78.88,79.08,79.18,79.28,79.49,79.59,79.69,79.89,79.99,80.09,80.19,80.4,80.5,80.6,80.8,80.9,81,81.11,81.31,81.41,81.51,81.71,81.81,81.92,82.12,82.22,82.32,82.42,82.62,82.73
yem,Yemen,23.39,23.39,23.39,23.39,23.39,23.39,23.39,23.39,23.39,23.39,23.39,23.39,23.39,23.39,23.39,23.39,23.39,23.39,23.39,23.39,23.39,23.39,23.39,23.39,23.39,23.39,23.39,23.39,23.39,23.39,23.39,23.39,23.39,23.39,23.39,23.39,23.39,23.39,23.39,23.39,23.39,23.39,23.39,23.39,23.39,23.39,23.39,23.39,23.39,23.39,23.39,23.57,23.75,23.93,24.11,24.29,24.47,24.65,24.83,25.01,25.19,25.37,25.55,25.73,25.91,26.09,26.27,26.45,26.63,26.81,26.99,27.17,27.35,27.53,27.71,27.89,28.07,28.25,28.43,28.61,28.79,28.97,29.15,29.33,29.51,29.69,29.87,30.05,30.23,30.41,30.59,30.77,30.95,31.13,31.31,31.49,31.67,31.85,32.03,32.21,32.39,32.57,32.75,32.93,33.11,33.29,33.47,33.65,33.83,34.01,34.19,34.37,34.55,34.73,34.91,35.09,35.27,35.45,29.54,35.81,35.99,36.17,36.35,36.53,36.71,36.89,37.07,37.25,37.43,37.61,37.79,37.97,38.15,38.33,38.51,38.69,38.87,39.05,39.23,39.41,39.59,39.78,39.98,40.2,40.39,40.59,40.79,41,41.2,41.4,41.6,42.2,42.4,42.8,43.2,43.5,43.8,44.1,44.4,44.7,44.9,45.1,43.5,43.7,43.9,44.3,44.6,45.1,45.6,46.1,46.7,48.9,49.5,50.2,50.8,51.5,52.2,52.8,53.3,54,54.5,55.2,55.4,56.5,57,57.5,55.8,58.5,58.9,59.3,59.7,60.2,60.7,61.2,61.4,62.2,62.8,63.4,64,64.5,65,65.6,66.1,66.6,66.9,67.3,67.7,68,68.3,68.6,69.2,69.2,69.4,69.8,70,69.6,69.2,69.2,68.2,68.8,67.9,68.6,71,71.7,71.8,72.01,72.11,72.32,72.42,72.63,72.73,72.84,72.94,73.15,73.25,73.36,73.46,73.67,73.77,73.87,73.98,74.08,74.29,74.39,74.49,74.6,74.8,74.91,75.01,75.11,75.22,75.42,75.53,75.63,75.74,75.94,76.05,76.15,76.25,76.36,76.46,76.56,76.77,76.87,76.98,77.08,77.18,77.39,77.49,77.6,77.7,77.91,78.01,78.11,78.22,78.43,78.53,78.63,78.74,78.94,79.05,79.15,79.25,79.36,79.56,79.67,79.77,79.98,80.08,80.18,80.29,80.49,80.6,80.7,80.8,81.01,81.12,81.22,81.32,81.43,81.63
zaf,South Africa,33.5,33.5,33.5,33.5,33.5,33.5,33.5,33.5,33.5,33.5,33.5,33.5,33.5,33.5,33.5,33.5,33.5,33.5,33.5,33.5,33.5,33.5,33.5,33.5,33.5,33.5,33.5,33.5,33.5,33.5,33.5,33.5,33.5,33.5,33.5,33.5,33.5,33.5,33.5,33.5,33.5,33.5,33.5,33.5,33.5,33.5,33.5,33.5,33.5,33.5,33.5,33.56,33.62,33.69,33.75,33.81,33.87,33.93,34,34.06,34.12,34.18,34.25,34.31,34.37,34.43,34.49,34.56,34.62,34.68,34.74,34.8,34.87,34.93,34.99,35.05,35.11,35.18,35.24,35.3,35.36,35.43,35.49,35.55,35.61,35.67,35.74,35.8,35.86,35.92,35.98,36.05,36.11,36.17,36.23,36.29,36.36,36.42,36.48,36.54,36.61,36.67,36.73,36.79,36.85,36.92,36.98,37.04,37.1,37.16,37.23,37.29,37.35,37.41,37.47,37.54,37.6,37.66,12.47,37.79,37.85,37.91,37.97,38.03,38.1,38.16,38.22,38.28,38.34,38.41,38.47,39.11,39.74,40.4,41.04,41.68,42.33,42.99,43.64,44.29,44.95,45.61,46.27,46.92,47.58,48.26,48.92,49.59,50.25,50.92,51.6,52.1,52.4,52.7,53.1,53.4,53.8,54.1,54.4,54.7,55,55.4,55.7,56.1,56.4,56.7,56.9,57.2,57.5,57.7,58,58.3,58.6,58.9,59.1,59.4,59.8,60.1,60.5,61,61.5,62.1,62.7,63.3,64.1,64.7,65.3,66.1,66.8,67.3,67.7,68,68,67.4,66.3,65.6,63.8,62.4,60.8,59.9,59,57.7,56.4,55.2,54.7,54.4,54.4,54.9,55.8,56.9,58.2,59.7,61,61.9,62.5,63.1,63.7,64.5,65.1,65.9,64.4,61.6,65.7,66.5,66.7,66.9,67.1,67.2,67.41,67.61,67.71,67.91,68.01,68.21,68.41,68.51,68.71,68.81,69.02,69.12,69.32,69.42,69.62,69.72,69.92,70.02,70.22,70.32,70.52,70.62,70.73,70.93,71.03,71.23,71.33,71.43,71.63,71.73,71.93,72.03,72.13,72.34,72.44,72.64,72.74,72.84,73.04,73.14,73.34,73.44,73.54,73.74,73.84,74.05,74.15,74.25,74.45,74.55,74.75,74.85,74.95,75.15,75.25,75.35,75.55,75.66,75.86,75.96,76.16,76.26,76.36,76.56,76.66,76.76,76.96,77.06,77.26,77.37,77.57,77.67,77.77
zmb,Zambia,32.6,32.6,32.6,32.6,32.6,32.6,32.6,32.6,32.6,32.6,32.6,32.6,32.6,32.6,32.6,32.6,32.6,32.6,32.6,32.6,32.6,32.6,32.6,32.6,32.6,32.6,32.6,32.6,32.6,32.6,32.6,32.6,32.6,32.6,32.6,32.6,32.6,32.6,32.6,32.6,32.6,32.6,32.6,32.6,32.6,32.6,32.6,32.6,32.6,32.6,32.6,32.6,32.61,32.61,32.62,32.62,32.63,32.63,32.63,32.64,32.64,32.65,32.65,32.65,32.66,32.66,32.67,32.67,32.68,32.68,32.68,32.69,32.69,32.7,32.7,32.7,32.71,32.71,32.72,32.72,32.73,32.73,32.73,32.74,32.74,32.75,32.75,32.75,32.76,32.76,32.77,32.77,32.78,32.78,32.78,32.79,32.79,32.8,32.8,32.81,32.81,32.81,32.82,32.82,32.83,32.83,32.83,32.84,32.84,32.85,32.85,32.86,32.86,32.86,32.87,32.87,32.88,32.88,12.72,32.89,32.89,32.9,32.9,32.91,32.91,32.91,32.92,32.92,32.93,32.93,32.93,32.94,32.94,32.95,32.95,32.96,32.96,32.96,32.97,32.97,32.98,33.14,33.31,33.47,33.64,33.82,35.73,37.64,39.56,41.48,43.4,43.3,43.1,43.1,43,42.8,42.7,42.6,42.6,42.5,42.6,42.6,42.8,42.9,43.2,43.6,44.1,44.6,45.2,45.8,46.5,47.1,47.8,48.5,49.1,49.7,50.3,50.8,51.2,51.6,51.9,52.2,52.2,52.3,52.2,52,51.8,51.2,50.8,50,48.8,47.7,46.5,45.7,44.8,43.9,43.2,42.9,42.8,42.8,43.1,42.8,43.7,45.2,47.2,48.5,49.8,51.8,53.6,54.7,55.4,55.9,56.7,57.5,58.1,58.6,59.1,59.5,59.8,60.2,59.2,56.3,60.9,61.5,61.69,61.87,62.06,62.24,62.33,62.52,62.61,62.8,62.98,63.08,63.26,63.36,63.54,63.63,63.82,63.91,64.1,64.19,64.28,64.47,64.56,64.75,64.84,65.02,65.12,65.21,65.4,65.49,65.67,65.77,65.86,66.05,66.14,66.32,66.42,66.6,66.69,66.79,66.97,67.07,67.16,67.34,67.44,67.53,67.71,67.81,67.9,68.09,68.18,68.36,68.46,68.55,68.74,68.83,68.92,69.11,69.2,69.29,69.48,69.57,69.66,69.85,69.94,70.13,70.22,70.4,70.5,70.59,70.78,70.87,70.96,71.15,71.24,71.33,71.52,71.61,71.7
zwe,Zimbabwe,33.7,33.7,33.7,33.7,33.7,33.7,33.7,33.7,33.7,33.7,33.7,33.7,33.7,33.7,33.7,33.7,33.7,33.7,33.7,33.7,33.7,33.7,33.7,33.7,33.7,33.7,33.7,33.7,33.7,33.7,33.7,33.7,33.7,33.7,33.7,33.7,33.7,33.7,33.7,33.7,33.7,33.7,33.7,33.7,33.7,33.7,33.7,33.7,33.7,33.7,33.7,33.73,33.75,33.78,33.8,33.83,33.85,33.88,33.9,33.93,33.95,33.98,34,34.03,34.05,34.08,34.11,34.13,34.16,34.18,34.21,34.23,34.26,34.28,34.31,34.33,34.36,34.38,34.41,34.43,34.46,34.48,34.51,34.54,34.56,34.59,34.61,34.64,34.66,34.69,34.71,34.74,34.76,34.79,34.81,34.84,34.86,34.89,34.92,34.94,34.97,34.99,35.02,35.04,35.07,35.09,35.12,35.14,35.17,35.19,35.22,35.24,35.27,35.29,35.32,35.35,35.37,35.4,17.9,35.45,35.47,35.5,35.52,35.55,35.57,35.6,35.62,35.65,35.67,35.7,35.73,35.75,35.78,35.8,35.83,35.85,35.88,35.9,35.93,35.95,35.98,37.58,39.18,40.79,42.41,44.01,45.62,47.24,48.85,50.47,52.1,52.3,52.5,52.8,53,53.2,53.5,53.8,54.1,54.3,54.6,54.9,55.2,55.5,55.7,55.9,56.2,56.4,56.6,57,57.3,57.7,58.2,58.4,58.9,59.3,59.2,59.1,57.7,58.4,61.8,62.5,63.2,63.9,64.6,65.3,65.9,66.2,66.2,65.7,64.8,63.4,61.4,59.4,57,54.7,52.5,50.7,49,47.7,46.7,46.4,46.2,45.9,46.5,47.7,49.2,51.4,52.2,53.9,56.7,58.2,59.3,60.4,61.5,62.1,62.6,63.3,63.9,64.3,63.5,59.5,64.9,66.3,66.62,66.83,67.14,67.46,67.78,67.99,68.31,68.62,68.83,69.04,69.36,69.57,69.89,70.1,70.31,70.52,70.73,71.05,71.26,71.47,71.68,71.9,72.11,72.32,72.53,72.74,72.95,73.16,73.37,73.48,73.69,73.9,74.11,74.22,74.43,74.64,74.75,74.96,75.17,75.27,75.48,75.7,75.8,76.01,76.22,76.33,76.54,76.65,76.86,76.96,77.17,77.39,77.49,77.7,77.81,78.02,78.12,78.34,78.44,78.65,78.86,78.97,79.18,79.29,79.5,79.6,79.81,79.92,80.13,80.34,80.45,80.66,80.76,80.97,81.19,81.29,81.5
